curb_weight_kg,engine_displacement_cc,horsepower_hp,aerodynamic_cd,frontal_area_m2,rolling_crr,cylinders,gear_count,uninformative_noise,fuel_consumption_l_100km
1559.3,2182.0,159.1,0.272,2.07,0.0086,4,6,63.08,15.52
1419.6,2001.0,150.7,0.293,2.2,0.0085,4,6,54.86,14.74
1592.5,1673.0,119.2,0.302,2.2,0.0072,4,6,62.36,14.59
1785.1,1404.0,103.6,0.348,2.27,0.0087,4,5,47.54,15.9
1398.5,1915.0,126.6,0.321,1.99,0.0097,4,8,68.03,13.95
1398.5,1800.0,138.9,0.283,2.29,0.0077,4,6,50.13,14.62
1797.4,1990.0,151.3,0.32,1.85,0.01,4,6,50.87,16.09
1618.8,1891.0,135.6,0.279,2.11,0.0095,4,6,46.02,15.63
1346.7,2049.0,162.3,0.332,2.13,0.0083,4,6,60.27,15.49
1569.4,1447.0,119.3,0.301,2.29,0.0089,4,7,43.68,14.3
1348.0,2151.0,147.4,0.308,2.2,0.0106,4,8,64.65,14.98
1347.5,1725.0,123.5,0.337,1.99,0.0097,4,6,33.02,14.12
1503.2,2439.0,177.6,0.284,2.05,0.009,6,7,33.52,15.67
1029.1,1388.0,96.1,0.282,2.23,0.0088,4,6,60.31,12.06
1070.5,2310.0,183.8,0.298,2.19,0.0091,4,5,48.67,15.18
1326.3,1725.0,129.2,0.331,2.11,0.0085,4,7,43.19,13.89
1227.2,1402.0,103.9,0.28,2.13,0.0069,4,6,63.35,11.86
1519.1,1466.0,91.4,0.26,2.3,0.011,4,7,40.89,13.22
1250.2,1528.0,122.5,0.301,2.12,0.0092,4,7,47.0,12.99
1139.3,1811.0,125.3,0.321,2.19,0.0094,4,6,70.99,14.25
1772.4,1849.0,141.1,0.334,2.53,0.0089,4,8,73.09,16.5
1400.3,1432.0,111.6,0.301,1.99,0.0083,4,7,73.59,12.67
1464.9,1641.0,138.3,0.302,1.92,0.0088,4,6,45.77,13.91
1136.6,2464.0,174.2,0.333,2.32,0.0074,6,6,68.46,15.58
1330.2,2306.0,145.1,0.273,2.1,0.0113,4,6,35.77,14.7
1474.4,1816.0,139.8,0.302,2.15,0.0078,4,8,36.4,13.96
1196.8,1664.0,144.5,0.314,2.08,0.008,4,7,14.74,13.08
1532.7,1696.0,141.3,0.319,2.16,0.0086,4,5,75.09,15.44
1317.9,1883.0,145.2,0.3,2.44,0.0103,4,6,37.04,15.26
1385.8,1261.0,90.9,0.311,2.32,0.009,4,6,48.1,13.39
1317.6,1552.0,126.0,0.26,2.33,0.0078,4,5,36.35,13.53
1857.5,1016.0,67.5,0.297,1.99,0.0103,3,5,60.43,14.24
1447.0,1802.0,141.7,0.319,2.03,0.0097,4,6,44.37,15.21
1217.3,1896.0,149.1,0.29,1.85,0.0095,4,6,30.43,12.85
1631.0,1466.0,122.0,0.311,2.08,0.0097,4,6,56.62,14.75
1181.4,2248.0,198.5,0.319,2.34,0.0114,4,6,28.49,16.33
1495.9,1184.0,93.9,0.303,2.28,0.0112,3,5,37.44,14.14
1018.9,1094.0,78.0,0.313,2.17,0.0083,3,7,18.4,10.98
1157.8,1735.0,131.6,0.291,2.2,0.0106,4,6,28.64,13.62
1493.3,2048.0,137.9,0.306,2.1,0.0094,4,6,52.68,15.31
1612.5,2290.0,167.1,0.322,2.23,0.0095,4,6,20.53,16.5
1487.7,1476.0,108.1,0.313,2.31,0.0073,4,6,27.78,14.08
1424.6,2060.0,151.3,0.298,1.96,0.0088,4,5,49.96,14.84
1383.8,1635.0,125.8,0.314,2.24,0.0082,4,5,41.85,14.73
1124.7,1584.0,112.2,0.324,2.34,0.0098,4,5,79.88,14.29
1291.6,1986.0,162.1,0.269,2.14,0.0101,4,7,77.51,14.22
1348.7,1898.0,144.2,0.333,2.31,0.0069,4,7,36.98,14.91
1682.6,1051.0,79.8,0.303,2.62,0.009,3,7,58.36,14.45
1525.6,2211.0,164.8,0.319,2.18,0.0101,4,7,61.24,16.5
1062.1,2174.0,166.8,0.334,2.26,0.0088,4,7,41.04,15.21
1521.3,1412.0,115.6,0.283,2.09,0.0097,4,6,27.57,13.57
1365.3,1800.0,128.2,0.296,2.23,0.0094,4,6,49.82,14.35
1301.1,1838.0,133.1,0.304,2.27,0.0093,4,5,47.41,14.89
1584.6,1749.0,129.9,0.294,2.23,0.0087,4,6,43.46,14.71
1676.8,1441.0,96.0,0.345,2.05,0.0078,4,7,56.63,14.33
1654.9,1395.0,97.8,0.293,2.23,0.0079,4,6,38.74,14.29
1265.4,1640.0,119.9,0.299,2.42,0.0097,4,6,32.72,14.4
1382.0,2096.0,168.0,0.314,2.27,0.009,4,6,51.64,15.8
1522.9,1857.0,143.7,0.286,2.34,0.0089,4,6,55.79,15.33
1664.6,1509.0,116.6,0.302,2.16,0.0086,4,7,32.35,14.17
1344.6,1943.0,156.2,0.316,2.31,0.0087,4,7,63.92,15.34
1409.2,998.0,74.5,0.303,2.24,0.01,3,6,23.44,12.7
1206.6,2087.0,162.5,0.308,2.06,0.0087,4,7,41.33,14.14
1186.8,998.0,74.8,0.299,2.25,0.0077,3,6,46.13,11.52
1628.8,1512.0,117.6,0.28,2.05,0.0097,4,7,40.46,13.73
1748.4,1225.0,87.2,0.316,2.11,0.0088,3,6,41.52,14.1
1434.2,1158.0,65.0,0.345,2.23,0.009,3,6,78.07,13.76
1670.8,2091.0,157.6,0.31,2.24,0.0106,4,6,37.24,16.5
1529.6,1472.0,126.1,0.315,2.02,0.009,4,7,86.62,14.25
1308.1,1782.0,144.7,0.324,2.36,0.0093,4,8,56.56,15.02
1529.5,1632.0,133.7,0.285,2.29,0.0078,4,5,51.38,14.55
1788.4,1831.0,151.5,0.344,2.09,0.0088,4,5,57.14,16.5
1442.1,1679.0,128.5,0.314,1.97,0.0096,4,8,87.95,13.43
1794.2,1162.0,90.3,0.343,2.18,0.0074,3,6,35.1,14.71
920.0,2029.0,148.0,0.295,2.13,0.0092,4,6,33.19,13.74
1630.8,1462.0,108.0,0.346,2.22,0.0091,4,6,38.68,15.27
1469.2,1058.0,86.6,0.326,2.15,0.009,3,5,50.48,13.59
1384.2,1487.0,125.1,0.321,1.9,0.01,4,7,24.11,13.4
1470.2,2220.0,167.3,0.315,2.14,0.0093,4,7,50.34,15.59
1012.7,1973.0,145.5,0.305,2.15,0.0105,4,6,75.4,13.59
1401.7,1518.0,115.3,0.334,2.3,0.008,4,6,52.27,14.29
1528.6,1517.0,121.3,0.313,2.1,0.0091,4,7,45.61,13.83
1775.1,1528.0,101.7,0.271,2.45,0.0091,4,5,40.73,14.6
1336.0,2439.0,162.4,0.288,1.91,0.0079,6,7,63.48,14.66
1272.1,1795.0,130.9,0.306,2.4,0.01,4,6,37.61,15.3
1339.6,1813.0,125.6,0.316,2.17,0.0113,4,6,77.7,14.79
1651.4,2042.0,150.1,0.309,2.33,0.009,4,8,79.0,15.64
1522.3,1741.0,130.8,0.334,2.21,0.0095,4,7,53.85,15.12
1333.5,1552.0,113.4,0.271,2.37,0.0091,4,6,49.83,13.38
1562.9,1575.0,134.3,0.313,2.14,0.0083,4,7,65.46,14.19
1471.4,1623.0,126.6,0.274,2.04,0.0072,4,6,66.42,13.55
1663.1,1636.0,127.3,0.325,2.41,0.0083,4,6,37.91,16.25
1295.5,1926.0,152.6,0.308,2.18,0.0076,4,8,42.1,13.73
1377.9,1670.0,115.5,0.318,2.23,0.0107,4,7,30.16,14.55
1363.7,1928.0,156.9,0.293,2.39,0.0089,4,6,56.14,15.62
1128.0,1619.0,122.3,0.336,2.05,0.0087,4,6,60.0,13.79
1515.1,1680.0,134.4,0.331,2.29,0.0099,4,5,29.75,16.5
1507.4,998.0,65.1,0.322,2.11,0.0079,3,5,43.17,12.74
1451.1,1998.0,136.3,0.307,2.18,0.0082,4,6,29.79,15.82
1398.4,1782.0,143.6,0.322,2.21,0.0091,4,7,36.52,14.69
1138.6,2029.0,158.0,0.296,1.97,0.01,4,6,58.27,13.7
1357.5,998.0,66.8,0.327,2.08,0.0095,3,7,39.0,12.2
1374.6,2444.0,177.0,0.343,2.4,0.0092,6,5,45.49,16.5
1273.5,1597.0,132.6,0.331,2.33,0.0091,4,6,25.59,14.77
1414.5,2071.0,145.5,0.295,2.19,0.0094,4,6,52.8,14.85
1538.9,1255.0,111.8,0.317,2.24,0.0092,4,6,49.34,14.17
1865.0,1883.0,134.1,0.284,2.16,0.008,4,5,39.07,16.43
1488.4,1250.0,101.4,0.321,2.4,0.009,3,8,47.16,13.84
1506.7,1413.0,104.1,0.319,2.17,0.0079,4,6,52.7,14.05
1433.6,2377.0,186.7,0.273,2.23,0.0091,4,8,37.78,15.5
1027.9,1578.0,114.5,0.287,2.37,0.0085,4,6,27.86,13.02
1444.2,1733.0,130.1,0.304,2.08,0.0115,4,8,77.08,13.66
1463.3,1981.0,150.9,0.304,2.43,0.009,4,6,40.5,16.11
1991.9,1838.0,129.7,0.286,1.97,0.0076,4,8,48.55,15.06
1407.7,1707.0,137.2,0.318,2.44,0.0089,4,5,65.16,15.72
1516.3,1789.0,130.8,0.315,2.14,0.0095,4,7,102.94,15.08
1442.4,2563.0,192.5,0.306,2.16,0.0107,6,8,31.33,16.15
1192.9,1628.0,113.8,0.295,1.92,0.0084,4,5,56.75,12.46
1701.4,1726.0,105.6,0.331,2.13,0.0074,4,5,39.39,15.12
1615.4,2049.0,153.8,0.343,2.04,0.0098,4,6,41.92,16.3
1624.0,2070.0,181.5,0.3,2.11,0.0076,4,8,39.2,15.79
1249.9,2101.0,167.5,0.298,2.18,0.0086,4,6,33.12,14.81
1758.6,1893.0,143.7,0.32,2.34,0.0087,4,6,49.38,16.47
1141.6,1216.0,89.8,0.303,2.23,0.0089,3,5,27.88,12.35
1579.1,2271.0,172.8,0.307,2.25,0.0097,4,5,64.2,16.5
1931.9,1214.0,97.8,0.325,2.04,0.0083,3,7,50.83,14.3
1232.1,1765.0,122.3,0.272,2.07,0.0087,4,5,56.34,13.31
1325.4,1363.0,114.8,0.336,2.47,0.009,4,6,43.01,14.39
1471.9,1626.0,130.7,0.311,2.09,0.0091,4,8,44.49,14.12
1339.2,1775.0,142.1,0.302,2.45,0.0091,4,6,54.31,15.04
1108.9,1772.0,139.1,0.308,2.16,0.0094,4,7,32.54,13.4
1465.1,1810.0,137.8,0.309,2.2,0.0098,4,5,44.63,15.33
1216.3,2263.0,178.7,0.275,2.36,0.0094,4,6,37.11,15.45
1554.2,1822.0,144.4,0.34,2.39,0.0095,4,5,36.64,16.5
1247.7,1557.0,114.8,0.311,2.18,0.0074,4,7,18.35,13.13
1791.0,2016.0,147.5,0.319,2.14,0.0091,4,6,70.09,16.5
1277.7,2102.0,160.8,0.329,2.19,0.0095,4,6,39.7,15.5
1379.1,1184.0,105.4,0.29,2.25,0.0097,3,6,67.45,13.19
1629.0,1877.0,130.3,0.319,2.33,0.0083,4,5,66.03,16.27
1179.2,1916.0,131.0,0.305,2.2,0.0083,4,7,30.71,13.69
1500.0,1537.0,118.5,0.327,2.29,0.0084,4,6,33.67,14.85
1737.6,2173.0,165.6,0.267,2.45,0.0095,4,7,88.41,16.41
1096.4,1593.0,122.8,0.308,2.26,0.01,4,5,76.26,13.51
1490.6,1698.0,131.5,0.298,2.25,0.0086,4,7,49.53,14.53
1507.2,1584.0,118.2,0.319,1.97,0.0099,4,5,53.86,14.81
1622.0,1656.0,140.7,0.319,1.85,0.0091,4,6,40.54,14.9
1177.9,1233.0,77.7,0.296,2.26,0.0089,3,6,56.49,11.82
1159.5,1103.0,75.5,0.296,2.19,0.0088,3,7,39.24,11.67
1564.8,2256.0,170.4,0.308,2.12,0.0097,4,6,19.51,16.35
1515.3,1328.0,84.5,0.292,2.24,0.0093,4,7,30.18,13.37
1505.1,1273.0,95.0,0.327,2.19,0.0113,4,7,50.32,13.74
1526.2,998.0,92.5,0.303,2.37,0.0081,3,5,33.03,13.74
1300.4,1407.0,107.2,0.26,2.21,0.0095,4,6,48.99,12.63
1501.1,1147.0,89.5,0.303,2.09,0.0085,3,5,33.88,12.82
1514.5,2274.0,160.2,0.289,2.35,0.0081,4,6,38.26,16.33
1292.8,2034.0,148.4,0.277,2.17,0.009,4,7,62.8,14.35
1860.5,1389.0,101.8,0.285,2.28,0.0091,4,7,53.71,14.66
1554.2,2506.0,187.3,0.312,2.13,0.0119,6,6,49.86,16.5
1187.9,2023.0,166.6,0.337,2.1,0.0088,4,6,63.18,14.93
1594.4,1527.0,121.6,0.316,2.21,0.0079,4,6,57.21,15.0
1235.6,998.0,65.0,0.298,2.2,0.0093,3,5,71.7,11.44
1623.2,2521.0,194.0,0.319,2.27,0.0069,6,7,43.1,16.5
1704.9,1122.0,90.3,0.301,2.16,0.0089,3,6,43.56,14.16
1269.4,1025.0,89.3,0.296,1.92,0.009,3,7,30.48,11.08
1661.9,2039.0,170.7,0.287,2.14,0.0098,4,6,43.57,15.56
1540.8,2577.0,185.7,0.275,2.32,0.01,6,6,64.47,16.5
1630.9,2176.0,157.3,0.302,2.16,0.0085,4,6,69.5,15.83
1867.3,1864.0,129.1,0.313,2.16,0.0088,4,5,64.4,16.5
1396.0,1876.0,140.2,0.308,2.35,0.0082,4,6,23.09,15.29
1284.2,1974.0,154.7,0.302,2.09,0.0079,4,7,66.25,13.83
1254.3,1938.0,157.2,0.291,1.97,0.0093,4,7,22.42,13.9
1270.5,1757.0,132.8,0.322,2.18,0.0077,4,6,63.47,14.4
1433.0,1690.0,125.2,0.284,2.13,0.0086,4,6,44.48,14.1
1525.1,1626.0,125.1,0.326,2.06,0.008,4,5,60.54,14.81
1510.9,1363.0,95.3,0.29,2.17,0.0095,4,7,30.01,12.89
1632.0,1543.0,138.2,0.295,2.27,0.0108,4,5,67.57,15.79
1452.9,1007.0,65.0,0.281,2.2,0.0077,3,8,28.03,11.35
1769.8,1613.0,124.4,0.3,2.25,0.0071,4,6,39.97,14.94
1391.8,1274.0,117.1,0.33,2.47,0.0089,4,6,35.03,14.97
2048.4,1231.0,93.6,0.32,2.15,0.009,3,8,23.69,15.52
1587.6,1718.0,128.7,0.33,2.24,0.0092,4,5,51.42,15.95
1261.4,2179.0,162.0,0.32,2.12,0.0086,4,6,77.09,15.75
1214.4,1999.0,150.1,0.288,2.07,0.0088,4,6,90.0,13.94
1556.1,1053.0,93.8,0.303,2.11,0.0094,3,6,51.46,13.07
1400.8,1274.0,74.7,0.294,2.13,0.01,4,6,66.75,12.6
1607.1,2007.0,167.9,0.337,2.25,0.007,4,7,53.48,16.5
1554.1,1277.0,82.8,0.286,2.55,0.0086,4,7,57.48,13.6
1434.0,1565.0,116.2,0.328,2.09,0.0092,4,5,44.87,14.75
1263.7,1859.0,137.0,0.328,2.14,0.0081,4,8,52.93,13.75
1116.7,1282.0,103.3,0.347,2.19,0.0107,4,5,58.06,13.45
1351.8,1690.0,112.5,0.302,2.26,0.0084,4,6,41.32,14.3
1638.4,1143.0,91.5,0.324,2.24,0.009,3,6,48.84,14.14
1497.1,1421.0,128.3,0.356,2.39,0.0096,4,5,49.12,15.96
1175.9,1772.0,121.0,0.298,1.85,0.0084,4,5,62.4,13.16
1488.1,1045.0,81.3,0.279,1.85,0.0072,3,8,34.01,11.32
1534.8,1817.0,131.5,0.272,2.13,0.0086,4,6,49.23,14.48
1255.6,1643.0,129.1,0.324,2.36,0.01,4,5,78.68,14.83
1483.8,1860.0,141.5,0.272,1.97,0.0087,4,5,67.46,14.14
1462.8,1735.0,125.5,0.303,1.85,0.0082,4,7,70.24,13.38
1198.5,2168.0,169.7,0.319,2.29,0.0099,4,7,50.37,15.42
1528.7,1698.0,147.1,0.314,2.24,0.0087,4,6,54.81,15.04
1573.4,1487.0,111.1,0.319,2.04,0.0085,4,5,65.03,14.63
1688.3,1696.0,136.1,0.314,2.05,0.0091,4,6,73.4,15.33
1681.8,1856.0,128.2,0.336,2.05,0.0098,4,5,20.73,15.76
1146.9,1669.0,117.2,0.291,2.22,0.0114,4,5,30.27,13.45
1243.7,1665.0,131.3,0.296,2.11,0.0098,4,6,69.64,13.42
1563.3,1383.0,120.0,0.295,2.27,0.0102,4,6,45.85,14.41
1563.0,1398.0,109.8,0.327,1.85,0.0085,4,6,39.92,14.07
1563.3,1117.0,81.8,0.328,2.07,0.008,3,6,31.19,13.37
2297.6,2315.0,175.9,0.319,2.03,0.0091,4,8,41.67,16.5
1575.6,1177.0,77.0,0.334,2.16,0.0091,3,8,28.96,13.38
1699.8,1387.0,111.4,0.286,2.12,0.0079,4,6,81.37,13.94
1659.9,1377.0,113.5,0.343,2.32,0.0088,4,6,49.66,15.64
1593.3,1990.0,146.7,0.34,1.92,0.0094,4,6,49.13,15.88
1380.6,1538.0,112.2,0.325,2.21,0.0094,4,6,58.82,14.57
1617.0,2124.0,164.1,0.346,2.28,0.0095,4,7,64.44,16.5
1280.0,1394.0,101.6,0.277,2.48,0.0093,4,6,64.19,13.68
1397.9,1756.0,132.8,0.3,2.13,0.0085,4,7,66.1,14.16
1343.2,1333.0,122.3,0.295,2.25,0.0085,4,8,40.54,12.61
1468.0,2465.0,184.9,0.324,1.93,0.0078,6,6,45.53,16.5
1959.2,1199.0,87.5,0.289,1.85,0.0108,3,6,61.54,14.15
1039.2,1768.0,127.9,0.325,2.33,0.009,4,5,42.09,14.03
1601.0,1891.0,151.1,0.337,2.2,0.0088,4,6,49.92,16.5
1095.2,1807.0,135.5,0.324,2.38,0.0081,4,6,55.98,14.83
1346.2,1580.0,113.6,0.316,1.99,0.0119,4,6,61.78,13.82
1689.6,1601.0,134.9,0.29,2.28,0.0079,4,7,23.33,14.7
1464.1,1667.0,140.9,0.293,2.48,0.0086,4,5,60.72,15.36
1212.9,1594.0,115.2,0.335,2.26,0.0094,4,6,46.49,14.34
1292.6,2016.0,134.6,0.326,2.24,0.0096,4,6,60.61,15.54
1599.5,2490.0,199.3,0.309,2.2,0.01,6,7,61.65,16.5
1289.3,1438.0,102.5,0.302,1.96,0.0108,4,6,74.12,12.83
1497.6,1129.0,93.7,0.269,2.4,0.0095,3,7,70.3,13.27
1460.0,1616.0,103.1,0.289,2.11,0.0079,4,6,70.2,13.44
1306.6,2630.0,208.8,0.348,2.28,0.0087,6,6,71.66,16.5
1921.7,1345.0,90.1,0.284,1.97,0.0093,4,5,54.37,14.46
1589.5,2273.0,180.0,0.314,2.02,0.0111,4,6,50.48,16.5
1004.5,2288.0,174.0,0.33,2.42,0.0076,4,7,63.09,15.18
1491.0,1440.0,99.9,0.285,2.15,0.0102,4,6,60.98,13.56
1304.4,1866.0,137.8,0.314,2.42,0.0092,4,7,45.36,14.84
1637.5,2269.0,179.3,0.329,2.19,0.0098,4,6,56.07,16.5
1275.6,1506.0,115.5,0.31,1.92,0.0089,4,5,49.47,12.94
1424.8,1573.0,125.4,0.367,2.33,0.0082,4,5,37.19,15.75
1561.1,1429.0,128.4,0.277,2.11,0.0098,4,6,69.36,14.39
1640.5,1264.0,80.5,0.331,2.3,0.0097,4,7,50.83,14.68
1185.9,1403.0,122.8,0.307,2.2,0.01,4,7,80.73,12.33
1376.4,1185.0,91.1,0.325,1.97,0.009,3,6,25.62,12.55
1345.5,1663.0,117.4,0.319,2.22,0.0084,4,6,41.65,13.8
1306.3,1357.0,89.9,0.295,2.53,0.0074,4,6,50.49,13.19
1838.4,1739.0,130.3,0.315,2.27,0.0098,4,6,67.06,15.71
1539.1,1059.0,89.7,0.273,2.19,0.0094,3,6,55.99,12.69
1172.6,1776.0,133.7,0.322,2.36,0.008,4,5,54.66,14.42
1651.9,1967.0,164.6,0.316,2.23,0.0085,4,5,33.09,16.5
1916.9,998.0,65.0,0.323,2.23,0.0085,3,5,32.65,14.41
1677.1,1792.0,136.1,0.331,2.04,0.0075,4,5,54.84,15.78
1115.7,2117.0,148.3,0.317,2.24,0.0082,4,5,29.54,14.79
1343.5,1190.0,94.1,0.313,2.36,0.0079,3,6,42.02,13.66
1728.7,2286.0,182.6,0.292,2.07,0.0086,4,6,57.51,16.5
1294.3,1809.0,133.3,0.296,2.41,0.0083,4,8,35.27,14.19
1547.6,1382.0,79.0,0.334,2.19,0.0074,4,5,74.08,14.24
1620.4,1629.0,125.8,0.339,2.07,0.011,4,6,68.36,15.99
1246.1,1862.0,145.9,0.305,2.35,0.0103,4,6,26.43,14.51
1436.9,1679.0,131.6,0.311,2.16,0.0082,4,5,36.01,14.37
920.0,1855.0,153.3,0.292,2.31,0.0093,4,7,15.71,13.07
1224.6,1300.0,88.1,0.333,2.16,0.0094,4,5,38.26,13.87
1394.4,1714.0,137.1,0.323,2.19,0.0102,4,8,61.5,14.35
1175.5,1113.0,96.5,0.349,2.27,0.0082,3,7,43.79,12.76
1809.1,1608.0,104.4,0.292,2.24,0.0101,4,6,56.91,15.03
1135.4,1307.0,102.5,0.302,1.9,0.0085,4,6,27.16,11.84
1353.2,1370.0,99.1,0.315,2.03,0.0077,4,7,61.97,12.83
1478.8,2120.0,160.3,0.323,2.34,0.0097,4,6,41.67,16.5
1767.1,2065.0,160.4,0.306,2.18,0.0103,4,6,50.18,16.5
1134.1,1881.0,138.1,0.293,2.12,0.0116,4,5,48.61,13.92
1705.9,1235.0,87.1,0.328,2.0,0.0078,3,5,30.93,13.81
1452.3,1530.0,116.6,0.324,2.04,0.0097,4,6,32.7,14.16
1234.1,2111.0,149.6,0.292,1.9,0.0086,4,6,64.52,13.53
1551.7,1704.0,118.6,0.337,2.18,0.0098,4,7,55.98,14.88
1493.8,2531.0,199.2,0.333,2.11,0.0075,6,5,65.75,16.5
1318.0,1799.0,125.3,0.313,2.06,0.0077,4,7,54.87,13.47
1465.4,1723.0,137.6,0.312,2.19,0.0082,4,6,52.14,14.65
1365.2,1533.0,121.1,0.321,2.25,0.0091,4,6,24.11,14.45
1475.0,1701.0,112.0,0.293,2.51,0.0084,4,6,45.94,14.95
1595.7,1592.0,114.2,0.311,1.97,0.0097,4,6,49.59,14.25
1798.9,1919.0,157.8,0.267,2.37,0.01,4,5,79.3,16.5
1177.7,2014.0,143.2,0.328,2.35,0.0096,4,6,60.3,14.99
1919.3,1351.0,98.1,0.279,2.08,0.0106,4,7,73.04,14.43
1020.5,1144.0,91.6,0.34,2.23,0.0094,3,6,58.96,12.44
1416.6,998.0,83.7,0.303,2.13,0.0078,3,6,39.33,11.94
1579.4,1843.0,137.6,0.306,2.23,0.0104,4,7,51.76,15.61
1511.8,1231.0,87.6,0.297,2.43,0.0084,3,7,53.54,13.3
1313.0,998.0,90.1,0.304,2.29,0.0099,3,6,35.91,12.72
1404.2,1798.0,154.0,0.338,2.28,0.0106,4,6,44.23,16.19
1341.5,2597.0,207.2,0.26,2.14,0.0095,6,7,46.91,15.82
1320.3,1648.0,126.1,0.336,1.98,0.0075,4,6,74.08,13.77
1636.9,1969.0,141.5,0.317,2.17,0.0081,4,6,18.79,15.8
1528.5,1681.0,119.5,0.286,2.38,0.0103,4,6,68.09,15.19
1297.6,1612.0,127.8,0.288,1.97,0.0088,4,7,35.95,12.91
1647.9,1999.0,156.1,0.344,2.04,0.0091,4,5,29.42,16.5
1517.6,1540.0,131.0,0.291,2.22,0.0098,4,8,67.7,13.68
1628.8,1752.0,139.6,0.287,2.05,0.0097,4,5,60.98,14.6
1588.5,1772.0,119.7,0.333,2.08,0.0093,4,7,68.82,15.06
1267.6,1396.0,116.6,0.317,2.14,0.0088,4,6,62.01,13.25
1326.8,2027.0,144.1,0.291,2.0,0.0087,4,6,80.9,14.43
1614.4,1584.0,116.5,0.314,2.05,0.0099,4,7,58.38,14.51
1584.3,1363.0,106.1,0.289,2.31,0.0096,4,6,47.65,14.54
1445.4,1854.0,160.9,0.332,2.0,0.0087,4,6,55.14,14.98
1475.8,1309.0,130.6,0.331,1.96,0.0101,4,5,68.65,14.51
1731.1,1661.0,132.3,0.321,2.11,0.0089,4,5,38.31,15.7
1319.9,1647.0,123.3,0.317,2.31,0.0081,4,6,40.22,14.56
1570.4,2063.0,162.1,0.345,2.17,0.0082,4,7,45.37,15.96
1405.5,1830.0,148.0,0.31,2.13,0.008,4,5,18.43,15.03
1402.1,1640.0,121.5,0.286,2.21,0.0087,4,5,52.07,13.65
1691.7,1961.0,167.0,0.319,1.94,0.0102,4,6,21.71,16.0
1631.6,2178.0,167.8,0.352,2.27,0.0082,4,6,50.8,16.5
1629.0,1862.0,146.5,0.29,2.26,0.0092,4,7,62.98,15.19
1737.2,1654.0,132.4,0.303,2.14,0.0083,4,5,42.85,15.29
1454.6,1152.0,91.7,0.318,2.35,0.0087,3,5,75.16,14.26
1600.0,1245.0,103.0,0.309,2.03,0.0075,3,8,28.09,12.86
1381.7,1534.0,110.4,0.29,2.37,0.0088,4,6,67.87,13.81
1521.3,1418.0,102.2,0.332,2.22,0.0088,4,7,60.13,14.27
1421.4,1579.0,109.0,0.356,2.15,0.0095,4,7,24.26,15.25
1471.3,1672.0,131.4,0.314,2.2,0.0092,4,7,90.66,14.83
1580.9,1851.0,148.5,0.292,2.18,0.0078,4,5,49.04,15.7
1270.0,1623.0,127.9,0.279,2.38,0.0101,4,7,36.84,13.71
1910.3,1835.0,156.2,0.315,2.04,0.0092,4,7,28.89,16.32
1228.7,1675.0,127.2,0.332,2.09,0.0092,4,6,46.7,13.34
1182.9,998.0,82.5,0.32,2.36,0.009,3,6,48.09,12.33
1704.8,1293.0,87.4,0.31,2.11,0.0085,4,6,51.54,13.92
1624.2,1595.0,117.4,0.298,2.34,0.0092,4,5,45.53,14.91
1587.3,1190.0,97.4,0.288,2.45,0.0095,3,6,59.5,13.84
1588.2,1878.0,151.2,0.327,2.14,0.0073,4,6,44.19,15.18
1447.3,2232.0,166.7,0.328,2.3,0.0085,4,6,20.98,16.5
1252.6,2113.0,159.9,0.279,2.03,0.0087,4,6,47.76,14.32
1466.7,1569.0,104.1,0.342,2.31,0.0093,4,6,14.49,15.4
1301.0,2216.0,164.9,0.321,2.23,0.0102,4,6,55.31,16.05
1664.5,1706.0,138.6,0.338,2.27,0.0082,4,8,35.31,15.36
1417.6,1522.0,121.4,0.283,2.1,0.0085,4,5,52.45,13.18
1268.4,1417.0,112.7,0.283,1.95,0.0085,4,6,69.71,11.76
1379.3,1535.0,117.2,0.307,2.28,0.0082,4,5,35.77,13.99
1540.8,1502.0,114.3,0.32,1.89,0.0087,4,6,65.92,13.57
1326.0,1715.0,123.7,0.346,2.15,0.0098,4,7,43.5,14.49
1269.1,1711.0,137.0,0.324,2.34,0.0079,4,8,76.3,13.85
1503.6,1651.0,129.7,0.305,2.23,0.0094,4,6,44.52,14.9
1503.9,1816.0,142.9,0.289,2.49,0.0073,4,8,37.39,14.74
1338.5,2102.0,154.5,0.335,2.35,0.0084,4,5,60.31,16.4
1346.4,2011.0,131.3,0.291,2.1,0.0087,4,6,43.46,14.56
1501.1,1086.0,93.5,0.343,2.2,0.0107,3,5,37.38,14.11
1131.4,998.0,71.1,0.304,2.19,0.0087,3,7,42.83,11.27
1140.4,2005.0,143.8,0.342,1.96,0.0068,4,6,49.33,13.96
1291.9,1131.0,92.9,0.324,2.06,0.007,3,7,70.13,11.93
1403.0,1565.0,115.0,0.307,2.12,0.009,4,7,20.99,13.78
1518.4,1205.0,102.2,0.3,1.89,0.0096,3,5,50.35,13.34
1774.6,998.0,82.0,0.303,2.21,0.0094,3,5,59.37,13.97
1638.7,1856.0,147.9,0.319,2.16,0.0092,4,7,52.9,15.59
1414.8,1938.0,133.7,0.312,1.95,0.0102,4,6,69.65,14.63
1445.8,1431.0,120.9,0.298,2.26,0.0085,4,5,48.88,14.16
1229.4,998.0,78.5,0.307,2.31,0.0099,3,6,47.23,12.5
1445.9,1442.0,105.9,0.312,2.23,0.0074,4,6,58.88,13.91
1386.5,1799.0,138.1,0.267,2.15,0.0081,4,5,51.49,14.5
1521.0,1088.0,65.0,0.319,2.29,0.0072,3,6,44.14,12.85
1268.0,1720.0,134.8,0.29,2.3,0.0087,4,5,57.74,14.25
1564.3,1644.0,114.7,0.287,2.25,0.009,4,6,40.21,14.26
1787.2,1870.0,128.6,0.276,2.08,0.0091,4,7,40.83,15.15
1426.1,1695.0,113.6,0.274,2.24,0.0091,4,8,42.08,12.89
1538.4,1280.0,108.4,0.283,2.38,0.0081,4,6,70.3,13.88
1601.8,2105.0,153.7,0.296,2.11,0.0088,4,5,1.68,15.86
1361.7,1590.0,136.2,0.349,2.51,0.0075,4,8,55.93,14.94
1499.3,1640.0,119.3,0.299,2.12,0.0104,4,6,50.51,14.04
1452.8,1295.0,81.4,0.314,2.2,0.0087,4,5,24.79,13.59
1471.5,1482.0,101.4,0.318,2.1,0.0085,4,8,54.65,13.56
1279.9,1314.0,112.2,0.313,2.23,0.0106,4,7,57.14,13.22
1455.4,1584.0,118.8,0.308,1.94,0.0078,4,7,58.84,13.4
1559.6,2300.0,169.4,0.286,2.12,0.0079,4,7,10.22,16.0
1769.3,1129.0,87.4,0.339,2.04,0.0079,3,6,70.5,14.27
1661.0,1037.0,83.8,0.346,2.22,0.0089,3,6,38.93,14.24
1923.7,2209.0,179.1,0.276,2.35,0.0094,4,7,60.3,16.5
1281.2,1570.0,133.8,0.29,2.3,0.0097,4,6,61.12,13.72
1641.9,1396.0,102.5,0.304,1.85,0.0116,4,6,36.85,13.69
1490.3,2045.0,142.2,0.291,2.51,0.0068,4,7,59.91,15.05
1931.8,1420.0,103.8,0.32,2.24,0.0096,4,7,44.22,15.88
1272.2,2344.0,180.7,0.295,2.08,0.0084,4,6,18.93,15.12
1265.3,1908.0,135.3,0.353,2.22,0.0084,4,7,67.52,15.02
1318.1,1465.0,101.7,0.334,2.23,0.0084,4,7,38.37,13.35
982.7,2470.0,191.1,0.314,2.1,0.0081,6,7,37.18,14.71
1334.3,1420.0,107.4,0.331,2.23,0.0107,4,6,43.95,13.97
1283.0,1932.0,147.2,0.332,2.11,0.0098,4,6,54.08,14.94
1483.1,1764.0,126.5,0.299,2.14,0.009,4,6,49.14,14.75
1525.2,2145.0,160.7,0.294,2.1,0.0104,4,5,58.22,16.22
1862.8,2243.0,161.3,0.312,1.99,0.0075,4,6,29.91,16.5
1659.1,1662.0,135.2,0.327,2.22,0.0077,4,6,38.86,15.18
1323.1,1364.0,114.0,0.313,2.29,0.0068,4,6,48.26,14.21
1252.3,1825.0,120.2,0.278,2.28,0.0083,4,8,78.47,13.5
1558.2,1392.0,96.5,0.294,2.32,0.0092,4,5,48.29,14.6
1159.5,2415.0,168.6,0.309,2.25,0.0091,6,7,66.28,15.06
1852.9,1702.0,122.8,0.308,2.12,0.0091,4,7,50.58,15.5
1709.5,1511.0,114.0,0.349,2.33,0.0076,4,5,42.75,16.11
1346.8,1720.0,116.2,0.282,2.0,0.0098,4,8,46.3,13.08
1073.1,1138.0,77.3,0.32,2.06,0.0092,3,6,47.47,11.65
1747.9,1281.0,87.3,0.34,2.06,0.0097,4,6,59.05,14.49
1424.8,2106.0,162.1,0.355,2.36,0.0071,4,7,70.62,16.38
1722.3,1400.0,107.1,0.302,2.34,0.0093,4,6,55.4,15.35
1099.2,1252.0,87.9,0.32,2.27,0.0078,4,7,67.81,12.5
1318.1,1854.0,142.7,0.321,2.36,0.0086,4,5,35.53,15.9
1451.2,2101.0,154.2,0.314,2.07,0.0095,4,7,43.78,15.41
1460.3,1923.0,143.4,0.308,2.25,0.0091,4,6,39.14,15.33
1351.0,2028.0,170.9,0.319,2.18,0.0081,4,6,54.72,14.62
1587.0,1362.0,116.9,0.26,2.33,0.009,4,6,44.62,13.85
1215.1,1110.0,71.3,0.324,2.18,0.0075,3,7,60.95,11.83
1418.7,2221.0,177.1,0.313,2.14,0.0102,4,7,36.03,15.87
1476.5,1527.0,124.2,0.306,2.28,0.0088,4,6,50.65,14.51
1563.2,1555.0,106.7,0.351,2.33,0.0101,4,6,60.3,15.46
1606.6,2155.0,171.9,0.297,2.1,0.0085,4,6,19.02,16.15
1202.6,1861.0,156.8,0.302,2.19,0.0085,4,7,81.82,14.08
1112.5,1823.0,127.3,0.35,2.04,0.0082,4,6,45.75,14.04
1731.1,2473.0,178.8,0.293,1.85,0.0099,6,7,19.62,16.5
1523.1,1405.0,117.0,0.299,2.23,0.0083,4,7,52.37,13.92
1285.3,2003.0,154.9,0.307,2.29,0.0096,4,6,50.5,15.11
1791.3,1672.0,132.6,0.327,2.24,0.0086,4,6,48.77,16.21
1475.4,1752.0,136.6,0.314,1.91,0.007,4,6,64.87,14.06
1709.4,2231.0,173.4,0.284,2.15,0.0084,4,7,61.21,16.16
1464.9,1843.0,126.8,0.299,1.87,0.0078,4,6,54.47,14.06
1903.4,1855.0,151.4,0.298,2.41,0.009,4,6,56.75,16.5
1836.2,2058.0,168.1,0.308,2.04,0.0078,4,7,48.43,16.5
1395.2,1511.0,112.6,0.319,2.39,0.0099,4,6,76.63,15.26
1663.7,1331.0,100.7,0.318,2.34,0.0089,4,6,27.81,14.95
1592.0,1253.0,79.9,0.274,2.06,0.0088,4,6,52.09,11.85
1751.1,998.0,81.0,0.331,2.03,0.0097,3,5,50.98,14.48
1237.7,2431.0,190.5,0.315,2.25,0.01,6,7,62.2,15.91
1600.9,1231.0,92.9,0.338,2.07,0.009,3,5,37.34,14.15
1682.9,1566.0,130.3,0.319,2.22,0.0082,4,6,23.84,15.27
1063.1,1545.0,114.1,0.332,2.13,0.0072,4,7,52.35,12.46
1189.7,1767.0,139.9,0.319,1.93,0.0083,4,6,54.22,13.56
1001.4,1960.0,138.8,0.337,1.87,0.0084,4,8,72.34,12.23
1390.7,1977.0,150.0,0.32,2.23,0.0091,4,8,30.94,14.68
1607.9,1428.0,106.8,0.308,2.12,0.0087,4,6,67.32,14.27
1780.5,1586.0,122.8,0.355,2.12,0.0097,4,5,85.51,16.5
1466.3,1757.0,129.9,0.328,2.3,0.0084,4,7,44.33,15.25
1808.3,1555.0,116.9,0.321,2.38,0.0089,4,6,30.64,15.99
1146.4,2261.0,180.1,0.284,2.16,0.0102,4,5,43.9,14.86
1075.3,1837.0,135.2,0.284,2.15,0.0093,4,7,50.21,12.73
1437.8,1929.0,130.6,0.316,2.28,0.0089,4,5,58.46,15.7
1534.5,1902.0,162.0,0.313,2.0,0.0084,4,7,41.13,15.28
1442.8,2096.0,173.1,0.298,2.23,0.0084,4,5,73.33,15.44
995.2,1719.0,117.7,0.313,2.28,0.0081,4,5,33.28,13.37
1430.4,1157.0,94.8,0.342,2.3,0.0085,3,5,23.91,13.96
1163.0,1802.0,131.9,0.324,1.91,0.0098,4,8,66.6,12.49
1597.3,1402.0,109.2,0.287,2.09,0.0088,4,7,15.88,13.67
1530.7,1449.0,113.1,0.308,2.07,0.0077,4,7,46.94,13.64
1243.2,1873.0,140.0,0.294,2.21,0.0108,4,6,96.77,14.46
1336.9,2121.0,153.3,0.302,2.27,0.0093,4,6,49.82,15.64
1217.0,1658.0,119.1,0.302,2.42,0.0076,4,6,33.19,13.78
1436.2,1767.0,125.2,0.3,2.13,0.0086,4,6,49.14,14.19
1660.1,2297.0,166.2,0.285,2.13,0.0091,4,6,49.24,16.5
1233.1,1741.0,131.7,0.307,2.37,0.0107,4,6,52.41,14.55
1560.9,2639.0,193.4,0.299,2.24,0.0079,6,6,59.93,16.5
1333.3,1865.0,148.6,0.26,2.39,0.01,4,8,34.41,13.86
1275.6,998.0,90.7,0.351,2.24,0.0104,3,5,75.31,13.19
1426.5,1936.0,141.4,0.332,2.03,0.0084,4,8,53.68,13.94
1222.2,1795.0,138.8,0.302,2.0,0.0087,4,5,60.9,13.64
1328.2,2140.0,167.6,0.31,1.97,0.008,4,6,40.58,15.06
1186.5,1906.0,149.6,0.287,2.3,0.0088,4,6,69.3,14.35
1882.2,1597.0,122.2,0.344,2.38,0.009,4,6,46.14,16.5
1457.8,1185.0,97.5,0.348,2.48,0.0097,3,6,54.16,14.71
1296.1,1571.0,124.2,0.313,2.33,0.0101,4,6,36.0,14.76
1497.1,1327.0,88.5,0.33,2.37,0.0083,4,6,35.05,14.19
1425.3,1429.0,117.3,0.314,2.11,0.007,4,7,60.32,13.34
1401.4,1874.0,151.3,0.283,2.03,0.009,4,7,43.35,13.91
1585.1,2285.0,166.0,0.302,2.33,0.0093,4,7,37.19,16.5
1616.7,1800.0,137.2,0.313,2.26,0.0092,4,6,40.35,16.11
1333.3,1196.0,97.7,0.301,2.22,0.0087,3,6,60.48,12.64
1323.3,1819.0,136.1,0.306,2.26,0.0091,4,6,40.56,14.28
1389.5,2105.0,170.7,0.308,2.25,0.0105,4,6,48.24,15.97
943.6,1418.0,131.4,0.308,2.39,0.0094,4,6,50.23,12.83
1116.7,1599.0,113.7,0.311,2.39,0.0086,4,6,21.24,14.46
1750.7,1656.0,112.0,0.289,2.28,0.0085,4,5,27.93,15.64
1811.9,1352.0,105.8,0.296,2.33,0.0088,4,6,55.04,14.96
1395.2,1896.0,151.3,0.284,2.28,0.0106,4,5,38.94,15.03
1576.8,1604.0,119.6,0.33,2.13,0.0088,4,7,65.85,14.23
1518.5,1809.0,152.0,0.268,2.31,0.009,4,7,64.5,14.34
2127.4,1313.0,86.4,0.333,1.99,0.0085,4,8,60.79,15.09
1696.3,1484.0,119.7,0.338,2.36,0.0101,4,7,77.3,16.18
1421.9,1925.0,140.2,0.304,2.02,0.011,4,5,48.75,15.36
1239.8,1508.0,131.8,0.26,2.24,0.0095,4,7,59.73,12.65
1096.6,2306.0,195.2,0.303,2.07,0.0091,4,7,41.23,14.53
1494.8,1498.0,106.2,0.309,2.28,0.009,4,6,86.79,14.45
1283.6,1735.0,126.4,0.29,2.19,0.0066,4,6,79.75,13.33
1137.1,2004.0,160.9,0.3,1.96,0.0097,4,8,50.18,13.7
1307.8,1111.0,80.6,0.341,2.26,0.0091,3,6,55.8,13.23
1212.1,998.0,75.4,0.323,2.11,0.0094,3,8,70.39,11.42
1821.2,1070.0,81.6,0.292,2.33,0.0083,3,5,47.79,13.9
1644.0,2130.0,142.7,0.278,2.2,0.0086,4,5,40.15,15.9
1448.2,1440.0,109.3,0.303,2.26,0.0086,4,6,63.11,14.16
1775.6,2622.0,192.4,0.306,2.06,0.01,6,6,51.18,16.5
1467.0,1436.0,104.2,0.32,2.11,0.0086,4,7,52.74,13.4
1260.5,1720.0,145.2,0.299,2.13,0.0111,4,8,37.49,13.77
1785.1,2236.0,157.4,0.32,2.33,0.0094,4,6,24.23,16.5
1568.6,2412.0,191.5,0.349,2.45,0.0077,6,5,53.54,16.5
1221.8,2433.0,182.1,0.326,2.08,0.0089,6,7,63.57,15.38
1408.1,2109.0,157.5,0.309,2.36,0.0083,4,6,46.61,15.82
1257.4,2039.0,162.9,0.306,1.87,0.0068,4,5,71.55,13.87
1145.8,1875.0,145.9,0.303,2.02,0.0106,4,6,39.44,13.84
1653.8,1946.0,153.6,0.334,2.06,0.0097,4,7,34.18,16.5
1870.1,1441.0,119.2,0.297,2.0,0.0095,4,7,48.99,14.82
1142.3,1339.0,98.5,0.311,1.96,0.0092,4,6,48.76,11.8
1573.9,1649.0,119.2,0.311,2.26,0.0076,4,6,61.55,15.19
1306.9,1585.0,109.6,0.3,2.17,0.0085,4,8,38.38,12.78
1342.8,1478.0,104.1,0.283,2.26,0.0098,4,7,70.52,13.4
1319.7,1915.0,175.0,0.316,2.3,0.0079,4,6,79.5,15.62
1259.9,2013.0,165.4,0.309,2.24,0.0065,4,6,49.41,14.05
1460.7,1684.0,114.4,0.32,2.3,0.0088,4,7,68.75,14.39
1267.2,2211.0,154.8,0.299,2.19,0.0089,4,6,34.15,15.27
1509.5,1216.0,97.2,0.334,2.02,0.0091,3,5,66.13,13.92
1438.9,1576.0,125.3,0.292,2.36,0.0097,4,6,65.71,14.27
1397.4,1378.0,110.2,0.344,2.11,0.0096,4,6,62.95,13.97
1250.3,998.0,73.3,0.275,2.06,0.0093,3,6,49.77,10.65
1323.1,1619.0,121.8,0.319,2.17,0.0102,4,5,5.69,14.49
1616.2,1604.0,125.2,0.32,2.06,0.0075,4,7,40.37,14.94
1560.2,2225.0,170.0,0.294,2.14,0.0095,4,6,40.61,16.32
1234.9,1890.0,121.4,0.318,2.25,0.0096,4,5,35.33,15.36
1471.9,1261.0,93.5,0.336,2.25,0.0078,4,5,51.83,14.49
1615.3,2355.0,170.4,0.266,2.07,0.0075,4,8,43.72,15.35
1082.7,2114.0,162.4,0.32,2.13,0.0083,4,7,37.63,14.65
1569.5,1871.0,172.1,0.26,2.36,0.0083,4,6,34.12,15.38
1304.2,1564.0,122.5,0.291,2.27,0.0098,4,7,39.27,13.44
1575.5,1285.0,94.6,0.343,2.51,0.0084,4,6,66.82,15.6
1282.1,1509.0,123.9,0.298,2.38,0.0081,4,8,40.08,13.61
1052.9,2064.0,161.7,0.287,2.37,0.0084,4,6,42.28,14.12
1091.9,2366.0,184.0,0.306,1.99,0.0101,4,7,43.15,14.36
1460.6,2236.0,176.0,0.351,2.31,0.009,4,5,55.08,16.5
1507.1,1464.0,131.8,0.273,2.19,0.0088,4,6,56.84,13.99
1251.1,1225.0,81.8,0.289,2.12,0.0089,3,8,4.33,11.61
1590.5,1704.0,134.2,0.34,2.23,0.0103,4,6,65.32,15.65
1084.5,998.0,66.6,0.347,2.34,0.0083,3,6,71.55,12.85
1435.5,1773.0,140.3,0.308,2.28,0.0103,4,5,34.25,15.32
1183.6,1594.0,112.0,0.285,2.07,0.0092,4,7,35.42,12.27
1306.6,1473.0,107.8,0.352,2.31,0.0088,4,6,43.25,14.34
1460.4,1044.0,76.4,0.342,2.1,0.0115,3,6,38.66,14.18
1260.7,1845.0,150.0,0.324,2.23,0.0079,4,8,53.36,14.23
1365.4,1448.0,119.2,0.294,2.15,0.0086,4,5,20.8,13.43
1671.4,1205.0,79.2,0.309,2.17,0.0078,3,6,33.23,13.93
1323.1,998.0,76.4,0.307,2.31,0.01,3,8,73.09,12.31
1633.9,1640.0,117.5,0.317,2.04,0.0107,4,6,36.08,14.94
1201.5,2323.0,164.0,0.339,2.49,0.0107,4,6,68.65,16.5
1566.6,2281.0,171.2,0.328,1.93,0.0102,4,6,55.33,16.16
1767.1,1476.0,109.1,0.288,2.11,0.0088,4,7,22.86,14.12
920.0,1421.0,132.3,0.338,2.26,0.0086,4,5,59.53,12.74
1274.7,1828.0,143.3,0.316,2.29,0.0073,4,8,48.23,13.71
1577.0,1271.0,82.8,0.324,2.18,0.011,4,7,43.17,14.42
1405.3,1765.0,128.5,0.339,2.19,0.0095,4,5,53.67,15.88
1531.7,1941.0,157.7,0.288,2.26,0.0085,4,7,57.12,15.16
1317.1,2116.0,181.7,0.309,2.17,0.0103,4,6,60.61,16.07
1469.0,1612.0,106.6,0.299,2.41,0.008,4,6,67.67,14.48
1415.8,1573.0,100.7,0.279,2.33,0.0094,4,7,56.12,13.42
1706.9,1316.0,118.8,0.317,2.33,0.0088,4,8,29.37,14.66
1506.0,1336.0,105.4,0.36,2.06,0.0096,4,5,42.9,14.74
1524.3,1564.0,110.2,0.273,2.19,0.0089,4,6,94.15,13.71
1359.4,1790.0,141.4,0.309,2.15,0.0075,4,6,60.87,14.65
1342.7,1997.0,125.4,0.323,2.05,0.0091,4,6,85.54,14.67
1354.8,1345.0,102.2,0.312,2.25,0.01,4,6,70.93,13.87
1536.8,2217.0,171.8,0.308,2.12,0.009,4,5,53.63,16.5
1357.4,1547.0,126.8,0.284,2.3,0.0098,4,7,54.52,13.72
1513.8,1642.0,114.6,0.315,2.04,0.008,4,6,49.45,13.92
1906.6,1366.0,104.7,0.295,2.46,0.009,4,5,23.93,15.67
1641.6,998.0,66.6,0.266,2.07,0.0084,3,7,50.27,11.93
1378.3,1986.0,153.5,0.334,2.23,0.0097,4,7,68.16,15.52
1714.3,1930.0,137.7,0.329,2.32,0.009,4,6,41.01,16.5
1360.2,1543.0,113.2,0.311,2.11,0.0097,4,6,56.18,13.77
1001.6,1675.0,117.4,0.315,2.33,0.0101,4,6,62.77,14.11
1228.2,1846.0,146.8,0.331,2.02,0.0097,4,6,36.35,14.01
1038.4,1056.0,88.9,0.314,2.42,0.0093,3,6,43.23,11.77
1372.7,1449.0,107.8,0.328,2.2,0.008,4,7,34.73,13.71
1454.1,1952.0,148.7,0.304,2.11,0.009,4,5,37.67,15.23
1818.8,1173.0,74.7,0.336,2.16,0.0085,3,5,30.69,15.01
1521.9,1762.0,130.9,0.316,2.32,0.0087,4,5,36.49,15.88
1401.8,1134.0,85.7,0.314,2.11,0.0086,3,5,71.29,13.37
1632.5,1827.0,165.1,0.285,2.09,0.008,4,5,36.27,15.04
963.6,1636.0,113.3,0.316,2.17,0.007,4,8,51.9,11.75
1501.8,1036.0,93.4,0.293,2.02,0.0083,3,6,42.46,12.54
1619.6,2093.0,169.0,0.297,2.47,0.0092,4,5,67.68,16.5
1124.7,1371.0,107.0,0.294,2.12,0.0077,4,6,69.67,12.57
1701.6,1342.0,119.6,0.289,2.32,0.009,4,8,62.96,14.39
1524.5,1726.0,134.9,0.352,2.23,0.0109,4,6,54.59,16.13
1358.6,2086.0,162.5,0.337,2.05,0.01,4,6,46.53,15.43
1589.2,1264.0,95.5,0.348,2.2,0.0106,4,7,32.12,14.44
1949.6,1673.0,139.4,0.286,2.32,0.0094,4,6,79.15,16.23
1490.0,1813.0,148.7,0.311,2.17,0.0102,4,6,38.6,15.51
1504.6,1913.0,139.2,0.284,2.38,0.0083,4,6,59.95,15.3
1348.9,1717.0,117.3,0.296,2.35,0.0084,4,6,65.89,13.92
1263.0,1511.0,112.8,0.292,2.34,0.0063,4,6,41.67,13.05
1632.7,1336.0,93.5,0.335,2.13,0.0102,4,7,65.57,14.57
1261.7,1683.0,127.3,0.302,2.04,0.0105,4,6,61.46,13.69
1465.7,1243.0,106.8,0.331,2.11,0.0084,3,6,75.92,13.85
1344.9,998.0,71.3,0.322,2.23,0.0087,3,5,42.96,12.99
1555.4,1816.0,137.6,0.356,2.28,0.0082,4,5,30.71,16.5
1523.4,1993.0,152.1,0.28,1.87,0.0094,4,6,42.42,14.56
1678.3,998.0,84.3,0.335,2.2,0.0101,3,8,53.13,13.6
1337.8,1266.0,73.8,0.333,2.22,0.0073,4,6,50.87,12.88
1390.6,1885.0,137.2,0.291,2.16,0.0094,4,7,44.1,14.28
1234.7,2432.0,186.9,0.33,2.39,0.0087,6,6,21.36,16.18
1352.3,1658.0,138.0,0.317,2.26,0.0091,4,5,57.06,14.9
1533.0,1373.0,99.5,0.305,2.4,0.0095,4,5,79.59,14.72
1616.5,1580.0,101.4,0.294,2.17,0.0088,4,6,56.96,13.97
1247.1,2172.0,171.3,0.296,2.34,0.0089,4,5,59.14,15.44
1641.3,1405.0,100.4,0.351,2.45,0.0088,4,5,58.59,16.37
1748.2,1346.0,90.4,0.31,2.4,0.01,4,7,55.96,15.01
1541.0,1467.0,105.2,0.326,2.04,0.0094,4,5,63.97,14.49
1862.9,1288.0,96.0,0.294,2.16,0.0092,4,6,55.93,14.71
1279.8,1697.0,122.9,0.294,2.15,0.0077,4,6,45.31,13.46
1176.2,2267.0,150.3,0.332,2.27,0.0086,4,6,38.06,15.85
1058.7,1773.0,143.7,0.283,2.3,0.0099,4,6,46.27,13.5
1779.1,1554.0,130.9,0.302,2.07,0.009,4,6,54.71,14.77
1594.0,1539.0,123.5,0.311,2.21,0.0097,4,6,45.26,15.35
1437.8,1056.0,68.9,0.312,1.9,0.0108,3,7,54.72,12.04
1511.6,1986.0,148.9,0.306,2.42,0.01,4,7,56.59,15.82
1202.4,1620.0,123.1,0.318,2.12,0.0091,4,5,62.5,13.51
1988.1,1581.0,126.2,0.324,2.21,0.0085,4,5,69.24,16.5
1478.4,2863.0,224.3,0.325,2.15,0.0064,6,7,51.17,16.5
1474.1,1764.0,126.7,0.29,2.37,0.0088,4,6,30.38,15.27
1609.7,1364.0,104.5,0.304,1.85,0.0087,4,6,44.82,13.23
1555.8,1488.0,117.7,0.334,2.2,0.0094,4,6,50.66,14.79
1499.3,2086.0,173.1,0.328,2.18,0.0088,4,5,22.46,16.5
1276.1,1693.0,135.7,0.283,2.13,0.0087,4,6,70.83,13.67
1553.7,1103.0,91.8,0.317,2.46,0.0072,3,6,52.14,14.15
1864.0,1999.0,152.8,0.27,2.07,0.0081,4,6,55.72,16.0
1746.0,1396.0,120.2,0.311,2.32,0.0095,4,6,70.48,15.42
1800.5,2362.0,183.6,0.348,2.25,0.0107,4,7,40.55,16.5
1337.5,2060.0,148.0,0.291,2.39,0.0089,4,6,58.61,15.55
1232.3,1480.0,126.5,0.293,2.1,0.0093,4,5,48.35,13.42
1422.3,2137.0,169.4,0.325,2.09,0.01,4,6,47.24,15.9
1462.3,1676.0,122.9,0.279,2.36,0.0082,4,7,38.42,14.38
1690.7,1974.0,145.2,0.297,2.26,0.0094,4,7,74.98,15.31
1077.7,1834.0,142.4,0.322,1.97,0.0083,4,6,44.37,13.8
1786.5,1328.0,105.6,0.297,2.12,0.0099,4,5,60.49,14.43
1415.2,1405.0,108.8,0.305,2.26,0.0092,4,7,21.87,13.42
1356.1,2041.0,158.3,0.325,2.33,0.0093,4,7,67.7,15.66
1227.3,1523.0,132.7,0.318,2.1,0.0082,4,5,65.78,13.66
1085.9,1497.0,124.5,0.315,1.85,0.0097,4,6,51.46,12.51
1631.1,1287.0,99.7,0.303,2.28,0.0111,4,6,46.6,14.27
1466.1,1811.0,147.0,0.317,2.02,0.008,4,7,56.0,14.47
1166.2,2434.0,174.6,0.308,1.9,0.0087,6,6,84.33,14.56
1165.1,1244.0,98.5,0.319,1.85,0.0092,3,6,23.55,11.84
1376.1,1659.0,144.2,0.3,2.32,0.0098,4,8,61.73,14.17
1817.2,2187.0,164.0,0.306,2.22,0.0084,4,7,36.33,16.5
1392.9,1620.0,114.6,0.29,2.17,0.0062,4,8,49.7,12.68
1119.3,1822.0,131.9,0.309,2.41,0.0104,4,8,46.28,13.76
1395.9,1246.0,83.8,0.294,2.3,0.0098,3,5,43.58,13.51
1390.0,1813.0,129.9,0.288,2.44,0.0073,4,6,49.84,14.88
920.0,1579.0,116.3,0.315,1.99,0.0084,4,6,32.99,11.78
1438.1,2025.0,139.8,0.314,2.19,0.0106,4,7,65.44,15.1
1399.2,2101.0,159.8,0.326,1.96,0.0104,4,6,23.09,15.55
1603.2,2634.0,209.2,0.301,2.17,0.0099,6,8,58.1,16.5
1856.8,1870.0,133.1,0.318,2.16,0.0088,4,6,45.1,16.5
1697.8,1774.0,150.0,0.321,2.29,0.0091,4,7,32.44,15.88
1390.8,1724.0,136.1,0.319,2.21,0.0089,4,5,53.04,14.59
1206.6,1516.0,125.5,0.293,2.29,0.0101,4,5,26.65,13.66
2016.1,1779.0,128.6,0.313,2.31,0.0081,4,7,50.6,16.5
1463.0,1538.0,125.4,0.317,2.52,0.0082,4,5,28.66,15.52
1453.1,1714.0,119.3,0.31,2.15,0.01,4,7,56.92,14.16
1444.7,2151.0,172.4,0.268,2.06,0.009,4,5,36.13,15.38
1493.6,1268.0,98.0,0.313,2.24,0.0104,4,7,43.24,13.64
1418.2,2083.0,163.9,0.354,2.08,0.0083,4,6,54.41,16.08
1323.8,2151.0,151.7,0.303,2.42,0.0089,4,6,38.41,15.77
1329.7,1605.0,113.0,0.295,2.16,0.0081,4,7,49.13,13.18
1442.8,998.0,81.8,0.317,2.12,0.009,3,6,27.29,12.73
1330.4,1419.0,98.4,0.316,2.13,0.0075,4,5,59.46,13.54
1293.2,2143.0,167.5,0.334,2.31,0.0085,4,5,76.47,16.13
1473.4,1641.0,111.1,0.285,2.18,0.0076,4,6,91.88,14.1
1393.9,1270.0,105.0,0.325,2.1,0.0097,4,6,51.37,13.45
1780.9,1458.0,98.5,0.322,2.45,0.0097,4,7,61.82,15.38
920.0,1969.0,155.2,0.307,2.07,0.0073,4,6,23.29,13.08
1690.1,1858.0,147.4,0.317,2.21,0.0103,4,6,72.54,16.1
1724.1,1559.0,111.5,0.331,2.3,0.0115,4,6,61.64,16.27
993.9,1511.0,120.6,0.327,1.96,0.009,4,5,42.74,13.13
1374.6,1501.0,116.7,0.287,2.27,0.0084,4,6,68.56,13.39
1368.3,1299.0,93.4,0.326,2.04,0.0118,4,8,46.18,12.98
1140.3,2264.0,162.0,0.309,2.32,0.0077,4,7,43.13,14.41
1278.9,1528.0,96.5,0.311,2.06,0.009,4,6,57.13,13.15
1205.7,2113.0,164.0,0.311,2.3,0.0092,4,6,34.05,15.08
1835.5,2228.0,153.7,0.307,2.37,0.0103,4,7,65.32,16.5
1655.8,2029.0,155.2,0.334,2.33,0.0094,4,6,34.16,16.5
1729.7,1486.0,110.3,0.308,2.24,0.0085,4,5,34.25,15.51
1608.8,1803.0,143.9,0.288,2.17,0.008,4,5,36.35,15.53
1201.6,1641.0,121.7,0.302,2.11,0.0087,4,6,61.39,13.22
1334.6,1307.0,96.0,0.314,2.42,0.008,4,8,40.75,12.9
1557.7,1773.0,142.1,0.335,2.1,0.009,4,7,29.78,15.62
1181.1,1202.0,94.7,0.322,2.04,0.0084,3,5,40.91,12.26
1606.9,2101.0,162.9,0.293,2.3,0.0075,4,5,49.52,15.85
1397.1,1473.0,116.7,0.36,2.08,0.0103,4,7,32.29,14.46
1367.5,1726.0,115.9,0.315,2.06,0.0085,4,7,32.72,13.39
1606.4,1758.0,141.1,0.336,1.98,0.0077,4,6,81.67,15.43
1547.7,1552.0,124.0,0.307,2.13,0.0088,4,6,37.09,14.34
1370.6,1873.0,132.2,0.321,2.19,0.0091,4,5,45.15,15.35
1705.1,1470.0,109.2,0.327,2.24,0.0073,4,7,44.49,15.18
1212.2,1981.0,150.2,0.334,2.34,0.0093,4,7,43.68,14.89
1585.5,1139.0,85.2,0.331,2.28,0.008,3,6,59.32,13.94
1580.5,1698.0,132.4,0.327,2.17,0.0107,4,7,64.22,15.31
1381.9,2387.0,195.7,0.304,2.17,0.0095,4,6,45.41,16.5
1521.7,1270.0,107.3,0.299,2.28,0.0086,4,5,31.45,13.94
1174.8,1392.0,92.7,0.317,2.39,0.0083,4,6,69.12,13.1
1653.3,1845.0,146.5,0.329,2.22,0.0089,4,5,48.57,16.5
1409.3,1718.0,143.9,0.306,2.13,0.0096,4,6,75.95,14.42
1335.0,1783.0,139.4,0.331,2.05,0.009,4,6,16.32,14.56
1680.8,1836.0,150.4,0.339,1.98,0.0088,4,6,52.93,15.49
1295.0,1891.0,163.9,0.292,2.3,0.0091,4,6,78.78,15.36
1140.1,2072.0,167.7,0.293,2.29,0.0084,4,6,44.7,14.22
1107.5,1806.0,139.7,0.307,2.29,0.0087,4,5,46.62,14.12
1583.3,1558.0,128.9,0.316,2.18,0.0069,4,6,54.43,14.69
1168.3,1906.0,146.3,0.3,2.41,0.01,4,6,41.62,15.19
1836.1,2372.0,180.5,0.337,2.13,0.0093,4,6,45.32,16.5
992.0,1600.0,118.1,0.318,2.34,0.0082,4,7,44.93,13.41
1823.2,1280.0,112.9,0.311,2.19,0.0109,4,7,40.59,15.17
1496.4,2071.0,149.2,0.281,2.11,0.0091,4,7,68.43,14.85
1428.7,1604.0,137.2,0.284,2.29,0.008,4,6,56.92,13.89
1330.1,998.0,80.8,0.316,2.26,0.0099,3,5,53.76,13.2
1537.8,1972.0,135.9,0.267,2.25,0.0094,4,7,62.13,14.49
1441.7,1447.0,113.6,0.33,2.21,0.0094,4,6,46.03,14.77
1692.7,1616.0,101.8,0.307,2.19,0.0086,4,6,38.39,14.68
1475.1,1776.0,141.2,0.375,2.56,0.0095,4,5,40.96,16.5
1483.1,1722.0,139.8,0.356,2.38,0.0087,4,7,50.03,15.86
1370.0,1920.0,140.0,0.306,2.31,0.0096,4,5,34.11,15.23
1437.5,1485.0,114.1,0.308,2.22,0.0071,4,8,42.5,13.47
1517.7,1845.0,159.8,0.33,2.35,0.0086,4,7,42.26,16.11
1073.8,1551.0,112.8,0.344,2.28,0.0107,4,6,81.87,14.24
1153.4,1931.0,136.1,0.277,2.2,0.0082,4,7,8.39,12.74
1613.5,1884.0,158.0,0.274,2.15,0.0084,4,6,47.31,15.37
1487.6,1295.0,118.0,0.298,2.19,0.0086,4,7,75.89,13.98
1409.5,2063.0,156.8,0.322,1.85,0.0078,4,6,51.83,14.55
1454.1,1446.0,120.0,0.32,2.23,0.0068,4,7,61.3,14.32
1526.5,1957.0,162.2,0.331,2.13,0.0088,4,6,51.5,15.9
1331.3,1790.0,128.6,0.286,2.44,0.0091,4,8,39.99,13.66
1278.8,2349.0,173.6,0.264,2.2,0.0089,4,6,16.37,14.87
1493.1,1565.0,131.3,0.327,2.02,0.0089,4,6,53.08,14.69
1234.8,1517.0,132.2,0.293,2.19,0.009,4,7,38.37,12.83
1539.8,1643.0,130.5,0.27,2.04,0.01,4,7,37.99,13.52
1075.4,1535.0,107.8,0.313,2.27,0.0088,4,6,42.52,13.17
1676.4,1954.0,168.4,0.326,2.24,0.0084,4,5,76.17,16.5
1554.0,1036.0,73.4,0.308,2.34,0.0087,3,6,86.07,13.61
1506.3,1250.0,91.6,0.301,2.08,0.0096,3,8,53.26,12.72
1666.2,1244.0,98.0,0.307,2.21,0.0104,3,7,43.03,14.2
1816.4,2011.0,168.4,0.303,2.0,0.0084,4,7,32.34,15.89
1673.2,2300.0,183.3,0.283,2.31,0.0091,4,5,57.03,16.5
1045.0,1610.0,126.5,0.296,2.28,0.0093,4,6,76.74,12.81
1168.5,1586.0,125.2,0.32,2.27,0.008,4,6,46.29,14.03
1312.5,1677.0,127.9,0.316,2.2,0.009,4,7,14.32,13.82
1455.7,2092.0,164.5,0.313,2.26,0.0075,4,5,60.05,16.43
1563.9,1298.0,73.3,0.29,2.44,0.0072,4,7,64.78,13.34
1290.3,1741.0,129.3,0.306,2.16,0.0094,4,6,26.21,14.12
1491.1,2021.0,156.0,0.266,2.22,0.0086,4,5,52.65,15.09
1283.8,1840.0,128.4,0.314,2.04,0.0092,4,6,56.77,13.75
1315.5,1722.0,134.7,0.339,2.07,0.009,4,6,48.9,14.03
1140.5,2030.0,152.3,0.281,2.21,0.008,4,6,38.14,13.59
1246.9,998.0,93.4,0.298,2.37,0.009,3,5,65.24,12.66
1152.6,1908.0,160.7,0.317,2.16,0.0078,4,5,43.95,14.59
1235.3,1401.0,101.9,0.335,2.16,0.0104,4,7,27.72,13.56
1681.8,998.0,74.3,0.301,2.14,0.0076,3,5,19.26,13.26
1241.1,1844.0,139.4,0.296,2.12,0.0088,4,6,68.91,13.64
2029.1,2172.0,160.6,0.271,2.24,0.008,4,6,59.25,16.5
1558.5,1598.0,123.4,0.312,1.98,0.0096,4,6,51.32,14.45
1490.7,2012.0,145.3,0.351,2.39,0.0087,4,7,43.4,16.5
1261.2,2263.0,160.7,0.316,2.1,0.0085,4,6,42.07,15.5
1604.1,2150.0,169.6,0.31,2.31,0.0099,4,7,33.86,16.5
1323.4,2273.0,179.1,0.316,2.01,0.009,4,6,43.53,15.65
1476.8,1932.0,138.8,0.31,2.3,0.0095,4,5,18.2,16.32
2013.2,1679.0,136.5,0.294,2.3,0.008,4,5,38.96,16.5
1428.9,1041.0,72.8,0.326,2.26,0.0076,3,6,45.34,13.19
1702.8,1556.0,120.8,0.315,2.05,0.0091,4,6,59.15,14.83
1295.3,1330.0,109.3,0.31,2.24,0.0087,4,7,49.4,12.67
1442.3,2475.0,187.8,0.29,2.02,0.0096,6,6,61.92,15.88
1839.6,1583.0,124.9,0.336,2.16,0.0089,4,6,70.24,16.13
1312.1,1697.0,123.8,0.323,2.35,0.0092,4,5,65.87,15.09
1848.7,1860.0,139.4,0.299,2.32,0.0074,4,6,57.06,16.5
1605.7,1667.0,124.6,0.33,2.2,0.0109,4,6,50.18,15.72
1326.3,2294.0,166.9,0.3,2.05,0.0088,4,6,35.29,15.5
1589.1,1413.0,105.7,0.294,2.3,0.0097,4,6,61.1,14.29
1664.0,1724.0,115.5,0.295,2.2,0.0082,4,5,75.2,15.14
1586.8,1368.0,99.0,0.275,1.85,0.0093,4,7,55.13,12.2
1104.6,1148.0,84.4,0.319,2.32,0.0077,3,7,78.76,11.79
1290.0,1418.0,105.2,0.273,2.2,0.0095,4,6,27.12,12.84
1395.5,1636.0,121.9,0.285,2.38,0.0086,4,6,32.69,14.22
1433.6,1487.0,112.4,0.268,2.04,0.009,4,8,62.83,12.6
1586.5,1387.0,110.2,0.308,1.85,0.0097,4,6,53.96,13.58
1489.1,1116.0,93.5,0.307,2.24,0.0078,3,6,69.71,13.15
1156.2,1618.0,116.5,0.303,2.24,0.0083,4,5,49.77,14.08
1533.6,1078.0,69.9,0.289,1.95,0.0095,3,6,36.98,12.19
1584.3,1939.0,136.9,0.287,2.05,0.0111,4,5,46.8,15.73
1573.2,1681.0,122.9,0.319,2.61,0.0089,4,8,27.01,15.57
1687.8,1096.0,79.8,0.299,2.15,0.0096,3,7,33.07,13.49
1633.5,1533.0,108.8,0.316,2.31,0.0089,4,7,64.59,15.11
1551.0,1364.0,90.7,0.292,2.1,0.0109,4,7,63.09,13.42
1434.6,1771.0,130.1,0.314,1.89,0.0073,4,6,55.45,13.22
1084.6,2159.0,165.9,0.336,2.17,0.0091,4,6,24.18,15.08
1544.5,998.0,81.8,0.322,2.16,0.0074,3,7,44.62,13.12
1495.7,1694.0,123.1,0.302,2.14,0.0065,4,8,31.63,13.73
1509.7,1589.0,116.6,0.315,2.18,0.0093,4,6,67.65,14.73
1169.1,1905.0,135.5,0.305,2.24,0.0091,4,8,41.24,13.18
1212.2,1731.0,131.2,0.31,2.18,0.0087,4,6,33.71,13.66
1681.7,1364.0,95.2,0.303,2.01,0.0089,4,6,50.45,13.98
1441.3,1529.0,121.9,0.307,2.27,0.0121,4,6,40.4,14.85
1599.9,1348.0,84.6,0.314,1.91,0.0087,4,6,72.26,13.63
1456.2,2059.0,152.9,0.29,1.89,0.0095,4,5,38.98,14.84
1456.5,1658.0,129.0,0.29,2.31,0.0084,4,6,29.01,14.54
1656.4,2372.0,182.1,0.282,2.28,0.0093,4,6,17.71,16.5
1336.5,1627.0,150.6,0.278,2.19,0.0088,4,6,49.54,13.53
1471.1,1381.0,108.4,0.286,1.99,0.0086,4,6,41.57,12.39
1348.3,1075.0,71.6,0.313,2.09,0.0108,3,8,28.57,12.06
1354.4,998.0,74.9,0.292,2.16,0.0102,3,6,67.84,12.2
1382.0,1048.0,65.0,0.32,1.96,0.0091,3,6,60.01,11.91
1498.9,1752.0,132.3,0.311,2.09,0.0067,4,5,49.58,14.31
1344.7,1843.0,131.8,0.271,2.3,0.0086,4,5,70.46,14.5
1726.3,1049.0,88.9,0.323,2.41,0.0117,3,7,59.94,14.77
1253.2,1990.0,145.8,0.326,2.14,0.0088,4,6,37.66,14.95
1408.9,1466.0,110.3,0.29,2.31,0.0101,4,7,34.41,14.12
1353.3,1706.0,123.3,0.318,1.91,0.0104,4,5,62.27,13.6
1768.3,2263.0,189.3,0.293,2.3,0.0092,4,6,55.95,16.5
1493.2,1991.0,148.1,0.312,2.08,0.0082,4,6,52.55,15.15
1677.0,1548.0,136.0,0.285,2.25,0.0066,4,6,37.3,15.0
1123.2,1311.0,107.8,0.274,2.16,0.0097,4,5,59.12,11.8
1508.8,998.0,80.7,0.302,2.4,0.0082,3,5,38.67,14.06
1645.7,1377.0,108.3,0.308,2.07,0.0092,4,6,48.47,14.21
1468.1,1570.0,123.2,0.302,2.29,0.0078,4,5,71.7,14.63
1684.4,1275.0,77.6,0.286,2.16,0.0087,4,8,40.09,12.95
1336.2,1600.0,118.8,0.302,2.18,0.009,4,6,26.41,13.67
1760.1,1679.0,136.1,0.315,2.17,0.0093,4,5,34.21,16.41
1955.8,1565.0,118.4,0.309,2.07,0.0079,4,5,64.91,15.62
1370.2,1403.0,92.6,0.314,2.2,0.0102,4,6,53.82,13.71
1352.0,1714.0,129.7,0.297,2.19,0.0084,4,5,48.07,14.21
1769.7,1818.0,155.2,0.333,2.24,0.0073,4,7,42.36,16.17
1797.5,1236.0,106.4,0.286,2.21,0.0089,3,8,57.28,14.46
1335.0,2186.0,165.5,0.32,2.32,0.009,4,6,37.26,16.18
1357.6,1613.0,132.1,0.334,2.34,0.0092,4,6,54.58,15.21
1388.0,1657.0,122.3,0.32,2.04,0.0104,4,5,39.03,14.79
1154.2,1919.0,128.8,0.306,2.33,0.0088,4,6,36.54,13.9
1247.9,1739.0,122.9,0.299,2.02,0.0089,4,6,40.44,13.76
1229.1,2012.0,168.6,0.331,2.29,0.0079,4,6,44.37,14.79
1281.1,1759.0,131.0,0.282,2.29,0.0098,4,6,49.27,13.82
1442.4,1417.0,105.3,0.291,1.91,0.0092,4,7,53.53,12.45
1501.5,1787.0,132.8,0.302,2.21,0.0086,4,6,-5.33,15.05
1791.1,1215.0,111.4,0.335,2.13,0.0071,3,5,37.89,15.15
1230.4,1691.0,144.8,0.318,2.09,0.0104,4,7,44.13,13.77
1666.6,1637.0,146.6,0.291,2.4,0.0078,4,6,72.58,15.52
1402.9,1571.0,117.8,0.304,2.1,0.0084,4,7,33.8,13.19
1439.1,1601.0,124.6,0.298,2.08,0.0094,4,5,52.44,13.84
1598.5,998.0,65.0,0.296,2.21,0.0078,3,7,72.43,12.69
1203.0,1441.0,124.3,0.33,2.3,0.0075,4,7,30.31,13.63
1534.1,1685.0,116.4,0.283,2.18,0.0069,4,5,55.91,14.67
1486.6,1711.0,132.2,0.342,2.37,0.0097,4,7,37.97,15.54
1558.3,1259.0,84.7,0.327,2.28,0.0085,4,6,42.43,14.35
1513.6,2131.0,156.1,0.332,1.87,0.0119,4,8,37.95,15.22
1990.2,1321.0,92.0,0.301,2.12,0.008,4,5,39.02,15.54
1309.7,2018.0,147.3,0.307,2.12,0.0081,4,6,90.83,14.86
1333.2,1812.0,132.3,0.281,2.27,0.0084,4,6,62.67,14.14
1312.9,1404.0,101.3,0.3,1.85,0.0092,4,8,66.53,11.67
1327.8,2325.0,185.0,0.32,2.58,0.0085,4,6,57.38,16.5
1309.8,1196.0,79.9,0.336,2.28,0.0096,3,8,25.91,13.05
1711.6,1999.0,154.2,0.288,2.22,0.008,4,8,55.92,15.24
1762.5,2030.0,166.5,0.303,2.38,0.0076,4,6,66.09,16.5
1324.4,1395.0,100.9,0.307,2.55,0.0072,4,7,37.2,13.61
1266.9,2179.0,158.4,0.282,2.33,0.0068,4,8,64.48,14.6
1553.7,1555.0,115.9,0.322,2.34,0.0085,4,6,60.57,15.43
1328.5,1760.0,145.5,0.296,2.22,0.0087,4,6,77.78,14.03
1589.2,1749.0,134.9,0.306,2.18,0.0084,4,6,43.73,14.83
1494.6,1599.0,116.2,0.301,2.13,0.0102,4,6,33.54,14.62
1116.5,1958.0,153.7,0.294,2.08,0.0102,4,5,44.58,13.83
1790.5,1952.0,137.3,0.31,2.1,0.0087,4,6,71.53,16.24
1845.1,998.0,82.7,0.306,2.0,0.0072,3,6,22.57,13.28
1315.2,2146.0,167.2,0.303,2.19,0.0084,4,6,18.97,15.64
1364.7,1018.0,74.3,0.295,1.95,0.0084,3,5,51.34,11.63
1512.9,2042.0,146.8,0.316,2.23,0.0083,4,7,43.36,15.84
1523.6,2078.0,149.1,0.343,2.19,0.0083,4,7,50.12,16.12
1594.9,1235.0,99.2,0.313,2.22,0.0083,3,5,64.18,14.36
1892.2,1494.0,125.8,0.33,2.12,0.0086,4,7,41.71,15.14
1411.1,1230.0,87.1,0.282,2.66,0.0084,3,7,21.9,12.85
1274.4,1568.0,123.8,0.313,2.4,0.0092,4,8,80.67,13.75
1146.5,1533.0,95.6,0.288,2.01,0.0094,4,5,35.04,12.46
1289.2,1946.0,142.1,0.28,2.23,0.0081,4,6,34.11,13.87
1442.7,2148.0,162.9,0.295,2.11,0.0103,4,8,66.56,14.7
1844.8,2180.0,156.6,0.334,2.05,0.008,4,8,44.23,16.5
1336.1,1436.0,99.8,0.329,2.0,0.0074,4,7,49.05,12.92
1499.2,1570.0,112.7,0.315,2.26,0.0094,4,7,57.24,14.41
1446.4,1010.0,79.7,0.279,2.1,0.0082,3,5,66.25,12.42
1711.4,1344.0,100.3,0.306,2.35,0.0093,4,6,45.0,14.64
2005.9,2017.0,130.9,0.316,2.35,0.0066,4,6,72.8,16.5
1333.2,2264.0,150.9,0.314,2.41,0.0104,4,5,17.96,16.5
1342.3,1181.0,83.7,0.273,2.07,0.0097,3,7,61.4,11.69
1679.7,1425.0,112.9,0.292,2.27,0.0075,4,5,37.41,14.77
1600.0,1640.0,97.2,0.309,2.29,0.0075,4,6,70.58,15.33
1856.3,1756.0,128.5,0.321,2.13,0.0107,4,8,52.13,15.49
1578.5,1342.0,96.8,0.266,2.08,0.0083,4,5,39.91,13.44
1371.0,1811.0,151.5,0.307,2.44,0.0082,4,8,59.94,15.17
1579.9,1470.0,107.9,0.313,2.23,0.0067,4,8,63.4,13.69
1693.9,1645.0,128.8,0.327,2.3,0.0086,4,6,59.63,16.16
1630.5,1858.0,142.6,0.324,2.08,0.0088,4,5,34.55,15.68
1561.6,1652.0,104.3,0.322,2.02,0.0097,4,6,42.74,14.33
1684.7,1484.0,120.5,0.294,2.11,0.0076,4,6,49.94,14.44
1707.2,1608.0,124.4,0.272,2.18,0.0075,4,6,49.38,14.64
1754.1,1616.0,127.9,0.302,2.04,0.0095,4,6,61.25,15.37
1592.7,1509.0,154.0,0.33,2.2,0.01,4,8,19.78,15.44
1413.2,1552.0,97.1,0.338,1.95,0.0074,4,5,55.01,13.77
1482.3,2257.0,188.8,0.324,2.03,0.0101,4,7,45.65,16.47
1715.4,1863.0,138.7,0.319,2.3,0.009,4,5,37.42,16.5
1270.3,1538.0,119.7,0.318,2.29,0.0101,4,6,38.86,14.37
1531.1,1915.0,145.1,0.299,2.14,0.0089,4,8,46.78,14.68
1363.5,1523.0,111.5,0.307,2.05,0.0065,4,6,-4.02,13.22
1456.3,2096.0,153.6,0.343,2.05,0.0088,4,5,39.48,16.24
1731.3,1790.0,139.4,0.291,2.14,0.0101,4,7,36.86,14.92
1492.0,1609.0,107.1,0.342,2.3,0.0081,4,7,57.99,14.58
1460.2,1820.0,145.8,0.304,2.34,0.0086,4,7,37.92,15.06
1150.8,1053.0,75.9,0.337,2.13,0.0088,3,6,46.77,11.66
1614.2,1222.0,81.6,0.282,2.03,0.0061,3,6,73.13,12.77
1592.0,1196.0,86.4,0.322,2.24,0.0107,3,8,64.92,13.93
1925.9,1704.0,142.1,0.295,2.08,0.0081,4,8,63.53,15.35
1382.3,2308.0,170.1,0.282,2.12,0.0095,4,6,42.5,15.12
1498.2,2498.0,193.4,0.314,2.4,0.0089,6,7,58.15,16.5
1504.9,1892.0,136.5,0.33,2.32,0.0103,4,6,46.49,16.5
1797.0,1840.0,147.4,0.293,2.22,0.0094,4,6,47.06,16.2
1429.0,998.0,82.7,0.28,2.01,0.0088,3,5,56.15,12.18
1511.4,1444.0,128.2,0.308,2.23,0.0081,4,6,41.05,14.41
1583.7,1351.0,100.9,0.308,2.36,0.0098,4,6,72.4,14.78
1491.1,1414.0,114.2,0.321,2.14,0.0071,4,5,47.6,14.2
1351.8,1586.0,121.5,0.329,2.4,0.0096,4,6,59.28,15.0
1492.7,1471.0,124.7,0.309,2.39,0.0079,4,7,71.83,14.64
1686.2,998.0,68.7,0.347,2.45,0.0103,3,7,65.47,15.35
1224.2,1934.0,154.4,0.314,2.25,0.0092,4,6,28.87,14.48
1479.3,1242.0,92.5,0.303,2.29,0.0096,3,8,56.67,13.1
1296.0,1741.0,131.7,0.278,2.41,0.0091,4,5,62.76,14.14
1712.9,2438.0,186.2,0.305,2.27,0.0072,6,6,63.38,16.5
1114.9,1301.0,101.4,0.303,2.12,0.0081,4,7,33.3,11.61
1327.0,998.0,74.7,0.329,2.13,0.0097,3,6,40.14,12.21
1533.0,1541.0,119.3,0.319,2.24,0.0092,4,6,64.92,15.0
1794.4,2068.0,173.0,0.286,2.01,0.0102,4,5,38.57,16.5
1435.5,2394.0,191.8,0.313,2.18,0.0094,4,7,45.5,16.5
1327.9,1183.0,98.6,0.323,2.36,0.008,3,6,73.64,13.57
1863.9,1839.0,135.2,0.341,1.87,0.0082,4,7,49.28,15.81
1131.4,1473.0,103.1,0.328,2.43,0.0091,4,6,39.1,14.15
966.3,1610.0,131.9,0.325,2.37,0.0067,4,7,36.84,12.8
1546.8,2655.0,210.5,0.311,2.13,0.0107,6,7,54.99,16.5
1339.5,1079.0,96.7,0.318,2.28,0.0094,3,7,30.0,12.8
1225.3,1746.0,126.7,0.335,2.2,0.0102,4,6,46.29,14.25
1605.8,1828.0,136.6,0.283,2.38,0.0074,4,6,55.0,15.22
1503.6,2063.0,140.4,0.303,2.35,0.0102,4,7,69.49,16.04
1325.9,1687.0,124.3,0.295,1.99,0.0112,4,6,60.01,13.79
1168.3,1767.0,144.3,0.318,2.29,0.0077,4,6,39.29,14.36
1641.9,1501.0,109.4,0.335,2.17,0.0098,4,5,67.68,15.52
1593.0,1752.0,139.6,0.298,2.21,0.009,4,8,45.51,14.78
1428.2,1520.0,113.6,0.262,2.09,0.0075,4,5,31.46,12.89
1856.3,1886.0,146.6,0.302,2.46,0.0095,4,6,47.42,16.5
1214.6,1510.0,103.2,0.328,2.36,0.0098,4,6,71.57,14.1
1114.4,1793.0,137.1,0.321,2.09,0.0084,4,6,52.48,13.67
1297.8,1639.0,94.6,0.319,2.0,0.0102,4,7,50.19,13.19
1440.0,2078.0,156.1,0.304,2.14,0.0073,4,5,74.56,15.45
1503.5,1630.0,107.6,0.284,2.27,0.0075,4,6,28.53,13.9
1396.9,998.0,87.9,0.32,2.24,0.0091,3,7,30.72,13.54
1527.5,2130.0,169.6,0.293,2.39,0.009,4,7,25.76,16.31
1174.7,1306.0,103.9,0.354,2.32,0.0083,4,5,55.59,14.13
1767.6,1402.0,121.7,0.321,2.35,0.0098,4,7,52.5,15.51
1431.9,1424.0,98.7,0.298,2.25,0.0095,4,7,73.14,13.33
1695.8,2172.0,182.6,0.298,1.99,0.0099,4,7,53.65,16.09
1525.4,998.0,85.2,0.308,2.17,0.0089,3,6,43.94,13.1
1550.5,2842.0,213.7,0.305,2.36,0.0096,6,6,50.03,16.5
1575.3,2051.0,167.3,0.332,2.19,0.0086,4,8,51.77,15.58
1548.5,1735.0,120.8,0.314,2.28,0.0111,4,7,24.92,15.05
1591.4,1629.0,115.6,0.295,2.15,0.0082,4,6,90.65,14.46
1742.4,1759.0,127.6,0.348,2.05,0.0111,4,6,57.8,16.22
1493.2,1848.0,135.2,0.311,2.18,0.009,4,6,53.15,15.51
1606.0,1895.0,133.5,0.325,2.25,0.0076,4,6,59.23,15.49
1430.3,1861.0,153.7,0.298,2.1,0.0104,4,6,60.64,14.71
1766.8,1684.0,125.4,0.317,2.16,0.0091,4,6,47.89,16.15
1301.2,1575.0,123.2,0.316,2.06,0.0099,4,7,40.53,13.46
1846.2,1593.0,115.3,0.272,2.37,0.0102,4,5,58.99,16.05
1441.2,1576.0,101.6,0.35,2.16,0.0093,4,7,55.79,14.97
1135.2,2081.0,160.8,0.336,2.42,0.0084,4,5,37.85,15.74
1478.2,1876.0,123.4,0.302,2.43,0.01,4,6,71.29,15.54
1300.2,998.0,75.2,0.288,2.19,0.009,3,5,54.4,12.03
1634.9,1899.0,130.7,0.317,2.05,0.0097,4,6,60.95,15.03
1306.4,1724.0,150.9,0.312,1.89,0.0068,4,7,70.88,13.09
1351.8,1643.0,134.0,0.317,1.98,0.0094,4,7,50.33,13.84
1034.3,1502.0,115.2,0.314,1.99,0.0084,4,6,54.75,12.3
1350.5,2077.0,170.5,0.32,2.41,0.0107,4,6,62.15,16.5
920.0,2010.0,144.3,0.339,2.22,0.0096,4,6,39.13,14.11
1101.5,1356.0,108.5,0.321,2.26,0.0092,4,7,50.81,12.54
1617.3,1805.0,139.2,0.289,1.87,0.0095,4,7,51.88,14.5
1622.9,1281.0,100.0,0.337,2.02,0.008,4,6,35.66,13.93
1543.6,1126.0,98.3,0.343,2.33,0.0106,3,7,84.76,14.55
1237.3,1412.0,114.6,0.373,2.24,0.011,4,7,28.89,14.51
1439.5,1978.0,153.2,0.288,2.18,0.0094,4,5,30.53,15.66
1449.2,2012.0,136.4,0.315,2.28,0.0106,4,6,69.71,16.06
1195.2,1845.0,130.6,0.268,2.45,0.0084,4,8,60.7,12.9
1780.7,1926.0,145.1,0.321,2.17,0.0082,4,7,34.61,15.87
1643.0,1846.0,141.2,0.299,2.21,0.009,4,6,59.11,15.74
1401.4,1406.0,95.6,0.348,2.23,0.0094,4,6,72.02,14.39
1455.9,1814.0,162.0,0.295,2.56,0.0086,4,6,49.55,15.72
1495.8,1954.0,163.7,0.276,1.89,0.0095,4,6,88.98,14.71
1000.8,1937.0,153.2,0.301,2.3,0.0093,4,7,24.14,13.71
1395.6,2102.0,160.5,0.27,2.18,0.008,4,6,60.41,14.73
1300.0,1919.0,143.7,0.325,2.29,0.0095,4,7,67.5,15.2
1229.6,1784.0,126.0,0.269,2.1,0.0099,4,7,63.37,12.79
1388.2,2057.0,157.1,0.311,2.19,0.0092,4,5,46.93,16.12
1845.5,1640.0,127.2,0.268,2.31,0.0102,4,6,45.64,15.36
1591.0,1315.0,87.5,0.304,2.67,0.0078,4,6,56.66,15.04
1324.3,1588.0,124.0,0.343,2.32,0.0095,4,7,62.24,15.04
1576.0,1367.0,102.3,0.317,2.07,0.0078,4,6,59.04,13.51
