car_name,model_year,age_years,present_price_lakhs,kms_driven,fuel_type,seller_type,transmission,owner_count,selling_price_lakhs
Toyota Innova Crysta,2011,13,23.05,141371,Diesel,Dealer,Manual,1,3.55
Tata Harrier,2018,6,21.15,91447,Diesel,Dealer,Manual,0,9.65
Toyota Fortuner,2022,2,34.24,22677,Petrol,Dealer,Automatic,0,27.17
Mahindra XUV700,2021,3,21.76,46614,Diesel,Dealer,Automatic,0,14.11
Toyota Innova Crysta,2022,2,22.66,28658,Diesel,Dealer,Automatic,0,18.71
Hyundai Creta,2022,2,13.99,29332,Diesel,Individual,Automatic,0,10.68
Tata Nexon,2014,10,11.61,138846,Diesel,Individual,Manual,1,2.67
Toyota Innova Crysta,2014,10,28.06,112284,Diesel,Individual,Manual,1,5.61
Toyota Fortuner,2015,9,37.2,84861,Diesel,Individual,Automatic,0,11.96
Mahindra XUV700,2018,6,20.34,71442,Diesel,Dealer,Automatic,0,9.15
Tata Harrier,2015,9,19.79,104582,Diesel,Dealer,Automatic,0,6.27
Toyota Fortuner,2018,6,34.81,93904,Diesel,Individual,Automatic,1,12.55
Toyota Fortuner,2020,4,33.04,48124,Diesel,Individual,Automatic,1,17.59
Tata Nexon,2011,13,12.08,151124,Diesel,Dealer,Manual,0,2.34
Honda City,2022,2,14.64,19836,Petrol,Dealer,Automatic,0,11.41
Mahindra XUV700,2020,4,21.27,54488,Diesel,Dealer,Automatic,1,11.44
Hyundai i20,2019,5,8.42,55912,Petrol,Individual,Manual,0,3.89
Toyota Fortuner,2016,8,31.08,87574,Diesel,Dealer,Automatic,0,11.49
Honda City,2013,11,14.4,136799,Petrol,Individual,Automatic,1,2.55
Hyundai i20,2023,1,9.2,12620,Petrol,Individual,Manual,0,7.22
Mahindra XUV700,2018,6,25.15,52855,Diesel,Dealer,Automatic,1,11.42
Maruti Swift,2019,5,6.69,45014,Petrol,Dealer,Manual,0,3.02
Hyundai Creta,2016,8,16.79,98875,Diesel,Individual,Automatic,0,5.92
Honda City,2021,3,16.15,28472,Petrol,Individual,Automatic,0,10.05
Maruti Baleno,2017,7,7.67,90708,Petrol,Individual,Manual,0,1.87
Maruti Swift,2011,13,7.39,115084,Petrol,Dealer,Manual,0,1.2
Hyundai Creta,2015,9,17.13,92983,Diesel,Individual,Automatic,0,4.4
Tata Nexon,2015,9,11.52,90932,Diesel,Dealer,Manual,0,3.84
Toyota Innova Crysta,2020,4,25.33,51946,Diesel,Dealer,Manual,0,14.63
Tata Harrier,2014,10,16.53,95607,Diesel,Dealer,Automatic,1,4.46
Maruti Baleno,2016,8,8.54,95979,Petrol,Dealer,Manual,2,1.9
Tata Nexon,2017,7,11.91,81259,Diesel,Dealer,Manual,0,4.89
Mahindra XUV700,2019,5,22.2,62735,Diesel,Dealer,Automatic,0,12.06
Tata Nexon,2011,13,11.89,178167,Diesel,Dealer,Manual,0,2.3
Toyota Innova Crysta,2016,8,23.69,101732,Diesel,Dealer,Manual,1,6.27
Mahindra XUV700,2017,7,23.11,73906,Diesel,Individual,Automatic,1,8.22
Maruti Baleno,2013,11,7.62,103299,Diesel,Dealer,Manual,1,2.16
Toyota Innova Crysta,2018,6,27.14,59309,Diesel,Individual,Manual,1,10.33
Hyundai i20,2015,9,8.5,121628,Petrol,Dealer,Manual,0,2.05
Tata Harrier,2019,5,18.35,51526,Diesel,Individual,Automatic,0,9.31
Maruti Baleno,2015,9,7.02,130184,Petrol,Dealer,Manual,0,1.2
Hyundai i20,2019,5,8.26,57411,Diesel,Dealer,Automatic,1,3.99
Hyundai Creta,2020,4,16.05,61453,Diesel,Dealer,Automatic,0,9.76
Maruti Baleno,2014,10,8.11,137741,Petrol,Individual,Manual,1,1.2
Hyundai Creta,2019,5,12.48,58114,Diesel,Dealer,Automatic,1,5.8
Mahindra XUV700,2015,9,20.87,86225,Diesel,Individual,Manual,1,5.9
Hyundai i20,2020,4,7.85,40506,Petrol,Dealer,Manual,0,4.48
Tata Harrier,2019,5,17.45,71915,Diesel,Dealer,Automatic,0,8.84
Toyota Innova Crysta,2013,11,27.1,143722,Diesel,Dealer,Automatic,0,6.0
Toyota Fortuner,2014,10,37.8,119324,Diesel,Dealer,Automatic,2,8.04
Tata Nexon,2019,5,11.43,52837,Diesel,Individual,Manual,0,5.64
Maruti Swift,2020,4,7.33,51923,Petrol,Individual,Manual,1,3.59
Tata Harrier,2021,3,19.74,32035,Diesel,Individual,Automatic,0,13.17
Hyundai i20,2016,8,9.15,99760,Petrol,Dealer,Manual,1,2.0
Toyota Fortuner,2012,12,38.94,157313,Diesel,Dealer,Automatic,1,7.39
Tata Harrier,2017,7,19.83,94413,Petrol,Individual,Automatic,0,5.84
Hyundai i20,2012,12,8.97,154554,Petrol,Individual,Manual,1,1.2
Honda City,2021,3,15.89,41484,Petrol,Dealer,Automatic,0,10.53
Honda City,2012,12,15.14,160034,Petrol,Dealer,Automatic,0,2.36
Hyundai Creta,2021,3,14.33,35870,Diesel,Individual,Automatic,0,9.94
Tata Harrier,2011,13,20.23,121961,Diesel,Dealer,Automatic,0,4.43
Honda City,2021,3,16.48,43615,Petrol,Individual,Automatic,0,10.52
Hyundai i20,2021,3,8.22,28040,Petrol,Individual,Manual,0,5.11
Hyundai Creta,2022,2,17.33,21555,Diesel,Dealer,Automatic,0,14.1
Hyundai i20,2021,3,9.23,42998,Petrol,Dealer,Automatic,0,5.95
Hyundai Creta,2013,11,15.82,124564,Diesel,Dealer,Automatic,0,4.09
Tata Harrier,2016,8,18.71,79265,Diesel,Dealer,Automatic,1,6.07
Toyota Fortuner,2018,6,39.22,78215,Diesel,Dealer,Automatic,0,17.09
Toyota Innova Crysta,2019,5,26.26,52879,Diesel,Individual,Manual,0,12.79
Maruti Baleno,2017,7,7.39,95793,Petrol,Dealer,Manual,0,2.44
Toyota Fortuner,2014,10,41.2,118888,Diesel,Dealer,Automatic,0,10.97
Mahindra XUV700,2016,8,23.84,77109,Diesel,Dealer,Automatic,0,9.37
Hyundai i20,2015,9,8.21,101709,Petrol,Individual,Manual,0,1.59
Mahindra XUV700,2018,6,20.72,80112,Diesel,Dealer,Automatic,1,8.37
Toyota Fortuner,2011,13,44.61,138400,Diesel,Dealer,Automatic,1,7.47
Hyundai Creta,2011,13,15.32,190765,Diesel,Dealer,Automatic,0,2.85
Maruti Baleno,2023,1,6.63,14086,Petrol,Individual,Manual,0,5.12
Maruti Baleno,2021,3,8.29,31943,Petrol,Dealer,Manual,0,5.6
Maruti Swift,2016,8,7.34,82768,Petrol,Dealer,Manual,0,1.89
Maruti Baleno,2020,4,7.87,44476,Petrol,Dealer,Manual,1,3.64
Toyota Innova Crysta,2022,2,26.0,23629,Diesel,Individual,Manual,0,19.55
Maruti Baleno,2012,12,7.73,171903,Petrol,Individual,Manual,0,1.2
Toyota Fortuner,2015,9,44.27,81236,Diesel,Dealer,Automatic,2,11.77
Maruti Swift,2011,13,7.47,164848,Petrol,Dealer,Manual,0,1.2
Toyota Fortuner,2017,7,41.61,103571,Diesel,Individual,Manual,0,14.3
Toyota Fortuner,2011,13,37.28,126745,Diesel,Individual,Automatic,1,6.19
Tata Nexon,2014,10,10.44,97422,Petrol,Dealer,Manual,0,2.85
Maruti Swift,2019,5,7.31,58460,Petrol,Individual,Manual,1,3.26
Toyota Fortuner,2011,13,39.13,139197,Diesel,Dealer,Manual,1,6.22
Tata Nexon,2014,10,11.43,139602,Petrol,Individual,Manual,2,1.23
Tata Nexon,2016,8,12.34,111802,Diesel,Individual,Manual,1,2.89
Maruti Swift,2016,8,7.59,97886,Petrol,Individual,Manual,0,1.95
Mahindra XUV700,2022,2,20.1,26516,Diesel,Individual,Automatic,0,15.68
Hyundai Creta,2023,1,15.18,17078,Diesel,Dealer,Automatic,0,13.95
Toyota Innova Crysta,2018,6,25.22,64827,Diesel,Dealer,Automatic,1,10.97
Hyundai Creta,2011,13,17.39,117237,Diesel,Dealer,Automatic,1,2.56
Maruti Baleno,2017,7,7.64,67478,Petrol,Individual,Manual,0,2.52
Toyota Innova Crysta,2011,13,21.52,172476,Diesel,Dealer,Automatic,0,4.14
Maruti Baleno,2023,1,6.84,8855,Petrol,Individual,Manual,0,6.46
Toyota Fortuner,2017,7,34.62,96074,Diesel,Dealer,Automatic,0,13.77
Hyundai i20,2013,11,10.33,161031,Petrol,Dealer,Manual,1,1.55
Maruti Swift,2021,3,7.39,31066,Diesel,Dealer,Manual,0,5.13
Toyota Innova Crysta,2018,6,21.74,75655,Diesel,Dealer,Manual,0,10.02
Toyota Innova Crysta,2013,11,23.37,129254,Diesel,Dealer,Manual,1,4.63
Toyota Fortuner,2023,1,37.03,8860,Diesel,Individual,Automatic,0,33.02
Mahindra XUV700,2011,13,18.46,153227,Diesel,Dealer,Automatic,1,3.06
Tata Nexon,2023,1,12.14,10660,Diesel,Individual,Manual,0,10.4
Toyota Fortuner,2023,1,35.51,11476,Diesel,Dealer,Automatic,0,33.92
Honda City,2018,6,15.71,91277,Petrol,Dealer,Automatic,0,5.93
Tata Nexon,2013,11,11.7,141939,Diesel,Individual,Manual,1,2.76
Maruti Swift,2012,12,6.03,120308,Petrol,Individual,Manual,0,1.35
Tata Nexon,2011,13,11.86,126447,Diesel,Dealer,Manual,1,1.79
Mahindra XUV700,2013,11,23.34,152279,Diesel,Dealer,Automatic,0,4.83
Tata Nexon,2012,12,13.12,155407,Diesel,Dealer,Manual,0,3.05
Maruti Swift,2012,12,7.64,126817,CNG,Dealer,Automatic,0,1.28
Mahindra XUV700,2016,8,23.01,118461,Petrol,Dealer,Manual,2,5.31
Hyundai Creta,2022,2,14.12,19582,Diesel,Dealer,Automatic,0,11.24
Toyota Innova Crysta,2011,13,22.74,124086,Diesel,Dealer,Manual,0,4.15
Toyota Innova Crysta,2012,12,24.75,147210,CNG,Dealer,Manual,0,4.01
Maruti Baleno,2016,8,6.7,86329,Petrol,Dealer,Manual,0,2.74
Hyundai Creta,2013,11,14.52,100321,Diesel,Individual,Automatic,0,3.86
Hyundai Creta,2014,10,13.24,106648,Diesel,Individual,Automatic,1,2.72
Tata Nexon,2011,13,13.06,173244,Diesel,Dealer,Manual,0,1.85
Toyota Innova Crysta,2018,6,24.97,89719,Diesel,Dealer,Manual,1,9.41
Maruti Swift,2023,1,7.66,9281,Petrol,Dealer,Manual,0,6.93
Tata Harrier,2017,7,18.46,84324,Diesel,Dealer,Automatic,1,7.0
Tata Harrier,2017,7,18.86,73998,Diesel,Individual,Automatic,0,7.71
Mahindra XUV700,2013,11,22.08,141516,Diesel,Dealer,Automatic,0,5.11
Toyota Innova Crysta,2020,4,26.24,61458,CNG,Dealer,Manual,0,14.07
Toyota Innova Crysta,2020,4,23.46,46502,Diesel,Dealer,Manual,1,12.55
Tata Harrier,2013,11,18.77,145783,CNG,Dealer,Automatic,0,3.21
Toyota Innova Crysta,2012,12,24.22,133542,Diesel,Dealer,Manual,1,4.26
Tata Nexon,2022,2,11.31,29449,Diesel,Dealer,Manual,0,9.08
Honda City,2011,13,15.6,132350,Petrol,Individual,Manual,0,2.37
Hyundai i20,2017,7,7.72,89369,Petrol,Dealer,Manual,1,1.2
Hyundai Creta,2017,7,15.73,85010,Diesel,Individual,Automatic,1,5.37
Maruti Baleno,2022,2,8.15,29720,CNG,Dealer,Manual,0,6.21
Mahindra XUV700,2012,12,22.36,124070,Diesel,Individual,Automatic,0,4.39
Honda City,2017,7,14.42,86219,Petrol,Dealer,Automatic,2,3.84
Tata Harrier,2023,1,18.72,13220,Diesel,Dealer,Automatic,0,18.0
Hyundai Creta,2018,6,16.25,77626,CNG,Dealer,Automatic,1,5.97
Toyota Innova Crysta,2011,13,22.9,169332,Diesel,Dealer,Manual,2,3.34
Maruti Baleno,2019,5,8.0,52673,Petrol,Dealer,Manual,1,3.24
Toyota Innova Crysta,2017,7,25.14,92673,Diesel,Individual,Manual,1,7.63
Maruti Swift,2013,11,7.89,104395,Petrol,Dealer,Manual,1,1.2
Maruti Swift,2018,6,8.68,78858,Petrol,Dealer,Manual,1,3.11
Maruti Baleno,2017,7,8.19,97474,Petrol,Dealer,Manual,1,2.51
Maruti Baleno,2021,3,7.82,34268,Diesel,Dealer,Manual,0,5.51
Tata Harrier,2023,1,19.56,15000,Diesel,Dealer,Manual,0,16.92
Maruti Baleno,2018,6,7.13,52991,Petrol,Dealer,Manual,1,2.38
Tata Nexon,2016,8,13.7,111174,Diesel,Individual,Manual,0,4.21
Toyota Innova Crysta,2019,5,26.76,51846,Diesel,Individual,Manual,1,11.67
Honda City,2015,9,13.4,117097,Petrol,Dealer,Automatic,0,3.66
Toyota Fortuner,2013,11,42.1,133362,Diesel,Individual,Automatic,1,8.4
Maruti Baleno,2013,11,7.27,160031,Petrol,Dealer,Manual,1,1.55
Mahindra XUV700,2011,13,19.49,159690,Diesel,Dealer,Automatic,0,3.61
Maruti Swift,2022,2,7.44,19447,Petrol,Individual,Manual,0,5.38
Tata Nexon,2018,6,12.4,88558,Diesel,Dealer,Manual,1,5.16
Hyundai Creta,2012,12,16.68,156374,CNG,Individual,Automatic,0,1.99
Toyota Fortuner,2013,11,39.41,124975,Diesel,Dealer,Automatic,1,8.19
Honda City,2018,6,14.23,91471,Petrol,Individual,Automatic,0,5.06
Toyota Fortuner,2018,6,33.3,83352,Diesel,Dealer,Automatic,0,15.44
Maruti Baleno,2021,3,7.69,38138,Petrol,Dealer,Manual,0,5.2
Tata Harrier,2014,10,18.18,104010,Diesel,Dealer,Automatic,0,4.58
Maruti Swift,2014,10,7.45,103843,Petrol,Dealer,Manual,0,1.98
Maruti Swift,2015,9,7.34,126504,Petrol,Dealer,Automatic,2,1.6
Hyundai Creta,2016,8,13.59,107777,Diesel,Dealer,Automatic,0,4.51
Tata Harrier,2015,9,19.86,121696,Diesel,Dealer,Automatic,0,4.49
Toyota Innova Crysta,2017,7,23.78,67764,CNG,Dealer,Manual,0,8.71
Hyundai i20,2012,12,9.32,133640,Petrol,Dealer,Automatic,0,1.97
Tata Nexon,2017,7,12.33,61051,Diesel,Dealer,Manual,2,3.81
Maruti Swift,2020,4,6.89,46012,Petrol,Dealer,Manual,0,3.38
Mahindra XUV700,2017,7,23.01,93380,Diesel,Individual,Automatic,1,8.03
Maruti Swift,2011,13,6.47,168900,Petrol,Dealer,Manual,0,1.2
Toyota Fortuner,2017,7,37.01,87393,Diesel,Dealer,Automatic,0,15.18
Maruti Swift,2015,9,8.08,90098,Petrol,Dealer,Manual,1,1.97
Maruti Swift,2013,11,7.25,104805,Petrol,Dealer,Manual,2,1.22
Hyundai i20,2023,1,9.35,15896,Petrol,Dealer,Manual,0,8.17
Hyundai i20,2013,11,9.29,127763,CNG,Dealer,Automatic,1,1.55
Honda City,2014,10,13.18,121290,Petrol,Dealer,Automatic,0,3.39
Toyota Innova Crysta,2023,1,25.32,12640,Diesel,Dealer,Manual,0,22.75
Mahindra XUV700,2022,2,23.27,20555,Diesel,Dealer,Automatic,0,19.34
Maruti Swift,2012,12,7.1,119472,Petrol,Dealer,Manual,1,1.4
Maruti Swift,2012,12,6.98,134982,Petrol,Dealer,Manual,0,1.2
Tata Nexon,2011,13,12.15,171382,Diesel,Dealer,Manual,1,1.85
Hyundai i20,2015,9,8.43,97296,Petrol,Dealer,Manual,0,2.07
Mahindra XUV700,2014,10,21.07,102903,Diesel,Dealer,Automatic,0,6.07
Hyundai Creta,2021,3,18.54,43527,Diesel,Dealer,Manual,0,13.13
Honda City,2020,4,13.58,49290,Petrol,Dealer,Automatic,0,8.16
Toyota Innova Crysta,2012,12,26.49,147430,Diesel,Individual,Manual,0,4.72
Tata Harrier,2013,11,19.32,113736,Diesel,Individual,Automatic,0,4.45
Toyota Innova Crysta,2017,7,24.0,75918,Diesel,Dealer,Manual,1,8.45
Toyota Fortuner,2017,7,37.93,66192,Diesel,Dealer,Automatic,0,17.13
Maruti Swift,2022,2,7.2,25106,Petrol,Individual,Manual,0,5.56
Honda City,2014,10,14.61,93096,Petrol,Dealer,Automatic,0,3.39
Toyota Fortuner,2015,9,35.82,127027,CNG,Individual,Automatic,1,7.3
Mahindra XUV700,2015,9,21.13,94785,Diesel,Individual,Automatic,0,6.33
Tata Harrier,2016,8,17.58,120488,Diesel,Individual,Automatic,1,5.48
Hyundai i20,2019,5,8.64,69720,Petrol,Dealer,Manual,0,4.06
Honda City,2012,12,14.41,110410,Petrol,Dealer,Automatic,0,2.76
Honda City,2015,9,13.66,92219,Petrol,Dealer,Automatic,0,4.14
Maruti Swift,2022,2,7.55,32734,Petrol,Individual,Manual,0,5.53
Maruti Baleno,2013,11,9.2,107879,Petrol,Individual,Automatic,0,1.29
Honda City,2014,10,12.65,119418,Petrol,Dealer,Automatic,1,2.04
Tata Nexon,2020,4,12.88,58541,Diesel,Dealer,Manual,0,7.06
Tata Harrier,2016,8,19.29,103640,Diesel,Dealer,Automatic,1,5.71
Tata Harrier,2022,2,19.05,14788,Diesel,Individual,Automatic,0,15.33
Tata Nexon,2018,6,11.15,73937,Diesel,Dealer,Manual,0,4.86
Hyundai Creta,2011,13,16.77,157784,Diesel,Individual,Automatic,1,2.67
Tata Nexon,2020,4,10.75,47198,Diesel,Dealer,Manual,2,5.34
Tata Nexon,2018,6,12.34,72262,Diesel,Dealer,Manual,0,5.44
Tata Harrier,2021,3,18.43,41086,Diesel,Individual,Automatic,0,12.01
Toyota Innova Crysta,2017,7,25.05,105151,Diesel,Dealer,Manual,0,8.89
Tata Harrier,2011,13,20.62,128108,Diesel,Individual,Automatic,0,3.71
Maruti Baleno,2012,12,8.54,168713,Petrol,Dealer,Manual,0,1.2
Maruti Swift,2013,11,7.44,153313,Petrol,Dealer,Manual,0,1.58
Toyota Fortuner,2011,13,37.44,184451,Diesel,Dealer,Automatic,0,6.61
Toyota Innova Crysta,2019,5,28.07,52779,Diesel,Dealer,Manual,0,15.01
Hyundai i20,2018,6,8.24,83875,Petrol,Dealer,Manual,0,2.66
Toyota Fortuner,2012,12,44.05,164298,Diesel,Dealer,Automatic,1,8.63
Maruti Swift,2023,1,8.32,4000,Petrol,Individual,Manual,0,7.39
Maruti Baleno,2019,5,8.55,57576,Petrol,Individual,Manual,0,3.85
Maruti Baleno,2017,7,9.04,99423,Petrol,Dealer,Manual,1,1.88
Hyundai i20,2019,5,8.59,67097,Petrol,Individual,Manual,1,3.4
Toyota Innova Crysta,2016,8,23.24,84247,Diesel,Dealer,Manual,1,7.35
Hyundai Creta,2016,8,16.88,111767,Diesel,Individual,Automatic,0,5.76
Tata Nexon,2021,3,11.36,41564,Diesel,Individual,Manual,0,8.05
Toyota Innova Crysta,2014,10,22.19,108930,Diesel,Dealer,Manual,0,5.78
Hyundai Creta,2020,4,15.21,34265,Diesel,Dealer,Automatic,0,9.88
Maruti Baleno,2020,4,8.0,51516,Petrol,Individual,Manual,0,3.52
Tata Harrier,2023,1,17.29,16502,Diesel,Individual,Automatic,0,15.31
Maruti Swift,2023,1,6.24,14743,Petrol,Dealer,Manual,0,5.64
Hyundai i20,2012,12,10.18,154759,Petrol,Dealer,Manual,0,1.96
Maruti Swift,2017,7,8.15,87272,Petrol,Dealer,Manual,1,2.19
Mahindra XUV700,2015,9,24.34,124093,Diesel,Dealer,Automatic,0,6.27
Mahindra XUV700,2021,3,17.56,40315,Diesel,Dealer,Automatic,0,12.71
Toyota Innova Crysta,2016,8,25.37,79934,Diesel,Dealer,Manual,0,8.79
Maruti Baleno,2012,12,7.9,147170,Petrol,Dealer,Manual,1,1.29
Maruti Baleno,2015,9,8.57,132324,Diesel,Dealer,Manual,1,1.93
Tata Nexon,2020,4,11.17,52996,Diesel,Dealer,Manual,1,5.41
Tata Nexon,2014,10,10.85,117291,Diesel,Dealer,Manual,2,1.54
Tata Nexon,2019,5,11.56,64135,Diesel,Dealer,Manual,0,5.54
Tata Harrier,2016,8,19.76,85489,Diesel,Dealer,Automatic,0,7.21
Toyota Fortuner,2012,12,41.15,185047,Diesel,Dealer,Automatic,0,8.47
Honda City,2011,13,14.45,168891,Petrol,Individual,Manual,2,1.35
Toyota Fortuner,2015,9,40.57,98349,Diesel,Individual,Automatic,0,12.07
Maruti Swift,2019,5,7.34,59064,Petrol,Dealer,Manual,0,4.08
Toyota Fortuner,2016,8,42.94,90568,Diesel,Individual,Automatic,0,14.82
Tata Harrier,2020,4,16.59,43850,Diesel,Individual,Automatic,0,9.53
Maruti Swift,2022,2,7.63,20365,Petrol,Dealer,Manual,0,6.22
Toyota Fortuner,2017,7,45.54,96803,Diesel,Dealer,Automatic,0,17.25
Tata Harrier,2015,9,17.6,89802,Diesel,Individual,Automatic,2,4.32
Honda City,2020,4,15.0,55585,Petrol,Individual,Automatic,0,6.92
Toyota Fortuner,2016,8,36.48,105338,Diesel,Dealer,Manual,1,10.27
Tata Harrier,2015,9,19.54,101781,Diesel,Dealer,Automatic,0,6.52
Tata Nexon,2021,3,11.79,29710,Diesel,Individual,Manual,0,7.61
Maruti Baleno,2019,5,8.14,65264,Petrol,Dealer,Manual,1,3.52
Tata Nexon,2016,8,10.93,98455,Petrol,Dealer,Manual,0,3.28
Maruti Baleno,2021,3,7.61,25700,Petrol,Dealer,Manual,0,5.46
Hyundai i20,2018,6,10.0,75086,Petrol,Dealer,Manual,0,3.57
Hyundai i20,2012,12,8.62,143401,Petrol,Dealer,Manual,0,1.2
Hyundai i20,2022,2,9.42,23107,Petrol,Dealer,Manual,0,6.94
Honda City,2023,1,14.93,8608,CNG,Dealer,Automatic,0,14.03
Tata Nexon,2019,5,12.7,50969,CNG,Dealer,Manual,1,5.03
Maruti Baleno,2015,9,8.54,123355,Petrol,Dealer,Manual,0,1.85
Tata Harrier,2017,7,17.1,94229,Diesel,Dealer,Automatic,0,6.94
Maruti Swift,2020,4,7.71,55867,CNG,Dealer,Manual,0,4.41
Tata Harrier,2023,1,18.66,14472,Diesel,Dealer,Automatic,0,17.95
Maruti Swift,2011,13,7.94,149317,Petrol,Dealer,Manual,1,1.2
Mahindra XUV700,2020,4,20.58,51331,Diesel,Dealer,Automatic,1,11.13
Tata Harrier,2015,9,19.14,122341,Diesel,Dealer,Automatic,0,5.24
Toyota Fortuner,2022,2,40.3,13712,Diesel,Dealer,Automatic,0,34.34
Toyota Fortuner,2020,4,39.96,55107,CNG,Dealer,Automatic,1,19.28
Toyota Innova Crysta,2012,12,23.25,108020,Diesel,Dealer,Manual,1,3.41
Tata Nexon,2022,2,11.61,28125,Diesel,Dealer,Manual,0,9.07
Maruti Swift,2016,8,7.77,97408,Petrol,Dealer,Automatic,0,2.1
Maruti Swift,2021,3,7.07,33172,Petrol,Dealer,Manual,0,4.82
Tata Nexon,2011,13,10.03,150063,Diesel,Dealer,Manual,0,1.98
Honda City,2013,11,12.99,136456,Petrol,Dealer,Manual,0,2.12
Toyota Innova Crysta,2015,9,23.45,106822,Diesel,Dealer,Manual,0,6.93
Honda City,2014,10,11.64,106342,Petrol,Dealer,Automatic,1,2.84
Honda City,2013,11,13.63,154351,Petrol,Dealer,Automatic,0,2.41
Honda City,2020,4,13.99,57501,Petrol,Dealer,Automatic,0,7.68
Tata Nexon,2023,1,11.92,10254,Diesel,Individual,Manual,0,10.3
Honda City,2015,9,15.73,93462,Petrol,Dealer,Automatic,0,3.53
Toyota Fortuner,2021,3,36.1,30146,Diesel,Dealer,Automatic,0,25.5
Hyundai i20,2018,6,7.57,90623,Petrol,Dealer,Manual,1,2.24
Mahindra XUV700,2021,3,20.62,26915,Diesel,Dealer,Automatic,0,14.95
Maruti Swift,2014,10,7.41,141374,Petrol,Individual,Manual,0,1.67
Maruti Swift,2011,13,6.87,144919,CNG,Dealer,Manual,1,1.2
Mahindra XUV700,2021,3,22.42,19401,Diesel,Individual,Automatic,0,15.74
Tata Nexon,2017,7,11.32,89384,Diesel,Dealer,Automatic,1,3.78
Tata Harrier,2018,6,19.04,82269,Diesel,Dealer,Automatic,0,8.42
Tata Nexon,2013,11,11.08,165855,Diesel,Dealer,Manual,0,2.59
Maruti Swift,2016,8,7.69,93044,Petrol,Individual,Manual,0,1.62
Maruti Swift,2012,12,6.84,118012,Petrol,Dealer,Manual,0,1.2
Mahindra XUV700,2017,7,21.79,74770,Diesel,Dealer,Manual,2,7.16
Honda City,2018,6,16.28,84058,Petrol,Dealer,Automatic,0,5.79
Tata Nexon,2016,8,13.1,82512,Diesel,Individual,Manual,0,4.04
Maruti Baleno,2016,8,7.57,111082,Diesel,Dealer,Manual,2,1.73
Mahindra XUV700,2015,9,22.15,98264,Diesel,Dealer,Automatic,1,6.05
Toyota Fortuner,2018,6,37.17,80718,Diesel,Dealer,Automatic,0,16.56
Maruti Swift,2011,13,6.86,167401,Petrol,Individual,Manual,2,1.26
Mahindra XUV700,2020,4,24.28,41332,Diesel,Dealer,Automatic,1,14.04
Tata Nexon,2014,10,12.22,124438,Diesel,Individual,Manual,1,2.46
Maruti Swift,2014,10,7.65,86542,Petrol,Dealer,Manual,0,1.5
Tata Harrier,2013,11,17.16,147584,Diesel,Dealer,Automatic,0,3.76
Mahindra XUV700,2013,11,21.48,129059,Petrol,Dealer,Manual,0,4.0
Toyota Innova Crysta,2014,10,24.55,139867,Diesel,Dealer,Manual,0,5.3
Maruti Swift,2021,3,8.03,32372,CNG,Individual,Manual,0,4.69
Tata Nexon,2011,13,13.36,175191,Diesel,Individual,Manual,0,2.01
Hyundai i20,2021,3,7.65,34491,CNG,Individual,Manual,0,5.03
Maruti Baleno,2023,1,8.12,6569,Petrol,Individual,Manual,0,6.88
Hyundai Creta,2021,3,15.29,36109,Diesel,Dealer,Automatic,0,11.36
Honda City,2012,12,14.52,139683,Petrol,Dealer,Automatic,1,2.43
Hyundai Creta,2019,5,16.08,71261,Diesel,Dealer,Automatic,0,8.39
Tata Nexon,2020,4,10.95,46725,Diesel,Individual,Manual,0,5.89
Toyota Fortuner,2012,12,42.15,148686,Diesel,Dealer,Automatic,1,7.82
Toyota Fortuner,2015,9,34.88,122405,Diesel,Dealer,Automatic,0,10.07
Hyundai i20,2019,5,8.11,71704,Petrol,Dealer,Manual,1,3.12
Honda City,2019,5,12.89,41705,Petrol,Dealer,Automatic,1,6.56
Toyota Innova Crysta,2018,6,22.97,57813,Diesel,Dealer,Manual,0,10.9
Hyundai i20,2011,13,7.62,122796,Petrol,Dealer,Manual,1,1.2
Hyundai Creta,2011,13,15.18,122663,Diesel,Dealer,Automatic,0,2.56
Hyundai i20,2019,5,9.55,56816,Petrol,Dealer,Manual,0,3.97
Hyundai Creta,2023,1,15.51,5322,Diesel,Dealer,Automatic,0,14.6
Maruti Swift,2021,3,8.43,35112,Petrol,Individual,Manual,0,5.24
Toyota Fortuner,2018,6,36.51,79608,Petrol,Dealer,Automatic,0,14.53
Maruti Swift,2020,4,6.74,43426,Petrol,Dealer,Manual,0,3.52
Maruti Baleno,2019,5,7.95,70917,Petrol,Dealer,Manual,1,3.54
Honda City,2017,7,15.61,90434,Petrol,Dealer,Automatic,1,4.89
Toyota Innova Crysta,2013,11,22.0,142327,Diesel,Individual,Manual,0,4.82
Hyundai Creta,2013,11,13.99,110333,Diesel,Dealer,Automatic,0,2.43
Toyota Innova Crysta,2012,12,28.52,134769,Diesel,Dealer,Manual,0,5.83
Hyundai Creta,2015,9,14.86,129257,Diesel,Individual,Automatic,0,3.32
Tata Nexon,2022,2,11.46,16811,Diesel,Individual,Manual,0,7.98
Hyundai i20,2022,2,9.35,24458,Diesel,Individual,Manual,0,6.79
Maruti Baleno,2013,11,7.35,140226,Petrol,Dealer,Manual,0,1.77
Toyota Fortuner,2016,8,34.93,74663,Diesel,Individual,Automatic,0,12.11
Hyundai Creta,2012,12,14.8,116966,Diesel,Dealer,Automatic,2,2.32
Toyota Innova Crysta,2022,2,24.14,20772,Diesel,Dealer,Manual,0,19.17
Maruti Baleno,2013,11,8.03,107718,Petrol,Individual,Manual,0,1.2
Tata Harrier,2015,9,17.68,118628,Diesel,Individual,Automatic,0,4.57
Tata Harrier,2022,2,19.13,14149,Diesel,Dealer,Automatic,0,16.65
Maruti Swift,2021,3,6.92,35910,Petrol,Individual,Manual,0,3.97
Toyota Fortuner,2021,3,34.43,28537,Diesel,Dealer,Automatic,0,25.17
Tata Nexon,2011,13,11.9,155214,Diesel,Individual,Manual,0,2.47
Toyota Innova Crysta,2023,1,23.28,15901,Diesel,Individual,Manual,0,19.13
Hyundai i20,2011,13,8.62,137154,Petrol,Dealer,Manual,0,1.2
Hyundai i20,2020,4,8.78,53887,Petrol,Dealer,Manual,0,4.57
Toyota Innova Crysta,2019,5,22.76,54274,Diesel,Dealer,Manual,0,12.1
Honda City,2017,7,13.09,80982,Petrol,Dealer,Automatic,0,4.8
Tata Nexon,2011,13,11.63,177060,Diesel,Dealer,Manual,0,2.32
Maruti Baleno,2022,2,7.48,29710,Petrol,Dealer,Manual,0,6.1
Hyundai Creta,2018,6,17.16,87481,Diesel,Dealer,Manual,1,6.78
Honda City,2013,11,14.84,154135,CNG,Dealer,Automatic,0,2.96
Hyundai Creta,2018,6,13.25,82587,CNG,Dealer,Automatic,0,5.27
Hyundai Creta,2015,9,15.64,135482,Diesel,Individual,Automatic,0,3.97
Honda City,2011,13,14.63,170600,Petrol,Dealer,Automatic,0,2.77
Maruti Swift,2017,7,6.93,92293,Petrol,Individual,Manual,1,1.36
Tata Harrier,2015,9,20.49,126666,Diesel,Individual,Automatic,0,5.35
Hyundai Creta,2016,8,15.27,94168,Diesel,Individual,Automatic,0,4.96
Honda City,2016,8,13.56,106828,Petrol,Dealer,Automatic,0,3.89
Honda City,2018,6,16.71,62277,Petrol,Dealer,Automatic,1,6.07
Mahindra XUV700,2019,5,20.34,71264,Diesel,Dealer,Automatic,0,11.08
Maruti Swift,2012,12,8.39,157138,Petrol,Dealer,Manual,0,1.2
Toyota Fortuner,2019,5,39.64,67994,Diesel,Dealer,Automatic,0,20.7
Mahindra XUV700,2022,2,16.97,23343,Diesel,Dealer,Automatic,0,13.88
Mahindra XUV700,2021,3,20.66,40195,Diesel,Dealer,Automatic,0,14.68
Toyota Innova Crysta,2020,4,25.18,59537,CNG,Dealer,Manual,0,13.25
Tata Harrier,2019,5,20.0,59533,Diesel,Dealer,Automatic,0,11.27
Honda City,2023,1,14.04,4000,Petrol,Individual,Automatic,0,12.21
Tata Harrier,2020,4,17.25,44257,Petrol,Individual,Automatic,0,9.25
Tata Nexon,2020,4,12.65,40494,Diesel,Dealer,Manual,0,7.05
Toyota Innova Crysta,2017,7,20.94,97964,Diesel,Individual,Manual,1,6.67
Toyota Fortuner,2011,13,34.98,140664,Diesel,Dealer,Automatic,1,5.89
Tata Harrier,2017,7,19.63,71270,Diesel,Dealer,Automatic,0,8.44
Hyundai i20,2020,4,10.24,55824,Petrol,Individual,Manual,1,5.03
Hyundai Creta,2015,9,15.81,128072,Diesel,Dealer,Manual,1,3.9
Tata Nexon,2016,8,11.89,72493,Diesel,Dealer,Automatic,0,4.64
Maruti Swift,2020,4,6.25,38218,Petrol,Individual,Manual,0,3.63
Toyota Fortuner,2017,7,39.4,97528,Diesel,Dealer,Automatic,1,13.8
Tata Nexon,2015,9,11.23,132934,Diesel,Dealer,Manual,1,2.7
Hyundai Creta,2017,7,15.1,92759,Diesel,Dealer,Automatic,0,5.66
Toyota Innova Crysta,2019,5,25.46,46554,Diesel,Individual,Manual,1,11.09
Hyundai Creta,2013,11,16.02,134222,Diesel,Dealer,Automatic,0,3.5
Mahindra XUV700,2018,6,22.34,59972,Diesel,Individual,Automatic,0,10.21
Hyundai Creta,2012,12,18.39,144923,Diesel,Dealer,Automatic,1,3.89
Mahindra XUV700,2021,3,21.91,47211,Diesel,Individual,Automatic,0,14.38
Toyota Innova Crysta,2017,7,25.82,99696,Diesel,Individual,Manual,1,8.49
Maruti Baleno,2023,1,8.46,12948,Petrol,Individual,Manual,0,6.95
Mahindra XUV700,2012,12,18.67,143353,Diesel,Dealer,Automatic,0,3.14
Maruti Swift,2014,10,8.17,134471,Petrol,Dealer,Manual,0,1.42
Hyundai Creta,2017,7,15.17,101226,Petrol,Dealer,Automatic,0,4.88
Hyundai Creta,2013,11,17.54,117360,Diesel,Dealer,Automatic,1,3.38
Maruti Swift,2012,12,8.14,151988,Diesel,Dealer,Manual,0,1.59
Hyundai i20,2021,3,8.7,34601,Petrol,Dealer,Manual,0,6.28
Honda City,2020,4,14.05,46715,Petrol,Dealer,Automatic,0,8.22
Maruti Baleno,2017,7,6.85,90809,Petrol,Individual,Manual,1,1.26
Toyota Fortuner,2011,13,41.19,158000,Diesel,Dealer,Automatic,1,6.95
Mahindra XUV700,2018,6,24.53,60863,Diesel,Individual,Automatic,0,11.03
Maruti Swift,2013,11,5.95,165687,Petrol,Dealer,Manual,0,1.2
Toyota Innova Crysta,2022,2,26.38,26457,Diesel,Dealer,Manual,0,20.88
Mahindra XUV700,2022,2,22.28,22263,Diesel,Dealer,Automatic,0,18.78
Honda City,2023,1,12.42,14254,Petrol,Dealer,Automatic,0,11.88
Toyota Innova Crysta,2012,12,22.35,129891,Diesel,Dealer,Manual,0,4.77
Tata Nexon,2013,11,11.91,134985,Diesel,Dealer,Manual,2,2.19
Hyundai Creta,2015,9,15.71,107056,Diesel,Dealer,Automatic,1,4.35
Tata Nexon,2021,3,11.62,33700,Diesel,Individual,Manual,0,7.73
Mahindra XUV700,2018,6,23.43,65377,Diesel,Dealer,Automatic,0,11.85
Honda City,2020,4,12.6,55684,Petrol,Dealer,Automatic,1,6.45
Maruti Baleno,2017,7,8.4,62687,Petrol,Individual,Manual,0,2.56
Mahindra XUV700,2017,7,21.23,63633,Diesel,Dealer,Automatic,0,9.22
Maruti Swift,2022,2,6.44,26510,Petrol,Dealer,Manual,0,5.08
Tata Harrier,2017,7,19.56,76734,Diesel,Individual,Automatic,0,7.07
Mahindra XUV700,2018,6,18.95,82567,Diesel,Dealer,Manual,0,8.22
Hyundai Creta,2011,13,17.59,150304,Diesel,Dealer,Automatic,0,3.63
Hyundai Creta,2014,10,18.91,111874,Diesel,Dealer,Automatic,0,5.15
Mahindra XUV700,2023,1,19.4,9236,Diesel,Dealer,Automatic,0,18.81
Toyota Innova Crysta,2016,8,23.69,95080,Diesel,Dealer,Manual,0,8.01
Tata Harrier,2019,5,19.18,63049,Diesel,Dealer,Automatic,1,9.35
Maruti Swift,2023,1,7.67,11156,Petrol,Individual,Manual,0,6.11
Mahindra XUV700,2012,12,19.0,125467,Diesel,Dealer,Automatic,1,3.52
Toyota Innova Crysta,2011,13,24.02,151994,Diesel,Dealer,Manual,0,4.29
Hyundai Creta,2023,1,17.13,13414,Petrol,Dealer,Automatic,0,15.7
Hyundai Creta,2020,4,15.7,54054,Diesel,Dealer,Automatic,1,8.97
Honda City,2022,2,14.88,24502,CNG,Dealer,Automatic,0,11.68
Mahindra XUV700,2012,12,20.37,139776,Diesel,Individual,Automatic,0,3.61
Tata Harrier,2017,7,16.6,91403,Diesel,Individual,Automatic,0,6.16
Hyundai i20,2013,11,8.57,128485,Petrol,Dealer,Manual,1,1.2
Tata Harrier,2020,4,19.44,35659,Diesel,Dealer,Automatic,0,12.65
Hyundai Creta,2012,12,15.92,145164,Diesel,Individual,Automatic,0,3.35
Hyundai Creta,2021,3,12.58,42340,Diesel,Individual,Manual,0,7.62
Tata Nexon,2017,7,11.83,66778,Diesel,Dealer,Automatic,2,4.15
Hyundai Creta,2023,1,13.19,12265,Diesel,Dealer,Automatic,0,12.32
Maruti Swift,2023,1,7.07,7509,Petrol,Individual,Manual,0,5.88
Toyota Fortuner,2012,12,33.96,171917,Diesel,Individual,Automatic,0,6.88
Mahindra XUV700,2013,11,20.14,117209,Diesel,Dealer,Automatic,1,3.86
Tata Harrier,2021,3,18.26,40385,Diesel,Individual,Automatic,0,12.09
Toyota Fortuner,2017,7,40.23,76802,Diesel,Dealer,Automatic,0,17.09
Toyota Innova Crysta,2014,10,22.57,110419,Diesel,Dealer,Manual,0,5.58
Hyundai i20,2023,1,9.74,9055,Petrol,Dealer,Manual,0,9.03
Maruti Swift,2011,13,8.18,163402,Petrol,Dealer,Manual,1,1.2
Tata Harrier,2023,1,17.86,9958,Diesel,Dealer,Automatic,0,17.22
Toyota Fortuner,2015,9,37.77,86012,Diesel,Dealer,Manual,0,11.74
Hyundai i20,2022,2,9.16,19209,Petrol,Individual,Manual,0,5.91
Tata Nexon,2019,5,10.23,72867,Diesel,Dealer,Manual,0,4.05
Maruti Swift,2018,6,7.85,93112,Petrol,Dealer,Manual,2,2.3
Maruti Swift,2022,2,6.84,25953,Petrol,Individual,Manual,0,4.9
Tata Nexon,2019,5,11.07,69345,Diesel,Individual,Manual,0,5.28
Mahindra XUV700,2020,4,20.09,35820,Diesel,Dealer,Manual,0,12.43
Tata Nexon,2019,5,10.09,52228,Diesel,Dealer,Manual,0,5.03
Maruti Swift,2017,7,8.2,92400,CNG,Dealer,Automatic,1,2.62
Maruti Swift,2014,10,7.24,91265,Petrol,Dealer,Automatic,0,2.13
Toyota Fortuner,2015,9,33.38,94358,Diesel,Dealer,Automatic,0,11.32
Hyundai Creta,2011,13,14.61,128731,Diesel,Individual,Automatic,0,2.08
Hyundai i20,2011,13,8.66,135951,Petrol,Individual,Manual,1,1.47
Tata Nexon,2013,11,11.0,120265,Diesel,Individual,Manual,1,1.94
Hyundai i20,2023,1,9.46,8407,Petrol,Individual,Manual,0,8.31
Tata Nexon,2018,6,13.54,88835,Diesel,Dealer,Manual,0,5.49
Toyota Innova Crysta,2012,12,26.34,149757,Diesel,Dealer,Manual,0,4.63
Maruti Swift,2014,10,7.45,92760,Petrol,Dealer,Manual,2,1.31
Hyundai Creta,2012,12,16.0,118510,Diesel,Individual,Automatic,0,3.62
Toyota Fortuner,2015,9,39.35,109790,Diesel,Dealer,Automatic,1,11.2
Hyundai Creta,2019,5,13.15,52923,Diesel,Dealer,Automatic,0,7.2
Hyundai Creta,2011,13,18.76,153035,Diesel,Dealer,Automatic,1,3.47
Hyundai Creta,2015,9,13.79,118846,Diesel,Individual,Automatic,0,4.19
Hyundai i20,2019,5,8.51,75935,Petrol,Individual,Manual,0,2.44
Tata Nexon,2011,13,10.68,168897,Diesel,Individual,Manual,0,1.68
Maruti Baleno,2019,5,7.11,58442,Petrol,Dealer,Manual,1,3.04
Toyota Innova Crysta,2018,6,25.53,67637,Diesel,Dealer,Manual,0,11.28
Tata Harrier,2014,10,14.8,140154,Diesel,Individual,Automatic,2,3.18
Hyundai Creta,2022,2,16.79,29116,Diesel,Dealer,Automatic,0,14.09
Mahindra XUV700,2021,3,18.97,28827,Diesel,Dealer,Automatic,0,14.08
Hyundai i20,2020,4,8.04,59367,Petrol,Individual,Manual,0,4.22
Toyota Fortuner,2015,9,33.9,82807,Diesel,Dealer,Automatic,0,12.03
Tata Harrier,2023,1,20.14,16583,Diesel,Dealer,Automatic,0,18.73
Maruti Baleno,2015,9,8.36,83791,Petrol,Dealer,Manual,0,2.2
Mahindra XUV700,2021,3,18.26,40477,Diesel,Individual,Automatic,0,11.8
Maruti Baleno,2022,2,8.63,30545,Petrol,Dealer,Automatic,0,6.4
Tata Harrier,2016,8,21.26,114483,Diesel,Dealer,Automatic,1,5.97
Hyundai Creta,2017,7,16.44,90696,Diesel,Individual,Automatic,1,5.4
Mahindra XUV700,2018,6,21.93,50600,Diesel,Individual,Automatic,0,10.06
Maruti Baleno,2018,6,8.43,63070,Petrol,Dealer,Manual,0,4.01
Toyota Fortuner,2021,3,35.09,31752,Diesel,Dealer,Automatic,0,25.82
Tata Nexon,2023,1,12.25,9815,Diesel,Dealer,Manual,0,11.27
Maruti Swift,2012,12,7.15,110954,Petrol,Dealer,Manual,0,1.2
Tata Nexon,2019,5,9.87,67653,Petrol,Individual,Automatic,0,4.83
Tata Harrier,2017,7,20.25,93984,Diesel,Dealer,Manual,0,7.51
Hyundai i20,2014,10,8.03,118283,Petrol,Individual,Manual,0,1.4
Maruti Swift,2014,10,7.58,113317,Petrol,Dealer,Manual,0,1.69
Toyota Innova Crysta,2021,3,25.65,31041,Diesel,Individual,Manual,0,16.72
Toyota Fortuner,2018,6,40.65,51147,Diesel,Dealer,Automatic,1,18.39
Toyota Innova Crysta,2014,10,22.12,110726,Diesel,Dealer,Manual,0,5.82
Mahindra XUV700,2023,1,23.91,7080,Diesel,Dealer,Automatic,0,22.75
Maruti Swift,2016,8,6.99,80043,Petrol,Dealer,Automatic,0,1.99
Toyota Innova Crysta,2015,9,28.15,130448,CNG,Dealer,Manual,0,6.35
Toyota Innova Crysta,2013,11,22.57,165210,Diesel,Individual,Manual,0,4.74
Maruti Baleno,2023,1,8.87,4000,Petrol,Individual,Manual,0,8.0
Tata Nexon,2020,4,11.9,48056,Diesel,Dealer,Manual,1,6.7
Maruti Baleno,2021,3,7.3,27669,Diesel,Dealer,Manual,0,4.77
Maruti Swift,2012,12,7.21,155239,Petrol,Dealer,Manual,1,1.2
Maruti Swift,2019,5,7.59,60134,Petrol,Individual,Manual,1,2.51
Tata Harrier,2020,4,17.88,41480,Diesel,Individual,Automatic,0,10.73
Maruti Baleno,2019,5,7.58,66275,Diesel,Individual,Manual,0,4.59
Honda City,2011,13,13.53,187604,Petrol,Dealer,Automatic,0,2.43
Tata Nexon,2020,4,10.45,57038,Diesel,Dealer,Manual,1,4.94
Maruti Swift,2013,11,7.57,124788,Petrol,Dealer,Manual,0,1.2
Tata Harrier,2018,6,19.56,78944,Diesel,Dealer,Automatic,2,6.59
Maruti Baleno,2016,8,8.61,102039,Petrol,Individual,Manual,1,1.59
Tata Nexon,2015,9,12.83,86251,Diesel,Individual,Manual,0,4.13
Maruti Baleno,2015,9,8.72,89267,Petrol,Dealer,Manual,1,1.63
Toyota Innova Crysta,2016,8,24.34,89220,Diesel,Dealer,Manual,2,7.0
Tata Harrier,2017,7,19.67,65569,Diesel,Dealer,Automatic,0,8.29
Tata Nexon,2011,13,11.93,157874,Petrol,Individual,Manual,0,1.75
Hyundai Creta,2019,5,14.82,53491,Petrol,Dealer,Automatic,0,7.39
Mahindra XUV700,2013,11,25.01,146316,CNG,Dealer,Automatic,1,3.45
Mahindra XUV700,2014,10,22.77,148331,Diesel,Dealer,Automatic,1,5.38
Tata Nexon,2020,4,11.38,51408,Diesel,Dealer,Manual,1,5.98
Maruti Baleno,2011,13,7.57,170194,Diesel,Individual,Manual,0,1.5
Tata Harrier,2023,1,20.87,8654,Diesel,Dealer,Automatic,0,20.31
Mahindra XUV700,2021,3,20.57,44749,Diesel,Dealer,Automatic,0,14.25
Tata Harrier,2020,4,20.25,39248,Diesel,Individual,Automatic,1,10.46
Mahindra XUV700,2013,11,21.42,129205,Diesel,Dealer,Manual,0,4.49
Toyota Innova Crysta,2012,12,20.16,132200,Diesel,Individual,Manual,0,3.64
Maruti Baleno,2012,12,8.69,120544,Petrol,Individual,Manual,1,1.58
Toyota Innova Crysta,2011,13,25.74,170046,Diesel,Dealer,Manual,1,4.07
Mahindra XUV700,2018,6,18.89,64515,Diesel,Dealer,Manual,2,6.93
Hyundai Creta,2013,11,13.77,112237,Diesel,Dealer,Automatic,1,2.95
Hyundai Creta,2013,11,15.08,153233,Diesel,Dealer,Automatic,1,2.44
Toyota Innova Crysta,2016,8,25.1,87930,Diesel,Individual,Manual,0,8.19
Hyundai Creta,2023,1,13.85,9241,Diesel,Dealer,Automatic,0,13.28
Mahindra XUV700,2018,6,22.69,94737,Diesel,Dealer,Automatic,0,10.04
Tata Nexon,2023,1,12.59,8816,Diesel,Individual,Manual,0,10.61
Toyota Innova Crysta,2019,5,22.92,45843,Diesel,Dealer,Manual,1,10.2
Hyundai i20,2019,5,8.43,49435,Petrol,Dealer,Manual,1,3.7
Maruti Baleno,2014,10,8.07,124880,Diesel,Individual,Manual,0,1.85
Hyundai Creta,2015,9,18.1,125203,Diesel,Dealer,Automatic,0,5.1
Hyundai Creta,2012,12,14.47,113860,Diesel,Dealer,Automatic,0,3.49
Maruti Swift,2021,3,6.49,28056,Diesel,Dealer,Automatic,0,5.12
Honda City,2019,5,13.23,54204,Petrol,Dealer,Automatic,1,6.04
Toyota Innova Crysta,2018,6,24.16,74120,Diesel,Individual,Automatic,1,8.95
Toyota Fortuner,2013,11,37.09,131296,Diesel,Individual,Manual,1,6.69
Hyundai Creta,2021,3,14.07,25319,Diesel,Dealer,Automatic,0,10.57
Maruti Baleno,2022,2,8.53,25281,Petrol,Individual,Manual,0,6.49
Hyundai i20,2023,1,9.71,14592,Petrol,Dealer,Manual,0,8.17
Hyundai Creta,2019,5,16.05,64598,CNG,Dealer,Automatic,0,7.59
Hyundai i20,2013,11,8.16,102429,Petrol,Dealer,Manual,0,1.76
Mahindra XUV700,2019,5,20.72,66633,Diesel,Individual,Automatic,2,8.51
Mahindra XUV700,2012,12,23.09,142908,Diesel,Dealer,Automatic,1,4.77
Honda City,2022,2,13.37,22666,Petrol,Dealer,Manual,0,10.07
Tata Nexon,2020,4,12.48,41519,Diesel,Individual,Manual,0,7.11
Toyota Fortuner,2019,5,38.67,52698,Diesel,Dealer,Automatic,1,18.63
Maruti Swift,2018,6,6.25,69299,Petrol,Dealer,Manual,1,1.4
Honda City,2019,5,13.15,69161,Petrol,Dealer,Automatic,0,6.26
Tata Harrier,2015,9,22.04,107795,Diesel,Dealer,Automatic,0,6.64
Maruti Swift,2021,3,7.69,43286,Petrol,Dealer,Manual,0,4.75
Toyota Innova Crysta,2021,3,21.83,35084,Diesel,Dealer,Manual,0,14.55
Maruti Baleno,2012,12,7.89,177253,Petrol,Dealer,Manual,0,1.25
Tata Harrier,2018,6,17.74,87318,Diesel,Individual,Automatic,0,7.62
Tata Harrier,2022,2,16.14,22796,Diesel,Dealer,Automatic,0,13.37
Honda City,2016,8,12.77,106905,Petrol,Dealer,Automatic,0,4.05
Tata Nexon,2018,6,12.7,90996,Diesel,Dealer,Manual,0,5.23
Honda City,2021,3,12.37,44808,Petrol,Dealer,Automatic,0,8.22
Toyota Innova Crysta,2015,9,27.46,116361,Diesel,Dealer,Manual,0,8.08
Hyundai Creta,2020,4,15.27,51534,Diesel,Dealer,Manual,0,9.1
Hyundai Creta,2012,12,13.43,158989,Diesel,Dealer,Automatic,0,3.09
Tata Nexon,2016,8,11.67,112496,Diesel,Dealer,Manual,0,3.9
Toyota Innova Crysta,2015,9,22.76,121204,Diesel,Dealer,Manual,0,5.93
Tata Nexon,2022,2,12.82,24651,Diesel,Individual,Manual,0,9.23
Hyundai i20,2023,1,9.07,16037,Petrol,Dealer,Manual,0,7.5
Hyundai Creta,2022,2,17.93,19273,Diesel,Individual,Automatic,0,14.18
Tata Harrier,2015,9,19.17,98071,Diesel,Individual,Automatic,1,5.03
Toyota Fortuner,2023,1,40.01,11633,Diesel,Individual,Automatic,0,35.99
Maruti Baleno,2011,13,7.83,173220,Petrol,Individual,Manual,1,1.46
Toyota Innova Crysta,2012,12,25.01,154628,Diesel,Dealer,Manual,0,5.52
Maruti Swift,2018,6,8.25,59778,Petrol,Dealer,Manual,0,3.3
Tata Nexon,2023,1,11.93,7729,Diesel,Dealer,Manual,0,11.09
Maruti Baleno,2023,1,7.18,16151,Petrol,Individual,Manual,0,6.0
Maruti Swift,2013,11,7.33,106403,Petrol,Individual,Manual,1,1.39
Maruti Baleno,2020,4,8.37,52087,Petrol,Individual,Manual,0,4.57
Toyota Fortuner,2013,11,36.86,112994,Diesel,Individual,Automatic,0,8.22
Maruti Swift,2018,6,7.58,75337,Petrol,Dealer,Manual,0,2.54
Honda City,2018,6,15.06,77506,Petrol,Dealer,Automatic,0,6.48
Mahindra XUV700,2012,12,21.74,101113,Diesel,Dealer,Automatic,1,5.03
Honda City,2018,6,13.16,60503,Petrol,Individual,Automatic,0,5.35
Hyundai Creta,2021,3,13.94,37737,Diesel,Dealer,Automatic,0,10.2
Mahindra XUV700,2023,1,20.67,14601,Diesel,Dealer,Automatic,0,19.48
Honda City,2023,1,15.63,7028,Petrol,Dealer,Automatic,0,14.98
Mahindra XUV700,2011,13,23.56,157813,Petrol,Dealer,Automatic,0,3.31
Mahindra XUV700,2016,8,16.65,92651,Diesel,Individual,Automatic,0,5.68
Tata Harrier,2018,6,17.36,57474,Diesel,Dealer,Automatic,0,9.33
Tata Nexon,2013,11,12.23,134338,Diesel,Individual,Manual,0,2.5
Tata Nexon,2018,6,11.45,85935,Diesel,Individual,Manual,0,4.52
Tata Harrier,2022,2,21.81,17520,Diesel,Dealer,Automatic,0,18.91
Maruti Baleno,2011,13,8.53,117145,Petrol,Individual,Manual,0,1.2
Hyundai i20,2021,3,8.6,28907,Petrol,Dealer,Manual,0,5.79
Maruti Baleno,2021,3,9.07,31689,Petrol,Dealer,Manual,0,6.32
Maruti Swift,2019,5,7.4,71426,Petrol,Individual,Manual,0,3.19
Maruti Swift,2023,1,8.23,16923,Diesel,Dealer,Manual,0,7.32
Mahindra XUV700,2021,3,20.31,42627,CNG,Individual,Automatic,0,12.8
Honda City,2023,1,13.53,7298,Petrol,Individual,Automatic,0,11.72
Honda City,2019,5,15.62,50079,Petrol,Dealer,Manual,0,7.95
Tata Nexon,2015,9,11.84,139270,Diesel,Dealer,Manual,0,3.42
Toyota Innova Crysta,2020,4,25.43,38641,Diesel,Individual,Manual,1,13.44
Maruti Baleno,2014,10,8.23,95555,Petrol,Individual,Manual,0,1.77
Hyundai Creta,2021,3,15.78,39194,CNG,Dealer,Automatic,0,10.76
Toyota Fortuner,2016,8,40.02,104474,Diesel,Individual,Automatic,2,10.27
Honda City,2022,2,13.54,25573,Petrol,Dealer,Automatic,0,10.72
Toyota Fortuner,2017,7,41.63,100944,Diesel,Individual,Manual,0,13.95
Mahindra XUV700,2015,9,22.54,124888,Diesel,Dealer,Automatic,1,5.72
Toyota Fortuner,2021,3,36.33,44721,Petrol,Dealer,Automatic,0,23.16
Hyundai Creta,2023,1,16.91,10598,Diesel,Individual,Automatic,0,15.56
Tata Harrier,2020,4,18.79,36756,Diesel,Individual,Automatic,0,11.17
Hyundai Creta,2019,5,15.58,43002,Diesel,Dealer,Automatic,1,7.98
Toyota Fortuner,2013,11,41.83,115063,Diesel,Individual,Automatic,1,8.59
Hyundai Creta,2017,7,15.31,92267,Diesel,Dealer,Automatic,1,5.13
Hyundai i20,2020,4,8.36,54972,Petrol,Individual,Manual,0,4.14
Mahindra XUV700,2020,4,19.55,51128,Diesel,Dealer,Automatic,1,10.69
Maruti Baleno,2021,3,9.08,30973,Petrol,Individual,Manual,0,5.87
Tata Harrier,2015,9,15.57,113523,Diesel,Dealer,Manual,0,4.5
Honda City,2017,7,15.03,66269,Petrol,Dealer,Automatic,0,5.32
Maruti Swift,2012,12,7.5,116339,Petrol,Individual,Manual,0,1.2
Maruti Baleno,2014,10,7.66,139638,Petrol,Dealer,Manual,2,1.2
Maruti Swift,2012,12,6.91,143134,Petrol,Individual,Manual,0,1.34
Mahindra XUV700,2023,1,20.97,8013,Diesel,Individual,Manual,0,17.84
Tata Harrier,2023,1,17.5,15643,Diesel,Individual,Automatic,0,15.48
Tata Nexon,2022,2,12.58,25674,Diesel,Individual,Automatic,0,10.13
Honda City,2017,7,16.47,69221,Petrol,Individual,Automatic,1,4.82
Hyundai i20,2012,12,8.6,130835,Petrol,Dealer,Manual,1,1.2
Tata Nexon,2023,1,12.37,12586,Diesel,Dealer,Manual,0,11.26
Mahindra XUV700,2021,3,20.51,26682,Diesel,Individual,Automatic,0,14.88
Maruti Baleno,2011,13,7.3,147015,Petrol,Dealer,Manual,2,1.39
Hyundai i20,2019,5,8.3,70999,Diesel,Dealer,Manual,0,4.53
Hyundai Creta,2011,13,12.78,181794,Diesel,Dealer,Automatic,0,2.71
Toyota Fortuner,2018,6,38.19,82123,Diesel,Dealer,Automatic,0,17.66
Hyundai i20,2012,12,8.64,174285,Petrol,Individual,Manual,0,1.2
Mahindra XUV700,2022,2,21.19,22259,Diesel,Dealer,Automatic,0,17.8
Toyota Innova Crysta,2018,6,23.19,79887,Diesel,Dealer,Manual,1,8.85
Toyota Fortuner,2023,1,37.67,12463,Diesel,Individual,Automatic,0,34.05
Maruti Swift,2013,11,7.4,111648,Petrol,Dealer,Manual,1,1.42
Honda City,2016,8,12.35,105060,Petrol,Dealer,Automatic,1,3.03
Maruti Swift,2013,11,7.2,146951,Petrol,Dealer,Manual,1,1.48
Hyundai i20,2017,7,8.77,85027,Petrol,Dealer,Manual,0,3.18
Maruti Swift,2020,4,6.92,27105,Petrol,Dealer,Manual,0,3.65
Mahindra XUV700,2019,5,18.33,52433,CNG,Dealer,Automatic,0,9.43
Hyundai Creta,2012,12,15.87,148795,Diesel,Dealer,Automatic,1,2.74
Maruti Baleno,2022,2,6.25,19696,Petrol,Individual,Manual,0,4.81
Honda City,2022,2,13.81,21571,Petrol,Dealer,Automatic,0,10.77
Maruti Swift,2015,9,6.91,108659,Petrol,Dealer,Manual,0,2.36
Maruti Swift,2023,1,6.98,15651,Petrol,Dealer,Manual,0,5.85
Hyundai i20,2016,8,9.04,115105,Petrol,Dealer,Manual,0,2.34
Maruti Baleno,2014,10,8.25,106344,Petrol,Dealer,Manual,0,1.96
Tata Nexon,2014,10,12.38,124331,Diesel,Dealer,Automatic,0,3.34
Maruti Swift,2014,10,8.37,149189,Petrol,Individual,Automatic,0,1.91
Mahindra XUV700,2012,12,20.06,137600,Diesel,Dealer,Automatic,1,3.61
Toyota Innova Crysta,2014,10,26.6,97166,Diesel,Dealer,Manual,0,7.65
Honda City,2021,3,14.15,32246,Petrol,Individual,Automatic,0,9.15
Maruti Swift,2011,13,7.5,129308,Petrol,Individual,Manual,0,1.2
Mahindra XUV700,2022,2,22.25,32548,Diesel,Dealer,Automatic,0,17.89
Mahindra XUV700,2016,8,21.76,96137,CNG,Dealer,Automatic,1,5.97
Honda City,2011,13,14.57,122474,Petrol,Individual,Automatic,0,2.14
Tata Nexon,2020,4,12.38,40461,Petrol,Individual,Manual,2,4.89
Mahindra XUV700,2016,8,20.37,86089,Petrol,Dealer,Automatic,1,5.72
Toyota Innova Crysta,2011,13,22.58,169830,Diesel,Individual,Manual,1,3.44
Mahindra XUV700,2016,8,20.48,116429,Diesel,Dealer,Automatic,1,5.31
Mahindra XUV700,2020,4,21.32,48013,Diesel,Individual,Automatic,2,9.57
Mahindra XUV700,2018,6,22.82,76557,Diesel,Dealer,Manual,0,9.77
Hyundai Creta,2021,3,13.8,39924,Diesel,Dealer,Automatic,0,9.52
Hyundai Creta,2012,12,17.84,163278,Diesel,Individual,Automatic,2,3.14
Tata Nexon,2012,12,10.11,179976,Diesel,Dealer,Manual,2,1.58
Maruti Swift,2023,1,6.76,7573,Petrol,Individual,Manual,0,5.8
Mahindra XUV700,2022,2,20.13,30884,Diesel,Individual,Automatic,0,14.98
Maruti Baleno,2014,10,8.17,107792,Petrol,Dealer,Manual,1,1.69
Maruti Swift,2021,3,7.99,36143,CNG,Individual,Manual,0,4.83
Tata Nexon,2013,11,12.67,125648,Diesel,Dealer,Manual,1,2.04
Tata Harrier,2014,10,22.67,96503,Diesel,Individual,Automatic,2,4.71
Maruti Swift,2023,1,7.44,6951,Petrol,Individual,Manual,0,6.32
Maruti Swift,2022,2,7.68,25500,Petrol,Individual,Manual,0,4.6
Toyota Fortuner,2017,7,36.9,78552,Diesel,Dealer,Automatic,0,15.5
Hyundai i20,2023,1,8.13,10512,Petrol,Dealer,Manual,0,7.14
Toyota Fortuner,2021,3,35.44,30281,Diesel,Dealer,Automatic,0,26.05
Toyota Innova Crysta,2011,13,28.15,115141,Diesel,Dealer,Manual,0,4.93
Hyundai Creta,2016,8,16.52,77839,Diesel,Dealer,Automatic,1,6.12
Hyundai Creta,2013,11,13.69,135944,Diesel,Dealer,Automatic,0,2.89
Hyundai i20,2021,3,8.4,24984,Petrol,Dealer,Manual,0,5.79
Honda City,2020,4,11.67,36342,Petrol,Individual,Automatic,0,6.05
Honda City,2017,7,14.0,69207,Petrol,Individual,Automatic,0,4.62
Tata Nexon,2020,4,12.55,56076,Diesel,Dealer,Manual,1,7.09
Hyundai i20,2012,12,8.48,142699,Petrol,Dealer,Manual,2,1.2
Maruti Swift,2012,12,7.71,115200,Petrol,Individual,Manual,1,1.2
Honda City,2023,1,15.19,5717,Diesel,Individual,Automatic,0,13.4
Mahindra XUV700,2014,10,21.23,85978,Diesel,Dealer,Automatic,1,5.8
Maruti Baleno,2011,13,7.78,176849,Petrol,Dealer,Manual,0,1.25
Maruti Swift,2013,11,7.6,152844,Petrol,Dealer,Manual,1,1.35
Toyota Innova Crysta,2023,1,23.86,10133,Diesel,Individual,Manual,0,20.12
Mahindra XUV700,2019,5,17.45,60868,Diesel,Dealer,Automatic,1,8.44
Mahindra XUV700,2017,7,21.19,104841,Diesel,Dealer,Automatic,0,8.29
Hyundai i20,2017,7,9.58,67718,Petrol,Dealer,Manual,0,3.52
Tata Nexon,2023,1,12.36,12055,Diesel,Individual,Manual,0,10.63
Toyota Innova Crysta,2023,1,21.41,13662,Diesel,Dealer,Automatic,0,19.98
Honda City,2021,3,16.53,32990,Petrol,Individual,Automatic,0,10.49
Hyundai i20,2014,10,9.4,101698,Petrol,Individual,Manual,1,1.64
Honda City,2012,12,13.77,148833,Diesel,Individual,Automatic,0,2.53
Hyundai i20,2014,10,9.77,115338,Petrol,Individual,Manual,0,1.41
Hyundai i20,2016,8,8.41,107238,Petrol,Individual,Automatic,0,2.98
Hyundai i20,2021,3,9.46,25287,Petrol,Dealer,Manual,0,5.91
Tata Nexon,2021,3,12.54,33789,Diesel,Individual,Manual,0,7.92
Hyundai i20,2013,11,8.4,141011,Petrol,Dealer,Manual,1,1.2
Tata Harrier,2011,13,18.83,179582,Diesel,Individual,Automatic,1,3.06
Maruti Baleno,2022,2,9.59,20806,Petrol,Dealer,Manual,0,7.65
Honda City,2018,6,12.49,55853,Petrol,Dealer,Automatic,0,5.31
Maruti Swift,2022,2,7.59,28254,Petrol,Dealer,Manual,0,5.83
Toyota Fortuner,2023,1,40.21,17336,Diesel,Dealer,Automatic,0,37.83
Toyota Innova Crysta,2015,9,27.04,110285,Diesel,Dealer,Manual,1,6.71
Hyundai Creta,2015,9,16.56,126551,Diesel,Dealer,Automatic,1,4.23
Tata Nexon,2021,3,14.23,38097,CNG,Dealer,Manual,0,9.56
Maruti Swift,2014,10,7.98,121593,Petrol,Dealer,Manual,0,1.73
Mahindra XUV700,2016,8,22.52,72770,CNG,Dealer,Automatic,0,7.8
Tata Harrier,2013,11,18.97,129279,Diesel,Dealer,Manual,1,3.5
Hyundai Creta,2019,5,15.96,42815,Diesel,Individual,Automatic,1,7.87
Toyota Fortuner,2015,9,37.63,105715,Diesel,Individual,Automatic,0,10.92
Maruti Swift,2013,11,8.56,137781,Petrol,Dealer,Manual,1,1.2
Hyundai Creta,2021,3,15.41,32514,Diesel,Dealer,Automatic,0,11.13
Maruti Swift,2011,13,7.65,164367,Petrol,Dealer,Automatic,0,1.43
Tata Harrier,2020,4,20.38,47728,CNG,Dealer,Automatic,1,9.77
Toyota Fortuner,2022,2,39.38,19891,Diesel,Individual,Automatic,0,31.24
Mahindra XUV700,2016,8,20.82,105973,Diesel,Dealer,Automatic,1,5.73
Hyundai i20,2012,12,10.23,136235,Petrol,Dealer,Manual,2,1.2
Honda City,2023,1,13.78,10195,Petrol,Dealer,Automatic,0,13.0
Mahindra XUV700,2013,11,18.96,128731,Diesel,Dealer,Automatic,1,3.74
Hyundai i20,2011,13,7.76,153700,Petrol,Dealer,Manual,1,1.2
Tata Nexon,2019,5,12.18,71091,Diesel,Dealer,Manual,1,4.63
Maruti Baleno,2018,6,7.24,69372,Petrol,Dealer,Manual,1,2.45
Toyota Innova Crysta,2022,2,24.29,27888,Diesel,Dealer,Manual,0,19.17
Toyota Innova Crysta,2012,12,25.42,119338,Diesel,Dealer,Manual,0,5.47
Honda City,2022,2,16.16,24639,Petrol,Dealer,Automatic,0,12.07
Toyota Fortuner,2021,3,42.38,32611,Diesel,Dealer,Automatic,0,30.36
Tata Harrier,2018,6,19.58,69064,Diesel,Dealer,Automatic,0,9.15
Toyota Fortuner,2022,2,33.94,21450,Diesel,Dealer,Automatic,0,28.3
Tata Harrier,2019,5,17.43,79143,Diesel,Individual,Automatic,0,8.41
Toyota Fortuner,2011,13,36.71,148738,Diesel,Individual,Automatic,1,5.22
Maruti Baleno,2023,1,7.61,10743,Petrol,Dealer,Manual,0,6.93
Tata Nexon,2015,9,13.01,127873,Diesel,Dealer,Manual,0,3.31
Tata Nexon,2018,6,11.23,70874,Diesel,Individual,Manual,0,4.56
Hyundai i20,2021,3,9.15,43813,Petrol,Dealer,Manual,0,6.21
Hyundai Creta,2012,12,18.77,135079,Diesel,Dealer,Automatic,1,3.37
Tata Nexon,2014,10,10.95,104117,Diesel,Individual,Manual,0,3.02
Tata Nexon,2017,7,11.42,101097,Diesel,Individual,Manual,0,3.65
Mahindra XUV700,2013,11,20.35,128305,Diesel,Individual,Automatic,0,4.52
Mahindra XUV700,2023,1,20.66,7726,CNG,Dealer,Manual,0,18.58
Hyundai i20,2022,2,9.66,19614,Petrol,Individual,Manual,0,6.75
Hyundai Creta,2015,9,16.75,83286,Diesel,Dealer,Automatic,0,5.66
Honda City,2018,6,14.66,67469,Petrol,Dealer,Automatic,2,4.43
Mahindra XUV700,2022,2,20.65,15268,Diesel,Dealer,Manual,0,16.6
Honda City,2020,4,15.58,54043,Petrol,Dealer,Automatic,0,8.36
Maruti Swift,2013,11,7.5,158462,Petrol,Dealer,Manual,0,1.2
Mahindra XUV700,2014,10,22.04,119315,Diesel,Dealer,Automatic,1,5.49
Maruti Baleno,2019,5,7.82,68689,Petrol,Individual,Manual,0,2.99
Hyundai Creta,2017,7,15.36,96609,Diesel,Dealer,Automatic,0,6.2
Hyundai i20,2011,13,10.27,140344,Petrol,Dealer,Manual,0,1.64
Maruti Swift,2022,2,7.17,18425,Petrol,Individual,Manual,0,5.03
Hyundai Creta,2014,10,16.27,119410,Diesel,Dealer,Automatic,0,4.18
Maruti Baleno,2014,10,7.88,132567,Petrol,Dealer,Automatic,0,1.68
Hyundai Creta,2019,5,15.92,43028,Diesel,Dealer,Automatic,1,7.96
Maruti Baleno,2016,8,7.7,108381,Petrol,Individual,Manual,0,2.42
Maruti Baleno,2019,5,8.32,60751,Diesel,Individual,Manual,0,4.39
Honda City,2022,2,13.15,21373,Petrol,Dealer,Automatic,0,10.01
Toyota Fortuner,2016,8,34.08,75703,Diesel,Dealer,Automatic,0,13.61
Maruti Swift,2016,8,8.66,93194,Petrol,Individual,Manual,0,2.43
Hyundai Creta,2015,9,15.22,106744,Diesel,Dealer,Automatic,0,4.58
Tata Harrier,2015,9,19.31,99832,CNG,Individual,Automatic,0,4.73
Maruti Swift,2012,12,8.31,175454,CNG,Individual,Manual,0,1.75
Toyota Fortuner,2018,6,41.69,64104,Diesel,Dealer,Automatic,0,19.81
Maruti Swift,2018,6,7.1,85031,Petrol,Dealer,Manual,0,2.41
Tata Nexon,2021,3,12.35,36136,Diesel,Dealer,Manual,0,8.2
Tata Harrier,2023,1,20.59,9661,Diesel,Individual,Automatic,0,18.18
Toyota Fortuner,2011,13,42.18,126515,Diesel,Individual,Manual,0,7.32
Honda City,2018,6,11.86,61545,Petrol,Dealer,Automatic,0,5.22
Hyundai Creta,2015,9,17.14,93517,Diesel,Dealer,Automatic,1,5.02
Toyota Innova Crysta,2012,12,21.08,152511,Diesel,Individual,Manual,1,3.9
Toyota Fortuner,2012,12,37.22,126327,Diesel,Dealer,Manual,1,6.69
Hyundai i20,2016,8,8.78,100290,Petrol,Individual,Manual,0,2.28
Hyundai Creta,2021,3,17.18,30665,Diesel,Dealer,Manual,0,12.25
Toyota Fortuner,2023,1,40.72,7122,Diesel,Individual,Manual,0,34.3
Tata Nexon,2019,5,10.34,68721,Diesel,Individual,Manual,1,3.99
Toyota Innova Crysta,2011,13,28.27,124193,Petrol,Dealer,Manual,0,3.96
Tata Nexon,2022,2,9.43,17505,Diesel,Individual,Manual,0,7.67
Toyota Innova Crysta,2016,8,24.47,82912,Diesel,Dealer,Manual,0,8.61
Hyundai i20,2019,5,8.89,71660,Petrol,Individual,Manual,0,4.11
Hyundai Creta,2018,6,15.26,93761,Diesel,Individual,Automatic,1,5.05
Honda City,2021,3,14.45,43991,Petrol,Dealer,Manual,0,8.86
Tata Nexon,2016,8,12.61,90709,Diesel,Dealer,Manual,2,3.23
Tata Nexon,2013,11,12.98,105514,Diesel,Individual,Manual,0,3.25
Maruti Baleno,2018,6,7.97,75901,Petrol,Dealer,Manual,0,3.09
Toyota Innova Crysta,2019,5,20.97,44699,Diesel,Dealer,Manual,0,11.03
Mahindra XUV700,2011,13,19.64,165020,CNG,Dealer,Automatic,0,2.17
Hyundai Creta,2022,2,16.76,19292,Diesel,Individual,Automatic,0,13.62
Toyota Innova Crysta,2019,5,26.54,68721,Diesel,Dealer,Automatic,0,13.62
Maruti Baleno,2016,8,7.91,75796,Petrol,Dealer,Manual,1,2.62
Maruti Swift,2016,8,7.4,112968,Petrol,Dealer,Manual,1,1.2
Toyota Innova Crysta,2022,2,24.31,25193,Diesel,Dealer,Manual,0,18.72
Honda City,2014,10,13.09,107973,Petrol,Individual,Automatic,0,2.95
Hyundai Creta,2011,13,16.85,123790,Diesel,Dealer,Manual,1,3.35
Maruti Baleno,2020,4,8.42,49261,Petrol,Dealer,Manual,2,3.46
Maruti Swift,2018,6,7.12,79775,Petrol,Dealer,Manual,0,3.13
Tata Harrier,2012,12,17.02,138102,Diesel,Dealer,Manual,0,3.21
Maruti Baleno,2022,2,7.65,27341,Petrol,Individual,Manual,0,4.97
Tata Harrier,2011,13,18.52,130844,Diesel,Dealer,Automatic,0,3.83
Hyundai Creta,2012,12,15.72,130814,Diesel,Dealer,Automatic,0,2.96
Tata Nexon,2011,13,13.14,151693,Diesel,Dealer,Automatic,0,2.62
Maruti Baleno,2011,13,9.21,148936,CNG,Individual,Manual,0,1.22
Hyundai i20,2019,5,8.22,70018,Petrol,Dealer,Manual,1,3.43
Tata Harrier,2023,1,20.11,17037,Diesel,Dealer,Automatic,0,18.75
Honda City,2011,13,13.01,155774,Petrol,Dealer,Manual,0,1.47
Hyundai i20,2023,1,10.07,18915,Petrol,Individual,Automatic,0,8.81
Toyota Fortuner,2014,10,32.8,112017,Diesel,Dealer,Automatic,1,7.89
Toyota Fortuner,2020,4,36.49,38122,Diesel,Individual,Automatic,0,22.15
Maruti Swift,2016,8,6.34,104391,Petrol,Individual,Manual,1,1.43
Tata Nexon,2017,7,11.99,102293,Diesel,Dealer,Manual,1,4.41
Hyundai Creta,2012,12,17.55,167491,Diesel,Dealer,Automatic,1,3.53
Maruti Baleno,2016,8,7.17,117415,Petrol,Dealer,Automatic,2,1.46
Mahindra XUV700,2017,7,21.12,96525,CNG,Individual,Automatic,1,5.98
Honda City,2020,4,14.76,42442,Petrol,Individual,Automatic,0,7.54
Tata Harrier,2020,4,19.45,48436,Diesel,Dealer,Automatic,0,12.9
Hyundai Creta,2012,12,17.78,145577,Diesel,Individual,Automatic,1,3.05
Hyundai i20,2012,12,8.8,118359,Petrol,Individual,Manual,0,1.3
Toyota Fortuner,2020,4,39.9,59000,Diesel,Dealer,Automatic,0,24.08
Honda City,2017,7,14.2,82781,CNG,Individual,Automatic,2,3.57
Mahindra XUV700,2022,2,22.56,33477,Diesel,Dealer,Automatic,0,17.72
Maruti Baleno,2011,13,7.28,134952,Petrol,Dealer,Manual,1,1.2
Maruti Swift,2018,6,7.9,84257,Petrol,Individual,Manual,0,2.81
Mahindra XUV700,2021,3,22.94,44288,Diesel,Dealer,Automatic,0,15.67
Honda City,2023,1,14.93,8370,Petrol,Individual,Automatic,0,13.05
Mahindra XUV700,2013,11,20.73,121330,Petrol,Dealer,Automatic,0,3.6
Honda City,2021,3,14.09,31529,CNG,Individual,Automatic,0,9.06
Honda City,2016,8,13.33,111814,Petrol,Dealer,Automatic,0,3.5
Toyota Innova Crysta,2019,5,27.56,67692,Diesel,Dealer,Manual,0,13.83
Tata Harrier,2016,8,19.82,112961,Diesel,Individual,Automatic,0,5.91
Toyota Fortuner,2019,5,41.54,47569,Diesel,Dealer,Automatic,0,23.85
Toyota Innova Crysta,2017,7,23.7,91986,Diesel,Dealer,Automatic,0,8.1
Maruti Baleno,2019,5,8.05,49558,Petrol,Individual,Automatic,1,3.92
Toyota Innova Crysta,2012,12,27.34,109077,Petrol,Dealer,Manual,0,3.95
Tata Nexon,2022,2,12.83,15914,Diesel,Dealer,Manual,0,10.71
Tata Nexon,2018,6,11.28,70672,Diesel,Individual,Manual,0,4.86
Toyota Fortuner,2018,6,36.46,56975,Diesel,Individual,Automatic,1,15.42
Mahindra XUV700,2012,12,18.74,144358,Diesel,Dealer,Automatic,0,3.99
Tata Harrier,2022,2,17.44,24450,Diesel,Dealer,Automatic,0,14.36
Toyota Fortuner,2014,10,33.23,139034,Diesel,Individual,Automatic,1,7.06
Honda City,2021,3,12.61,44974,Petrol,Individual,Manual,0,7.7
Hyundai i20,2017,7,8.01,66051,Petrol,Dealer,Manual,0,3.05
Tata Harrier,2021,3,19.92,35762,Diesel,Individual,Automatic,0,13.89
Tata Harrier,2014,10,18.09,98388,Diesel,Dealer,Automatic,2,4.29
Honda City,2014,10,13.93,139202,Petrol,Dealer,Automatic,0,3.38
Honda City,2016,8,14.7,83652,CNG,Individual,Manual,0,4.43
Maruti Swift,2020,4,9.04,41466,Petrol,Dealer,Manual,0,5.17
Toyota Fortuner,2016,8,33.85,78096,Diesel,Dealer,Automatic,0,12.71
Honda City,2020,4,15.18,34377,Petrol,Dealer,Automatic,1,7.72
Tata Nexon,2013,11,12.44,111030,Diesel,Individual,Manual,1,2.44
Maruti Baleno,2019,5,7.73,55989,Petrol,Individual,Manual,2,2.44
Hyundai i20,2022,2,9.27,26775,Petrol,Dealer,Manual,0,7.24
Toyota Fortuner,2020,4,42.87,42481,Diesel,Individual,Automatic,0,25.55
Hyundai Creta,2021,3,16.58,37726,Diesel,Dealer,Automatic,0,12.15
Tata Nexon,2012,12,12.49,145577,Diesel,Dealer,Manual,1,2.54
Mahindra XUV700,2016,8,20.1,103971,Diesel,Individual,Automatic,0,5.96
Honda City,2022,2,15.55,21353,Petrol,Dealer,Automatic,0,13.32
Hyundai Creta,2017,7,15.23,66848,Diesel,Individual,Manual,1,5.26
Honda City,2022,2,13.06,19304,Petrol,Dealer,Automatic,0,10.83
Tata Harrier,2023,1,19.05,4000,Diesel,Dealer,Automatic,0,18.76
Tata Nexon,2019,5,13.36,73696,Diesel,Individual,Manual,0,5.83
Tata Harrier,2023,1,14.48,17751,Diesel,Dealer,Automatic,0,13.13
Maruti Swift,2013,11,6.68,157091,Petrol,Individual,Manual,1,1.33
Tata Harrier,2020,4,17.37,58035,Diesel,Dealer,Automatic,1,9.29
Maruti Swift,2013,11,6.46,109976,Petrol,Dealer,Manual,2,1.2
Maruti Swift,2017,7,8.11,99798,Petrol,Individual,Manual,1,2.23
Hyundai Creta,2014,10,16.0,90949,Diesel,Dealer,Automatic,1,4.12
Honda City,2023,1,13.65,13632,Petrol,Individual,Automatic,0,12.24
Mahindra XUV700,2018,6,19.38,55841,Diesel,Individual,Automatic,2,6.95
Tata Harrier,2023,1,22.21,18724,Diesel,Dealer,Automatic,0,21.31
Tata Nexon,2017,7,11.59,102393,Diesel,Individual,Manual,2,3.05
Maruti Swift,2015,9,7.99,105748,Petrol,Dealer,Manual,1,1.61
Honda City,2017,7,11.9,83765,Petrol,Individual,Automatic,0,3.78
Hyundai i20,2013,11,8.02,119050,Petrol,Dealer,Manual,0,1.2
Toyota Fortuner,2022,2,37.95,20156,Diesel,Individual,Automatic,0,30.07
Hyundai Creta,2012,12,17.06,137123,Diesel,Individual,Automatic,0,3.08
Mahindra XUV700,2016,8,19.33,84251,Diesel,Individual,Automatic,0,6.6
Toyota Innova Crysta,2012,12,24.48,137062,Petrol,Dealer,Manual,2,2.7
Hyundai Creta,2013,11,14.2,163497,Diesel,Dealer,Automatic,0,3.77
Hyundai i20,2016,8,8.9,84457,Petrol,Individual,Manual,0,2.48
Toyota Fortuner,2015,9,41.25,104838,Diesel,Dealer,Automatic,0,12.43
Hyundai i20,2018,6,9.68,72278,Petrol,Individual,Manual,1,2.33
Tata Harrier,2019,5,19.55,52963,Diesel,Dealer,Automatic,0,11.35
Maruti Swift,2021,3,7.04,30888,Petrol,Dealer,Automatic,0,5.5
Mahindra XUV700,2013,11,20.93,125451,Diesel,Individual,Automatic,0,5.0
Maruti Baleno,2022,2,7.11,20772,CNG,Dealer,Manual,0,5.14
Maruti Swift,2020,4,8.17,43794,CNG,Dealer,Manual,0,4.31
Maruti Baleno,2013,11,8.35,148264,Petrol,Dealer,Manual,0,1.85
Toyota Fortuner,2013,11,40.35,113991,Diesel,Individual,Automatic,0,9.29
Honda City,2023,1,14.69,16404,Petrol,Dealer,Automatic,0,14.19
Toyota Innova Crysta,2023,1,23.37,13633,Diesel,Individual,Manual,0,19.89
Tata Nexon,2016,8,11.93,98050,Petrol,Dealer,Manual,1,3.52
Maruti Swift,2011,13,7.52,131245,Petrol,Dealer,Manual,0,1.2
Mahindra XUV700,2017,7,19.49,91998,CNG,Dealer,Automatic,1,5.92
Hyundai i20,2022,2,8.64,20281,Petrol,Dealer,Manual,0,6.47
Mahindra XUV700,2011,13,22.78,169041,Diesel,Individual,Automatic,0,4.32
Toyota Fortuner,2015,9,34.28,132131,Diesel,Individual,Automatic,1,7.46
Maruti Baleno,2020,4,8.37,53216,Petrol,Dealer,Automatic,1,4.51
Hyundai i20,2023,1,8.07,7129,Petrol,Dealer,Manual,0,7.32
Tata Nexon,2018,6,13.72,57403,Diesel,Individual,Manual,1,5.87
Tata Nexon,2014,10,12.39,101066,Diesel,Individual,Manual,0,3.09
Maruti Swift,2015,9,6.37,114603,Petrol,Dealer,Manual,0,1.69
Toyota Fortuner,2014,10,38.21,153045,Diesel,Dealer,Manual,0,9.11
Honda City,2022,2,11.47,22608,Petrol,Dealer,Manual,0,8.16
Toyota Fortuner,2022,2,36.5,24576,Diesel,Individual,Automatic,0,27.81
Maruti Baleno,2014,10,7.95,90297,Petrol,Dealer,Manual,0,1.82
Mahindra XUV700,2022,2,22.32,27260,Diesel,Individual,Automatic,0,17.13
Tata Nexon,2018,6,13.19,82606,Diesel,Dealer,Manual,0,6.07
Mahindra XUV700,2012,12,19.41,122080,Diesel,Dealer,Manual,0,3.46
Mahindra XUV700,2011,13,21.66,184359,Diesel,Dealer,Automatic,0,4.5
Mahindra XUV700,2013,11,21.87,116588,Diesel,Dealer,Automatic,1,5.32
Tata Nexon,2019,5,11.07,73998,Diesel,Dealer,Manual,0,5.76
Hyundai Creta,2014,10,13.42,125824,Diesel,Individual,Automatic,0,3.21
Tata Harrier,2020,4,21.86,43320,Diesel,Dealer,Automatic,0,12.93
Maruti Baleno,2015,9,7.89,132974,Petrol,Individual,Manual,0,1.2
Hyundai Creta,2012,12,14.42,151540,Diesel,Individual,Manual,0,3.06
Maruti Baleno,2014,10,7.65,105950,Petrol,Dealer,Manual,0,1.2
Hyundai i20,2012,12,8.18,135902,Petrol,Individual,Manual,0,1.2
Toyota Fortuner,2012,12,39.79,162878,Diesel,Dealer,Automatic,0,7.73
Toyota Fortuner,2014,10,36.39,106575,Diesel,Dealer,Automatic,0,10.08
Toyota Innova Crysta,2016,8,23.49,120993,Diesel,Dealer,Manual,0,7.6
Toyota Fortuner,2017,7,40.25,104695,CNG,Individual,Automatic,1,10.74
Tata Nexon,2020,4,11.77,48357,Diesel,Dealer,Manual,0,6.97
Honda City,2013,11,15.62,144291,Diesel,Dealer,Automatic,0,3.41
Maruti Swift,2013,11,7.42,138884,Petrol,Dealer,Manual,1,1.2
Toyota Innova Crysta,2020,4,22.95,59850,Diesel,Dealer,Manual,0,12.93
Maruti Swift,2016,8,7.8,78864,Petrol,Dealer,Manual,1,2.29
Maruti Baleno,2023,1,7.33,17692,Petrol,Individual,Manual,0,5.69
Maruti Swift,2022,2,7.19,22477,Petrol,Dealer,Manual,0,5.23
Maruti Swift,2013,11,8.31,128313,Petrol,Individual,Manual,1,1.2
Toyota Innova Crysta,2023,1,26.53,17914,Diesel,Individual,Manual,0,21.87
Hyundai i20,2012,12,8.38,158338,CNG,Individual,Manual,1,1.93
Mahindra XUV700,2018,6,22.4,58013,Diesel,Dealer,Automatic,0,10.93
Toyota Fortuner,2015,9,41.35,113221,Diesel,Dealer,Automatic,0,12.57
Toyota Fortuner,2011,13,35.05,185454,Diesel,Dealer,Manual,0,6.26
Tata Nexon,2013,11,14.5,132030,Diesel,Dealer,Manual,1,2.02
Toyota Innova Crysta,2020,4,22.5,43402,Diesel,Dealer,Manual,1,11.72
Tata Nexon,2018,6,11.03,68672,Diesel,Dealer,Manual,1,4.42
Honda City,2014,10,15.2,143347,Petrol,Dealer,Automatic,0,3.15
Honda City,2017,7,13.78,93758,Petrol,Individual,Automatic,0,4.72
Tata Nexon,2020,4,12.87,37075,CNG,Dealer,Manual,1,6.21
Toyota Innova Crysta,2022,2,25.71,32058,CNG,Individual,Manual,0,17.28
Tata Nexon,2012,12,9.79,147189,Diesel,Dealer,Manual,2,1.89
Toyota Fortuner,2017,7,39.31,81339,Diesel,Individual,Automatic,0,15.47
Hyundai Creta,2015,9,15.71,84636,Diesel,Individual,Automatic,0,5.38
Tata Harrier,2015,9,17.29,110340,Diesel,Dealer,Automatic,1,5.04
Maruti Swift,2016,8,9.28,83972,Petrol,Individual,Manual,2,1.85
Tata Harrier,2023,1,20.78,10509,Diesel,Dealer,Automatic,0,19.77
Toyota Innova Crysta,2019,5,21.22,45861,Diesel,Dealer,Manual,0,10.92
Tata Harrier,2016,8,17.99,103312,Diesel,Individual,Automatic,1,5.12
Honda City,2022,2,14.56,17228,Petrol,Individual,Automatic,0,11.29
Maruti Baleno,2023,1,7.39,20457,Petrol,Individual,Manual,0,5.61
Maruti Swift,2018,6,7.86,71297,Petrol,Individual,Manual,0,3.43
Mahindra XUV700,2017,7,22.38,93416,Diesel,Dealer,Automatic,1,7.68
Toyota Innova Crysta,2019,5,22.66,75272,Diesel,Individual,Manual,0,9.86
Maruti Swift,2014,10,8.14,119757,CNG,Dealer,Manual,1,1.69
Tata Harrier,2012,12,18.56,160671,Diesel,Dealer,Automatic,1,3.35
Honda City,2017,7,12.82,75172,Petrol,Individual,Automatic,1,4.27
Hyundai i20,2016,8,9.0,95555,Petrol,Dealer,Manual,0,3.03
Hyundai Creta,2011,13,16.28,182003,Diesel,Dealer,Automatic,1,2.56
Mahindra XUV700,2021,3,23.58,38350,Diesel,Individual,Automatic,0,15.8
Hyundai Creta,2019,5,16.91,63529,Diesel,Dealer,Automatic,0,9.35
Maruti Swift,2019,5,7.35,52590,Petrol,Dealer,Manual,0,3.5
Honda City,2022,2,15.74,31582,Petrol,Individual,Automatic,0,11.87
Honda City,2012,12,13.62,148503,Petrol,Dealer,Automatic,0,2.42
Tata Harrier,2013,11,18.63,121018,Diesel,Dealer,Automatic,0,4.24
Toyota Fortuner,2015,9,34.91,124111,Diesel,Dealer,Automatic,0,10.4
Tata Harrier,2015,9,17.77,123479,Diesel,Dealer,Manual,0,5.27
Toyota Fortuner,2011,13,38.76,192350,Diesel,Dealer,Automatic,1,6.72
Toyota Fortuner,2018,6,38.65,73925,Diesel,Dealer,Automatic,0,18.82
Mahindra XUV700,2022,2,20.6,22495,Diesel,Individual,Automatic,0,15.81
Tata Harrier,2018,6,18.14,80410,Diesel,Individual,Automatic,1,7.02
Hyundai i20,2014,10,8.68,115203,Petrol,Dealer,Manual,0,2.33
Tata Nexon,2023,1,11.65,9600,Diesel,Dealer,Automatic,0,10.72
Tata Nexon,2017,7,12.93,84725,Diesel,Dealer,Manual,2,3.62
Tata Harrier,2021,3,20.07,39640,Diesel,Dealer,Automatic,0,14.58
Tata Harrier,2020,4,16.31,46069,CNG,Individual,Automatic,0,8.55
Hyundai Creta,2013,11,15.26,137043,Diesel,Individual,Automatic,0,2.98
Mahindra XUV700,2016,8,19.57,68036,Petrol,Individual,Automatic,1,5.47
Tata Harrier,2020,4,18.13,36536,Diesel,Dealer,Automatic,0,12.24
Hyundai Creta,2023,1,14.38,12499,Diesel,Dealer,Automatic,0,13.56
Toyota Fortuner,2020,4,36.3,43086,Diesel,Dealer,Automatic,0,22.76
Honda City,2022,2,15.12,20337,Petrol,Individual,Automatic,0,11.47
Honda City,2019,5,13.37,56971,Petrol,Dealer,Manual,0,6.28
Toyota Fortuner,2011,13,37.25,141431,Diesel,Dealer,Automatic,2,5.86
Toyota Innova Crysta,2015,9,26.62,87328,Diesel,Individual,Automatic,1,7.51
Hyundai Creta,2014,10,13.87,118927,Diesel,Dealer,Automatic,0,3.36
Hyundai Creta,2018,6,15.29,79356,Diesel,Dealer,Automatic,1,6.49
Toyota Fortuner,2021,3,37.24,30869,Diesel,Dealer,Automatic,0,27.2
Hyundai i20,2022,2,9.02,27174,Petrol,Dealer,Manual,0,6.98
Maruti Baleno,2011,13,7.87,119549,Petrol,Dealer,Manual,0,1.2
