device_id,air_temperature_k,process_temperature_k,rotational_speed_rpm,torque_nm,tool_wear_min,failure_mode,failure
ECU_SENS_01001,300.99,311.12,1400.1,31.76,107.4,No_Failure,0
ECU_SENS_01002,299.72,309.29,1561.8,32.81,231.7,No_Failure,0
ECU_SENS_01003,301.3,311.42,1431.6,60.5,90.6,Power_Failure,1
ECU_SENS_01004,303.05,313.59,1481.1,40.01,62.0,No_Failure,0
ECU_SENS_01005,299.53,309.58,1831.2,47.82,58.4,Power_Failure,1
ECU_SENS_01006,299.53,309.57,1771.3,32.09,109.9,No_Failure,0
ECU_SENS_01007,303.16,312.46,1296.1,32.2,182.3,No_Failure,0
ECU_SENS_01008,301.53,310.87,1679.4,50.82,49.4,No_Failure,0
ECU_SENS_01009,299.06,307.66,1676.1,26.5,170.2,No_Failure,0
ECU_SENS_01010,301.09,312.83,1323.3,35.85,5.1,No_Failure,0
ECU_SENS_01011,299.07,307.83,1677.4,40.34,100.5,No_Failure,0
ECU_SENS_01012,299.07,308.38,1806.8,41.11,186.2,No_Failure,0
ECU_SENS_01013,300.48,309.77,1327.9,38.21,81.3,No_Failure,0
ECU_SENS_01014,296.17,307.07,1364.8,43.96,135.3,No_Failure,0
ECU_SENS_01015,296.55,306.26,1713.2,46.93,49.2,No_Failure,0
ECU_SENS_01016,298.88,310.12,1578.9,47.35,178.1,No_Failure,0
ECU_SENS_01017,297.97,307.3,1629.3,30.14,12.5,No_Failure,0
ECU_SENS_01018,300.63,310.91,1591.3,37.16,204.6,No_Failure,0
ECU_SENS_01019,298.18,307.35,1600.3,51.95,47.6,No_Failure,0
ECU_SENS_01020,297.18,309.32,1291.2,48.95,209.9,No_Failure,0
ECU_SENS_01021,302.93,311.74,1718.5,26.27,84.6,No_Failure,0
ECU_SENS_01022,299.55,309.86,1740.5,43.51,173.4,No_Failure,0
ECU_SENS_01023,300.14,310.77,1488.7,20.22,76.6,Power_Failure,1
ECU_SENS_01024,297.15,307.56,1522.2,40.47,217.4,Tool_Wear_Failure,1
ECU_SENS_01025,298.91,308.73,1254.4,58.98,30.4,No_Failure,0
ECU_SENS_01026,300.22,310.09,1622.6,30.52,42.8,No_Failure,0
ECU_SENS_01027,297.7,307.74,1633.0,31.66,118.3,No_Failure,0
ECU_SENS_01028,300.75,310.6,1518.8,47.64,19.7,No_Failure,0
ECU_SENS_01029,298.8,309.76,1732.4,24.57,47.0,No_Failure,0
ECU_SENS_01030,299.42,311.63,1469.9,33.67,226.5,No_Failure,0
ECU_SENS_01031,298.8,308.24,1631.6,45.96,234.4,No_Failure,0
ECU_SENS_01032,303.7,312.33,1346.5,33.66,90.3,No_Failure,0
ECU_SENS_01033,299.97,309.88,1525.8,37.64,221.6,No_Failure,0
ECU_SENS_01034,297.88,310.46,1498.6,47.44,130.8,No_Failure,0
ECU_SENS_01035,301.65,310.84,1570.6,44.22,64.7,No_Failure,0
ECU_SENS_01036,297.56,309.2,1463.5,42.67,168.6,No_Failure,0
ECU_SENS_01037,300.42,312.1,1506.3,36.61,158.1,No_Failure,0
ECU_SENS_01038,296.08,305.53,1678.7,43.7,237.4,Tool_Wear_Failure,1
ECU_SENS_01039,297.34,307.91,1451.4,38.76,63.6,No_Failure,0
ECU_SENS_01040,300.39,312.02,1240.8,44.58,161.3,No_Failure,0
ECU_SENS_01041,301.48,311.1,1844.9,35.03,12.5,No_Failure,0
ECU_SENS_01042,300.34,310.14,1778.7,38.17,27.3,No_Failure,0
ECU_SENS_01043,299.77,309.19,1297.4,30.1,0.9,No_Failure,0
ECU_SENS_01044,299.4,308.38,1654.1,39.65,239.9,No_Failure,0
ECU_SENS_01045,297.04,306.39,1439.5,31.89,192.5,No_Failure,0
ECU_SENS_01046,298.56,307.34,1577.4,28.86,188.8,No_Failure,0
ECU_SENS_01047,299.08,309.11,1583.0,42.59,122.3,No_Failure,0
ECU_SENS_01048,302.11,311.34,1487.8,42.13,72.0,No_Failure,0
ECU_SENS_01049,300.69,310.92,1388.9,47.83,36.3,No_Failure,0
ECU_SENS_01050,296.47,304.92,1405.7,35.69,68.3,No_Failure,0
ECU_SENS_01051,300.65,310.98,1365.1,44.08,90.2,No_Failure,0
ECU_SENS_01052,299.23,310.06,1380.3,45.51,181.5,No_Failure,0
ECU_SENS_01053,298.65,306.65,1517.9,44.45,129.5,No_Failure,0
ECU_SENS_01054,301.22,311.6,1401.2,31.74,18.6,No_Failure,0
ECU_SENS_01055,302.06,313.29,1652.8,41.49,4.3,No_Failure,0
ECU_SENS_01056,301.86,310.65,1797.7,43.64,24.6,No_Failure,0
ECU_SENS_01057,298.32,309.99,1425.6,40.07,98.5,No_Failure,0
ECU_SENS_01058,299.38,309.8,1573.1,19.14,224.0,Power_Failure,1
ECU_SENS_01059,300.66,309.96,1619.9,41.6,153.0,No_Failure,0
ECU_SENS_01060,301.95,311.9,1615.0,62.13,192.4,Power_Failure,1
ECU_SENS_01061,299.04,309.6,1543.7,36.4,111.9,No_Failure,0
ECU_SENS_01062,299.63,309.7,1663.7,32.72,86.8,No_Failure,0
ECU_SENS_01063,297.79,308.33,1616.8,43.73,26.0,No_Failure,0
ECU_SENS_01064,297.61,306.69,1307.2,43.12,210.2,Tool_Wear_Failure,1
ECU_SENS_01065,301.63,311.79,1686.4,51.93,188.0,Power_Failure,1
ECU_SENS_01066,302.71,311.3,1689.7,27.42,40.3,No_Failure,0
ECU_SENS_01067,299.86,309.74,1392.6,47.31,122.9,No_Failure,0
ECU_SENS_01068,302.01,311.1,1536.8,45.9,117.0,No_Failure,0
ECU_SENS_01069,300.72,309.99,1653.0,38.58,150.0,No_Failure,0
ECU_SENS_01070,298.71,309.95,1492.3,43.39,227.1,Tool_Wear_Failure,1
ECU_SENS_01071,300.72,311.81,1723.1,50.29,139.1,Power_Failure,1
ECU_SENS_01072,303.08,313.69,1955.5,48.72,129.7,Power_Failure,1
ECU_SENS_01073,299.93,308.84,1388.5,28.57,12.1,No_Failure,0
ECU_SENS_01074,303.13,312.81,1281.4,48.2,15.1,No_Failure,0
ECU_SENS_01075,294.76,305.97,1584.7,39.35,45.0,No_Failure,0
ECU_SENS_01076,301.64,311.79,1659.9,40.73,7.8,No_Failure,0
ECU_SENS_01077,300.17,312.49,1488.4,40.73,178.4,No_Failure,0
ECU_SENS_01078,299.4,309.8,1791.6,38.5,173.6,No_Failure,0
ECU_SENS_01079,300.18,310.38,1289.1,51.92,32.7,No_Failure,0
ECU_SENS_01080,296.02,305.72,1654.7,39.16,200.7,No_Failure,0
ECU_SENS_01081,299.56,309.69,1420.9,28.8,37.1,No_Failure,0
ECU_SENS_01082,300.71,310.56,1839.5,36.06,72.3,No_Failure,0
ECU_SENS_01083,302.96,313.66,1888.7,41.79,59.8,No_Failure,0
ECU_SENS_01084,298.96,309.92,1392.0,52.29,89.4,No_Failure,0
ECU_SENS_01085,298.38,307.6,1431.1,46.03,61.1,No_Failure,0
ECU_SENS_01086,299.0,307.67,1684.7,31.49,117.3,No_Failure,0
ECU_SENS_01087,301.83,309.99,1460.3,64.85,97.8,Power_Failure,1
ECU_SENS_01088,300.66,311.17,1521.8,42.65,236.8,Tool_Wear_Failure,1
ECU_SENS_01089,298.94,307.84,1534.6,52.75,13.4,No_Failure,0
ECU_SENS_01090,301.03,308.87,1184.5,38.48,34.1,Heat_Dissipation_Failure,1
ECU_SENS_01091,300.19,310.58,1527.5,45.33,12.7,No_Failure,0
ECU_SENS_01092,301.94,314.43,1405.8,48.39,150.2,No_Failure,0
ECU_SENS_01093,298.6,308.59,1441.2,52.18,13.1,No_Failure,0
ECU_SENS_01094,299.34,310.18,1789.9,50.57,200.7,Power_Failure,1
ECU_SENS_01095,299.22,309.3,1303.8,48.72,122.9,No_Failure,0
ECU_SENS_01096,297.07,306.97,1676.4,36.85,126.5,No_Failure,0
ECU_SENS_01097,300.59,311.51,1479.8,34.28,134.8,No_Failure,0
ECU_SENS_01098,300.52,310.23,1479.6,43.33,41.0,No_Failure,0
ECU_SENS_01099,300.01,310.28,1672.3,49.33,47.4,No_Failure,0
ECU_SENS_01100,299.53,309.85,1591.2,37.77,76.5,No_Failure,0
ECU_SENS_01101,297.17,306.5,1632.7,50.65,142.4,No_Failure,0
ECU_SENS_01102,299.16,310.15,1704.3,54.53,50.4,Power_Failure,1
ECU_SENS_01103,299.31,309.14,1470.4,30.84,27.9,No_Failure,0
ECU_SENS_01104,298.4,307.64,1419.8,31.63,232.8,Tool_Wear_Failure,1
ECU_SENS_01105,299.68,310.21,1334.7,38.6,5.3,No_Failure,0
ECU_SENS_01106,300.81,309.91,1381.4,43.08,192.6,No_Failure,0
ECU_SENS_01107,303.77,313.8,2060.8,34.75,189.1,No_Failure,0
ECU_SENS_01108,300.35,310.34,1754.0,53.52,71.3,Power_Failure,1
ECU_SENS_01109,300.52,311.6,1286.8,44.24,32.6,No_Failure,0
ECU_SENS_01110,299.85,310.33,1292.0,40.39,35.0,No_Failure,0
ECU_SENS_01111,296.16,306.14,1616.7,25.64,167.4,No_Failure,0
ECU_SENS_01112,299.95,310.76,1628.5,26.84,154.3,No_Failure,0
ECU_SENS_01113,300.12,311.51,1628.8,42.81,187.9,No_Failure,0
ECU_SENS_01114,304.93,315.48,1484.1,18.67,225.0,Power_Failure,1
ECU_SENS_01115,299.62,309.63,1507.4,50.13,166.1,No_Failure,0
ECU_SENS_01116,300.6,309.29,1589.0,38.42,37.4,No_Failure,0
ECU_SENS_01117,299.93,308.87,1545.5,72.43,58.4,Power_Failure,1
ECU_SENS_01118,297.66,307.36,1150.0,63.08,202.1,Overstrain_Failure,1
ECU_SENS_01119,302.29,311.68,1488.6,38.19,50.2,No_Failure,0
ECU_SENS_01120,301.5,311.32,1376.7,38.94,17.4,No_Failure,0
ECU_SENS_01121,301.58,311.64,1561.5,49.96,168.8,No_Failure,0
ECU_SENS_01122,298.18,308.71,2067.3,57.03,96.6,Power_Failure,1
ECU_SENS_01123,302.81,312.74,1596.1,23.62,220.8,Tool_Wear_Failure,1
ECU_SENS_01124,297.2,307.68,1473.6,22.14,156.1,Power_Failure,1
ECU_SENS_01125,301.17,311.24,1695.9,33.78,21.7,No_Failure,0
ECU_SENS_01126,304.38,312.41,1616.9,45.83,227.5,Tool_Wear_Failure,1
ECU_SENS_01127,298.02,307.08,1605.6,44.97,62.1,No_Failure,0
ECU_SENS_01128,298.87,308.72,1639.2,50.7,80.9,No_Failure,0
ECU_SENS_01129,300.2,308.99,1900.2,28.0,96.5,No_Failure,0
ECU_SENS_01130,298.99,309.59,1326.4,16.84,12.3,Power_Failure,1
ECU_SENS_01131,296.9,308.43,1615.3,48.58,119.2,No_Failure,0
ECU_SENS_01132,300.14,311.36,1363.3,31.72,29.6,No_Failure,0
ECU_SENS_01133,297.88,307.66,1630.0,19.82,96.2,Power_Failure,1
ECU_SENS_01134,300.95,312.44,1364.6,41.45,84.2,No_Failure,0
ECU_SENS_01135,298.16,308.31,1454.9,47.93,185.5,No_Failure,0
ECU_SENS_01136,303.1,312.76,1476.9,38.78,192.8,No_Failure,0
ECU_SENS_01137,298.43,307.82,1705.6,35.42,36.8,No_Failure,0
ECU_SENS_01138,299.36,309.05,1695.3,38.41,88.0,No_Failure,0
ECU_SENS_01139,301.63,311.24,1305.8,36.29,89.6,No_Failure,0
ECU_SENS_01140,297.54,307.71,1539.9,26.52,36.3,No_Failure,0
ECU_SENS_01141,300.45,310.62,1402.3,32.85,191.6,No_Failure,0
ECU_SENS_01142,302.61,312.62,1303.5,45.21,169.7,No_Failure,0
ECU_SENS_01143,296.79,307.22,1490.9,43.22,45.7,No_Failure,0
ECU_SENS_01144,300.37,311.56,1474.5,41.68,88.0,No_Failure,0
ECU_SENS_01145,300.52,311.47,1966.8,30.05,25.4,No_Failure,0
ECU_SENS_01146,301.56,310.08,1607.9,38.18,150.8,No_Failure,0
ECU_SENS_01147,297.53,304.97,1282.0,18.23,29.1,Heat_Dissipation_Failure,1
ECU_SENS_01148,297.36,308.29,1428.3,41.78,236.6,Tool_Wear_Failure,1
ECU_SENS_01149,301.04,309.68,1713.8,54.29,187.4,Power_Failure,1
ECU_SENS_01150,300.59,310.37,1905.9,25.26,93.7,No_Failure,0
ECU_SENS_01151,300.5,309.33,1244.5,34.14,138.9,No_Failure,0
ECU_SENS_01152,300.69,308.89,1191.6,43.29,218.7,Heat_Dissipation_Failure,1
ECU_SENS_01153,298.64,309.18,1866.8,52.53,133.0,Power_Failure,1
ECU_SENS_01154,300.46,311.22,1600.1,35.52,41.9,No_Failure,0
ECU_SENS_01155,300.59,310.01,1373.7,33.08,90.9,No_Failure,0
ECU_SENS_01156,298.57,305.98,1626.2,20.31,202.4,Power_Failure,1
ECU_SENS_01157,303.73,313.19,1150.0,41.03,154.6,No_Failure,0
ECU_SENS_01158,300.95,311.34,1530.6,60.42,156.2,Power_Failure,1
ECU_SENS_01159,297.62,306.14,1589.0,42.77,208.0,No_Failure,0
ECU_SENS_01160,301.31,311.5,1696.4,39.78,214.6,No_Failure,0
ECU_SENS_01161,298.05,308.04,1347.5,43.22,220.8,No_Failure,0
ECU_SENS_01162,301.57,312.15,1545.4,39.89,22.8,No_Failure,0
ECU_SENS_01163,302.32,312.44,1363.4,31.87,130.6,No_Failure,0
ECU_SENS_01164,298.36,307.39,1576.0,48.23,177.7,No_Failure,0
ECU_SENS_01165,301.93,313.12,1368.8,42.26,181.7,No_Failure,0
ECU_SENS_01166,300.83,310.67,1456.5,40.18,145.6,No_Failure,0
ECU_SENS_01167,301.64,311.62,1350.8,30.25,40.0,No_Failure,0
ECU_SENS_01168,303.79,312.86,1647.2,53.04,191.4,Power_Failure,1
ECU_SENS_01169,299.51,309.07,1684.5,46.65,172.8,No_Failure,0
ECU_SENS_01170,298.49,307.61,1487.8,34.47,20.7,No_Failure,0
ECU_SENS_01171,298.22,308.05,1536.9,50.02,111.3,No_Failure,0
ECU_SENS_01172,298.37,310.08,1269.3,35.02,41.8,No_Failure,0
ECU_SENS_01173,299.85,308.47,1476.1,32.18,81.0,No_Failure,0
ECU_SENS_01174,300.68,309.07,1521.0,32.4,4.3,No_Failure,0
ECU_SENS_01175,300.55,312.02,2001.7,22.29,96.1,No_Failure,0
ECU_SENS_01176,301.65,311.45,1329.8,44.72,132.0,No_Failure,0
ECU_SENS_01177,300.03,309.36,1793.6,21.69,148.7,No_Failure,0
ECU_SENS_01178,302.91,313.95,1709.4,27.72,159.2,No_Failure,0
ECU_SENS_01179,299.47,308.87,1580.5,19.24,200.7,Power_Failure,1
ECU_SENS_01180,305.44,317.27,1846.6,39.14,51.7,No_Failure,0
ECU_SENS_01181,301.25,311.93,1597.0,38.5,28.9,No_Failure,0
ECU_SENS_01182,298.29,307.8,1600.0,36.73,204.4,No_Failure,0
ECU_SENS_01183,297.86,310.02,1520.4,29.57,37.6,No_Failure,0
ECU_SENS_01184,300.96,310.36,1750.2,28.28,233.9,No_Failure,0
ECU_SENS_01185,299.55,310.3,1727.4,44.64,202.2,No_Failure,0
ECU_SENS_01186,301.43,311.73,1417.4,34.49,120.2,No_Failure,0
ECU_SENS_01187,300.95,312.25,1292.5,43.16,235.5,Tool_Wear_Failure,1
ECU_SENS_01188,299.85,311.42,1493.5,31.15,23.4,No_Failure,0
ECU_SENS_01189,298.31,308.34,1386.0,41.81,72.7,No_Failure,0
ECU_SENS_01190,296.97,306.22,1518.6,53.03,153.2,No_Failure,0
ECU_SENS_01191,299.11,309.57,1752.7,45.86,84.0,No_Failure,0
ECU_SENS_01192,301.71,311.04,1447.7,35.88,222.8,Tool_Wear_Failure,1
ECU_SENS_01193,300.43,312.44,1522.3,42.57,15.8,No_Failure,0
ECU_SENS_01194,297.51,307.65,1540.4,37.59,131.9,No_Failure,0
ECU_SENS_01195,300.35,309.98,1682.7,40.08,141.8,No_Failure,0
ECU_SENS_01196,300.77,310.96,1150.0,36.74,156.7,No_Failure,0
ECU_SENS_01197,298.23,306.89,1420.8,38.36,61.4,No_Failure,0
ECU_SENS_01198,300.31,309.34,1568.0,42.12,87.5,No_Failure,0
ECU_SENS_01199,300.12,311.32,1746.0,30.07,202.5,No_Failure,0
ECU_SENS_01200,297.71,307.06,1441.5,29.84,46.8,No_Failure,0
ECU_SENS_01201,300.72,309.67,1192.2,26.11,198.4,Power_Failure,1
ECU_SENS_01202,301.12,311.66,1641.5,24.0,135.0,No_Failure,0
ECU_SENS_01203,302.17,313.35,1415.6,27.83,182.9,No_Failure,0
ECU_SENS_01204,302.11,312.83,1315.9,41.59,171.3,No_Failure,0
ECU_SENS_01205,297.24,308.24,1417.6,31.07,49.8,No_Failure,0
ECU_SENS_01206,298.12,307.37,1496.8,45.14,136.5,No_Failure,0
ECU_SENS_01207,301.03,309.61,1421.1,40.35,208.3,No_Failure,0
ECU_SENS_01208,301.03,312.53,1150.0,20.31,103.7,Power_Failure,1
ECU_SENS_01209,301.03,310.71,1691.5,46.55,232.0,Tool_Wear_Failure,1
ECU_SENS_01210,307.71,317.45,1759.5,48.11,108.5,No_Failure,0
ECU_SENS_01211,301.14,312.47,1647.3,30.06,34.3,No_Failure,0
ECU_SENS_01212,302.27,312.83,1325.2,44.2,93.5,No_Failure,0
ECU_SENS_01213,301.91,312.36,1493.7,31.44,228.4,Tool_Wear_Failure,1
ECU_SENS_01214,301.3,313.47,1528.8,40.98,76.7,No_Failure,0
ECU_SENS_01215,299.37,308.73,1637.8,27.36,208.3,No_Failure,0
ECU_SENS_01216,301.52,312.45,1650.3,22.07,211.5,Tool_Wear_Failure,1
ECU_SENS_01217,298.45,308.51,1397.8,36.17,84.0,No_Failure,0
ECU_SENS_01218,299.53,309.79,1544.8,38.76,20.0,No_Failure,0
ECU_SENS_01219,299.03,310.56,1612.3,36.02,173.9,No_Failure,0
ECU_SENS_01220,300.16,310.67,1792.0,28.16,74.8,Mechanical_Glitch,1
ECU_SENS_01221,304.63,315.17,1656.8,36.0,187.9,No_Failure,0
ECU_SENS_01222,296.27,307.34,1672.0,42.69,106.2,No_Failure,0
ECU_SENS_01223,301.37,311.01,1545.1,39.55,116.5,No_Failure,0
ECU_SENS_01224,296.77,305.94,1783.9,41.83,186.7,No_Failure,0
ECU_SENS_01225,299.06,308.01,1603.8,33.3,91.8,No_Failure,0
ECU_SENS_01226,302.18,310.21,1375.0,51.72,106.4,Heat_Dissipation_Failure,1
ECU_SENS_01227,300.13,312.18,1782.6,28.24,90.3,No_Failure,0
ECU_SENS_01228,297.84,306.74,1655.6,44.88,88.2,No_Failure,0
ECU_SENS_01229,298.57,308.35,1450.3,51.82,126.2,No_Failure,0
ECU_SENS_01230,301.36,311.08,1443.7,44.81,194.1,No_Failure,0
ECU_SENS_01231,298.54,308.85,1583.4,37.97,86.8,No_Failure,0
ECU_SENS_01232,300.43,311.25,1613.4,34.72,125.8,No_Failure,0
ECU_SENS_01233,300.09,310.95,1565.5,50.36,161.0,No_Failure,0
ECU_SENS_01234,298.7,308.11,1586.0,25.77,64.7,No_Failure,0
ECU_SENS_01235,304.29,314.12,1836.0,30.3,66.6,No_Failure,0
ECU_SENS_01236,301.27,311.55,1722.9,36.02,224.0,No_Failure,0
ECU_SENS_01237,295.95,305.7,1564.3,52.38,173.6,No_Failure,0
ECU_SENS_01238,300.37,311.98,1699.4,43.8,138.5,No_Failure,0
ECU_SENS_01239,298.68,309.17,1344.1,30.32,155.5,No_Failure,0
ECU_SENS_01240,301.7,312.44,1601.6,36.9,7.0,No_Failure,0
ECU_SENS_01241,298.41,309.08,1855.7,33.86,148.3,No_Failure,0
ECU_SENS_01242,299.77,310.94,1490.8,32.9,122.3,No_Failure,0
ECU_SENS_01243,301.01,311.19,1377.4,49.79,131.0,No_Failure,0
ECU_SENS_01244,301.73,310.43,1412.6,26.28,86.3,No_Failure,0
ECU_SENS_01245,297.6,308.0,1333.9,56.09,19.6,No_Failure,0
ECU_SENS_01246,299.33,308.68,1388.7,48.28,46.4,No_Failure,0
ECU_SENS_01247,299.05,308.52,1463.3,50.91,228.2,Overstrain_Failure,1
ECU_SENS_01248,298.69,309.28,1277.0,35.37,98.1,No_Failure,0
ECU_SENS_01249,303.53,314.77,1532.8,38.5,112.0,No_Failure,0
ECU_SENS_01250,300.81,310.83,1692.4,25.67,12.7,No_Failure,0
ECU_SENS_01251,297.48,307.79,1366.6,34.75,9.0,No_Failure,0
ECU_SENS_01252,301.84,313.54,1803.5,44.94,172.1,No_Failure,0
ECU_SENS_01253,304.24,314.49,1621.9,52.96,129.1,No_Failure,0
ECU_SENS_01254,302.06,314.67,1715.5,28.93,122.1,No_Failure,0
ECU_SENS_01255,296.96,307.53,1411.6,36.34,58.3,No_Failure,0
ECU_SENS_01256,299.03,307.27,1683.8,38.49,178.7,No_Failure,0
ECU_SENS_01257,302.53,313.29,1333.5,26.04,40.4,No_Failure,0
ECU_SENS_01258,298.58,308.97,1690.2,45.91,45.6,No_Failure,0
ECU_SENS_01259,300.89,312.18,1560.9,32.76,110.6,No_Failure,0
ECU_SENS_01260,301.55,312.22,1629.6,38.05,68.7,No_Failure,0
ECU_SENS_01261,298.15,308.01,1318.4,35.48,59.4,No_Failure,0
ECU_SENS_01262,299.88,308.66,1368.9,32.11,154.9,No_Failure,0
ECU_SENS_01263,293.52,303.31,1637.5,39.93,156.2,No_Failure,0
ECU_SENS_01264,297.95,307.1,1359.3,37.84,197.9,No_Failure,0
ECU_SENS_01265,299.49,308.91,1613.4,36.28,100.3,No_Failure,0
ECU_SENS_01266,297.5,308.09,1283.9,32.72,17.5,No_Failure,0
ECU_SENS_01267,303.26,314.93,1682.7,43.2,65.7,No_Failure,0
ECU_SENS_01268,297.14,307.53,1308.1,56.54,235.2,Overstrain_Failure,1
ECU_SENS_01269,299.12,307.92,1629.4,41.4,143.1,No_Failure,0
ECU_SENS_01270,300.26,310.71,1642.6,49.96,170.3,No_Failure,0
ECU_SENS_01271,302.88,314.08,1404.6,26.1,1.8,No_Failure,0
ECU_SENS_01272,297.13,306.52,1634.8,41.58,124.4,No_Failure,0
ECU_SENS_01273,302.33,312.19,1576.9,29.03,9.0,No_Failure,0
ECU_SENS_01274,300.02,310.04,1433.0,25.23,136.6,No_Failure,0
ECU_SENS_01275,298.04,307.25,1348.5,32.61,221.0,No_Failure,0
ECU_SENS_01276,300.92,311.57,1176.7,51.92,232.4,Overstrain_Failure,1
ECU_SENS_01277,300.4,310.28,1592.9,49.5,129.7,No_Failure,0
ECU_SENS_01278,298.8,309.22,1248.3,42.43,110.0,No_Failure,0
ECU_SENS_01279,300.14,309.25,1547.2,24.67,226.8,Tool_Wear_Failure,1
ECU_SENS_01280,299.23,308.79,1482.6,38.04,161.7,No_Failure,0
ECU_SENS_01281,300.23,310.95,1652.2,43.02,15.6,No_Failure,0
ECU_SENS_01282,301.32,310.95,1475.6,41.76,111.8,No_Failure,0
ECU_SENS_01283,303.17,314.9,1470.7,21.56,57.7,Power_Failure,1
ECU_SENS_01284,297.52,307.12,1661.7,31.1,112.8,No_Failure,0
ECU_SENS_01285,304.27,314.49,1590.3,39.36,109.3,No_Failure,0
ECU_SENS_01286,296.1,307.03,1586.9,45.36,139.7,No_Failure,0
ECU_SENS_01287,299.7,308.28,1614.5,18.04,85.6,Power_Failure,1
ECU_SENS_01288,301.18,309.42,1253.6,38.38,39.4,Heat_Dissipation_Failure,1
ECU_SENS_01289,300.56,309.04,1666.2,41.43,120.9,No_Failure,0
ECU_SENS_01290,298.75,310.02,1640.2,48.5,199.2,No_Failure,0
ECU_SENS_01291,299.58,309.03,1347.0,46.93,159.4,No_Failure,0
ECU_SENS_01292,299.01,311.57,1486.1,45.83,81.2,No_Failure,0
ECU_SENS_01293,298.82,308.26,1522.9,32.0,224.5,No_Failure,0
ECU_SENS_01294,301.7,311.88,1505.8,20.92,218.9,Power_Failure,1
ECU_SENS_01295,300.71,312.26,1590.1,36.07,50.2,No_Failure,0
ECU_SENS_01296,298.61,310.62,1787.6,50.02,9.5,Power_Failure,1
ECU_SENS_01297,301.8,313.86,1724.7,53.93,177.9,Power_Failure,1
ECU_SENS_01298,300.61,311.82,1293.8,47.11,198.6,No_Failure,0
ECU_SENS_01299,301.63,312.65,1642.0,44.29,232.3,Tool_Wear_Failure,1
ECU_SENS_01300,301.26,311.85,1769.2,43.8,213.6,Tool_Wear_Failure,1
ECU_SENS_01301,298.34,309.12,1599.6,34.44,144.1,No_Failure,0
ECU_SENS_01302,298.88,308.33,1726.4,38.7,127.2,No_Failure,0
ECU_SENS_01303,301.49,310.68,1892.2,56.69,6.7,Power_Failure,1
ECU_SENS_01304,301.22,311.22,1714.3,30.57,59.2,No_Failure,0
ECU_SENS_01305,299.96,309.79,1574.9,56.15,110.3,Power_Failure,1
ECU_SENS_01306,300.23,309.78,1718.1,36.78,150.8,No_Failure,0
ECU_SENS_01307,302.56,313.25,1556.1,53.25,133.7,No_Failure,0
ECU_SENS_01308,298.82,309.77,1534.3,25.93,178.2,No_Failure,0
ECU_SENS_01309,301.09,311.18,1466.7,45.86,67.1,No_Failure,0
ECU_SENS_01310,299.6,311.07,1811.4,32.63,135.6,No_Failure,0
ECU_SENS_01311,299.56,308.42,1382.7,25.85,21.2,No_Failure,0
ECU_SENS_01312,302.2,312.0,1805.8,42.19,99.3,No_Failure,0
ECU_SENS_01313,301.65,310.93,1620.0,50.09,180.0,No_Failure,0
ECU_SENS_01314,301.63,309.76,1278.1,31.55,166.4,Heat_Dissipation_Failure,1
ECU_SENS_01315,302.61,312.53,1596.2,25.01,237.8,No_Failure,0
ECU_SENS_01316,300.04,309.92,1152.0,39.08,66.7,No_Failure,0
ECU_SENS_01317,301.36,312.88,1642.6,39.13,119.6,No_Failure,0
ECU_SENS_01318,299.38,310.01,1689.3,45.48,79.1,No_Failure,0
ECU_SENS_01319,300.65,309.62,1423.4,49.5,105.7,No_Failure,0
ECU_SENS_01320,299.74,311.59,1552.2,39.41,205.7,No_Failure,0
ECU_SENS_01321,300.19,311.42,1881.7,58.56,164.2,Power_Failure,1
ECU_SENS_01322,301.19,311.77,1439.0,42.24,211.8,No_Failure,0
ECU_SENS_01323,298.36,308.14,1339.4,36.54,48.8,No_Failure,0
ECU_SENS_01324,304.18,313.23,1796.7,23.88,209.6,No_Failure,0
ECU_SENS_01325,297.99,307.62,1883.3,37.37,14.3,No_Failure,0
ECU_SENS_01326,297.57,308.66,1530.7,36.64,213.3,No_Failure,0
ECU_SENS_01327,302.32,314.2,1712.1,49.6,79.0,No_Failure,0
ECU_SENS_01328,301.58,313.13,1771.5,44.62,75.5,No_Failure,0
ECU_SENS_01329,301.25,310.76,1396.4,28.21,122.9,No_Failure,0
ECU_SENS_01330,301.26,310.14,1442.6,41.72,225.8,Tool_Wear_Failure,1
ECU_SENS_01331,299.98,310.12,1751.6,46.72,11.5,No_Failure,0
ECU_SENS_01332,298.21,306.44,1833.3,55.28,84.5,Power_Failure,1
ECU_SENS_01333,300.15,310.47,1631.3,48.88,205.6,No_Failure,0
ECU_SENS_01334,298.65,308.5,1371.6,47.61,95.1,Mechanical_Glitch,1
ECU_SENS_01335,301.95,311.48,1887.7,40.6,47.8,No_Failure,0
ECU_SENS_01336,299.71,308.11,1434.4,43.88,102.0,No_Failure,0
ECU_SENS_01337,298.35,308.86,1469.7,52.5,92.5,No_Failure,0
ECU_SENS_01338,299.36,308.82,1591.6,26.67,219.7,Tool_Wear_Failure,1
ECU_SENS_01339,300.83,309.66,1809.7,36.51,182.9,No_Failure,0
ECU_SENS_01340,298.87,306.0,1683.7,32.27,121.2,No_Failure,0
ECU_SENS_01341,298.36,308.33,1604.7,43.79,237.2,No_Failure,0
ECU_SENS_01342,300.49,312.26,1613.4,52.3,111.7,No_Failure,0
ECU_SENS_01343,300.49,312.15,1537.8,34.03,14.0,No_Failure,0
ECU_SENS_01344,298.99,308.53,1630.5,16.1,62.9,Power_Failure,1
ECU_SENS_01345,299.06,308.46,1150.0,35.88,104.7,No_Failure,0
ECU_SENS_01346,300.46,310.93,1476.6,49.13,37.7,No_Failure,0
ECU_SENS_01347,297.1,306.11,1573.4,45.38,227.4,Tool_Wear_Failure,1
ECU_SENS_01348,297.19,307.49,1322.8,44.28,184.0,No_Failure,0
ECU_SENS_01349,298.56,309.33,1599.5,37.2,64.4,Mechanical_Glitch,1
ECU_SENS_01350,299.57,310.8,1493.2,27.21,141.8,No_Failure,0
ECU_SENS_01351,300.62,310.52,1846.0,45.15,173.1,No_Failure,0
ECU_SENS_01352,302.95,312.75,1813.1,31.66,225.9,Tool_Wear_Failure,1
ECU_SENS_01353,301.72,310.84,1446.2,61.84,211.6,Power_Failure,1
ECU_SENS_01354,299.68,308.85,1502.8,45.71,123.6,No_Failure,0
ECU_SENS_01355,299.96,309.74,1516.7,34.19,185.9,No_Failure,0
ECU_SENS_01356,297.99,308.36,1448.7,33.89,134.9,No_Failure,0
ECU_SENS_01357,299.96,310.88,1565.1,39.07,132.6,No_Failure,0
ECU_SENS_01358,299.42,308.62,1393.5,37.6,27.5,No_Failure,0
ECU_SENS_01359,300.65,312.14,1326.5,51.17,30.3,No_Failure,0
ECU_SENS_01360,298.35,308.07,1642.1,41.86,127.1,No_Failure,0
ECU_SENS_01361,301.04,311.02,1643.3,32.68,64.5,No_Failure,0
ECU_SENS_01362,303.07,312.32,1385.2,58.9,5.0,No_Failure,0
ECU_SENS_01363,299.78,307.36,1691.2,40.49,173.5,No_Failure,0
ECU_SENS_01364,300.8,311.69,1416.3,47.69,7.8,No_Failure,0
ECU_SENS_01365,301.38,312.12,1575.6,33.92,142.9,No_Failure,0
ECU_SENS_01366,299.2,308.92,1677.7,43.63,129.4,No_Failure,0
ECU_SENS_01367,300.45,310.52,1523.9,43.11,232.5,No_Failure,0
ECU_SENS_01368,300.03,310.54,1611.9,21.1,116.2,No_Failure,0
ECU_SENS_01369,300.2,308.63,1437.0,60.15,15.3,Power_Failure,1
ECU_SENS_01370,298.45,307.92,1494.6,52.91,132.4,No_Failure,0
ECU_SENS_01371,300.05,310.84,1492.9,36.03,201.9,No_Failure,0
ECU_SENS_01372,301.0,309.74,1395.6,28.98,239.2,Tool_Wear_Failure,1
ECU_SENS_01373,302.9,313.2,1498.2,43.48,103.3,No_Failure,0
ECU_SENS_01374,301.92,310.56,1251.2,40.87,76.9,No_Failure,0
ECU_SENS_01375,304.31,314.77,1441.6,43.56,217.6,No_Failure,0
ECU_SENS_01376,298.47,308.43,1478.7,41.92,45.9,No_Failure,0
ECU_SENS_01377,301.74,310.13,1483.9,45.06,147.7,No_Failure,0
ECU_SENS_01378,300.37,311.53,1486.5,54.47,97.4,No_Failure,0
ECU_SENS_01379,304.38,313.65,1518.9,45.68,9.9,No_Failure,0
ECU_SENS_01380,298.38,307.57,1616.3,29.5,83.3,No_Failure,0
ECU_SENS_01381,298.32,308.52,1687.4,53.63,63.7,Power_Failure,1
ECU_SENS_01382,298.8,309.95,1413.0,56.41,164.7,No_Failure,0
ECU_SENS_01383,295.75,304.74,1313.4,71.52,227.7,Power_Failure,1
ECU_SENS_01384,298.95,309.01,1342.4,28.77,64.3,No_Failure,0
ECU_SENS_01385,298.48,308.91,1442.3,42.43,194.8,No_Failure,0
ECU_SENS_01386,300.3,310.99,1466.7,19.18,13.3,Power_Failure,1
ECU_SENS_01387,300.68,310.86,1391.4,45.53,129.1,No_Failure,0
ECU_SENS_01388,303.75,313.39,1296.7,34.52,16.9,No_Failure,0
ECU_SENS_01389,301.9,311.07,1447.9,59.23,224.2,Overstrain_Failure,1
ECU_SENS_01390,298.85,308.93,1562.7,32.25,183.9,No_Failure,0
ECU_SENS_01391,298.2,307.13,1637.1,23.11,157.9,No_Failure,0
ECU_SENS_01392,300.98,308.06,1429.7,35.29,197.7,No_Failure,0
ECU_SENS_01393,297.36,307.8,1455.7,20.25,155.4,Power_Failure,1
ECU_SENS_01394,303.66,314.57,1363.2,47.51,232.5,Tool_Wear_Failure,1
ECU_SENS_01395,302.36,310.0,1524.3,19.35,171.3,Power_Failure,1
ECU_SENS_01396,299.06,308.05,1377.3,40.28,221.9,No_Failure,0
ECU_SENS_01397,296.57,307.19,1633.2,19.22,124.1,Power_Failure,1
ECU_SENS_01398,302.71,314.77,1208.5,36.8,28.1,No_Failure,0
ECU_SENS_01399,299.77,309.79,1465.3,56.43,126.8,No_Failure,0
ECU_SENS_01400,302.48,311.75,1584.2,43.61,30.4,No_Failure,0
ECU_SENS_01401,296.81,306.63,1563.1,31.37,142.2,No_Failure,0
ECU_SENS_01402,298.8,310.18,2014.7,39.69,115.8,No_Failure,0
ECU_SENS_01403,300.01,309.36,1593.0,40.18,149.4,No_Failure,0
ECU_SENS_01404,300.09,309.29,1349.3,44.73,2.4,No_Failure,0
ECU_SENS_01405,299.1,308.62,1512.8,26.33,46.8,No_Failure,0
ECU_SENS_01406,301.25,310.29,1210.3,45.93,117.9,No_Failure,0
ECU_SENS_01407,297.86,307.99,1515.5,12.96,228.1,Power_Failure,1
ECU_SENS_01408,299.72,311.34,1380.0,33.7,92.1,No_Failure,0
ECU_SENS_01409,300.24,310.56,1694.8,35.12,101.8,No_Failure,0
ECU_SENS_01410,301.03,310.78,1431.1,46.33,171.5,No_Failure,0
ECU_SENS_01411,301.42,311.13,1509.0,40.23,144.9,No_Failure,0
ECU_SENS_01412,297.75,306.19,1415.6,25.94,71.7,No_Failure,0
ECU_SENS_01413,296.93,307.81,1843.0,30.15,98.6,No_Failure,0
ECU_SENS_01414,302.56,312.48,1472.2,41.99,52.2,No_Failure,0
ECU_SENS_01415,300.66,310.48,1859.9,39.21,231.8,Tool_Wear_Failure,1
ECU_SENS_01416,298.5,311.7,1676.5,34.21,31.4,No_Failure,0
ECU_SENS_01417,303.1,313.4,1616.8,35.19,89.2,No_Failure,0
ECU_SENS_01418,300.23,309.48,1596.4,46.96,6.2,No_Failure,0
ECU_SENS_01419,302.36,311.93,1600.9,34.82,53.2,No_Failure,0
ECU_SENS_01420,300.14,311.28,1183.0,39.12,187.3,No_Failure,0
ECU_SENS_01421,304.12,314.23,1479.8,61.7,48.3,Power_Failure,1
ECU_SENS_01422,303.51,312.07,1682.1,25.76,19.2,No_Failure,0
ECU_SENS_01423,299.5,310.42,1521.2,21.48,113.9,Power_Failure,1
ECU_SENS_01424,301.94,311.27,1277.1,47.84,2.4,No_Failure,0
ECU_SENS_01425,301.29,313.16,1520.6,33.21,20.3,No_Failure,0
ECU_SENS_01426,302.74,313.82,1836.7,36.82,193.8,No_Failure,0
ECU_SENS_01427,298.07,307.62,1754.4,32.19,185.2,No_Failure,0
ECU_SENS_01428,301.37,312.65,1518.8,37.4,219.6,Tool_Wear_Failure,1
ECU_SENS_01429,302.12,312.18,1701.3,55.99,205.1,Power_Failure,1
ECU_SENS_01430,296.48,307.34,1464.0,48.02,164.0,No_Failure,0
ECU_SENS_01431,297.63,308.12,1223.3,48.62,12.6,No_Failure,0
ECU_SENS_01432,295.92,305.08,1363.6,25.84,187.9,No_Failure,0
ECU_SENS_01433,299.46,308.82,1811.3,28.49,202.9,No_Failure,0
ECU_SENS_01434,301.44,312.47,1480.7,12.0,191.8,Power_Failure,1
ECU_SENS_01435,303.0,312.67,1486.2,31.91,122.0,No_Failure,0
ECU_SENS_01436,300.15,309.74,1476.0,49.57,55.9,No_Failure,0
ECU_SENS_01437,303.26,312.3,1872.7,45.17,202.9,No_Failure,0
ECU_SENS_01438,297.24,307.66,1822.7,37.78,174.5,No_Failure,0
ECU_SENS_01439,296.59,308.66,1929.4,39.78,235.4,Tool_Wear_Failure,1
ECU_SENS_01440,299.89,308.82,1501.4,33.11,37.4,No_Failure,0
ECU_SENS_01441,300.77,310.79,1583.2,42.05,54.2,No_Failure,0
ECU_SENS_01442,299.93,311.35,1257.0,47.66,50.8,No_Failure,0
ECU_SENS_01443,295.87,305.79,1795.8,23.84,190.2,No_Failure,0
ECU_SENS_01444,299.82,310.27,1319.8,43.0,44.9,No_Failure,0
ECU_SENS_01445,297.39,306.33,1569.0,49.32,16.0,No_Failure,0
ECU_SENS_01446,301.34,311.77,1332.5,35.85,239.7,Tool_Wear_Failure,1
ECU_SENS_01447,300.73,310.55,1424.0,47.01,6.0,No_Failure,0
ECU_SENS_01448,298.12,309.11,1379.3,68.15,200.5,Power_Failure,1
ECU_SENS_01449,298.97,310.16,1420.6,38.96,87.7,No_Failure,0
ECU_SENS_01450,297.88,310.47,1433.0,43.93,202.0,No_Failure,0
ECU_SENS_01451,299.87,310.45,1431.3,32.62,133.1,No_Failure,0
ECU_SENS_01452,301.91,312.24,1680.0,41.81,216.4,No_Failure,0
ECU_SENS_01453,298.03,308.22,1331.1,44.6,222.3,No_Failure,0
ECU_SENS_01454,301.01,310.65,1569.7,41.95,2.2,No_Failure,0
ECU_SENS_01455,298.94,309.28,1749.2,29.8,18.1,No_Failure,0
ECU_SENS_01456,298.41,308.12,1437.6,42.06,60.1,No_Failure,0
ECU_SENS_01457,299.79,309.95,1400.8,54.62,160.6,No_Failure,0
ECU_SENS_01458,297.93,309.25,1488.5,44.49,213.2,Tool_Wear_Failure,1
ECU_SENS_01459,298.89,307.89,1742.4,49.62,110.4,Power_Failure,1
ECU_SENS_01460,297.6,308.74,1564.9,37.63,145.7,No_Failure,0
ECU_SENS_01461,303.93,315.25,1434.4,47.5,45.2,No_Failure,0
ECU_SENS_01462,300.07,309.95,1617.1,42.79,193.2,No_Failure,0
ECU_SENS_01463,298.6,306.48,1331.6,30.49,232.2,Heat_Dissipation_Failure,1
ECU_SENS_01464,300.43,309.82,1652.6,43.19,64.5,No_Failure,0
ECU_SENS_01465,299.78,311.07,1603.5,30.08,118.8,No_Failure,0
ECU_SENS_01466,299.56,309.54,1474.6,33.67,20.7,No_Failure,0
ECU_SENS_01467,301.23,310.23,1379.1,41.89,134.2,No_Failure,0
ECU_SENS_01468,301.52,311.01,1370.4,42.97,120.7,No_Failure,0
ECU_SENS_01469,298.94,309.78,1626.3,28.11,34.7,No_Failure,0
ECU_SENS_01470,298.85,309.4,1751.2,50.54,106.1,Power_Failure,1
ECU_SENS_01471,299.45,309.21,1415.3,45.72,80.2,No_Failure,0
ECU_SENS_01472,295.4,305.03,1612.5,32.95,125.2,No_Failure,0
ECU_SENS_01473,296.97,306.58,1154.3,24.62,140.6,Power_Failure,1
ECU_SENS_01474,302.73,311.81,1424.8,38.55,2.0,No_Failure,0
ECU_SENS_01475,303.29,314.91,1524.4,35.54,182.6,No_Failure,0
ECU_SENS_01476,299.5,309.18,1366.3,41.13,171.1,No_Failure,0
ECU_SENS_01477,301.15,312.37,1361.4,36.37,87.9,No_Failure,0
ECU_SENS_01478,300.62,312.14,1409.8,19.93,12.7,Power_Failure,1
ECU_SENS_01479,306.16,317.16,1582.6,36.12,181.2,No_Failure,0
ECU_SENS_01480,302.24,311.81,1496.3,36.94,229.2,Tool_Wear_Failure,1
ECU_SENS_01481,299.74,310.15,1150.0,46.34,57.6,No_Failure,0
ECU_SENS_01482,298.09,308.06,1150.0,33.02,77.6,No_Failure,0
ECU_SENS_01483,296.79,305.88,1420.8,56.79,44.1,No_Failure,0
ECU_SENS_01484,300.41,310.73,1612.4,20.88,138.5,No_Failure,0
ECU_SENS_01485,298.49,307.31,1150.0,53.11,37.2,No_Failure,0
ECU_SENS_01486,297.16,308.34,1440.0,37.76,85.5,No_Failure,0
ECU_SENS_01487,298.71,308.24,1435.3,48.6,167.3,No_Failure,0
ECU_SENS_01488,297.84,308.04,1779.9,40.8,134.4,No_Failure,0
ECU_SENS_01489,303.37,313.66,1460.7,51.4,92.8,Mechanical_Glitch,1
ECU_SENS_01490,301.76,311.5,1598.9,36.13,100.9,No_Failure,0
ECU_SENS_01491,299.98,310.57,1555.4,29.01,134.9,No_Failure,0
ECU_SENS_01492,302.96,312.48,1150.0,54.21,1.4,No_Failure,0
ECU_SENS_01493,300.15,311.03,1668.3,38.87,18.8,No_Failure,0
ECU_SENS_01494,298.28,306.93,1568.8,42.22,211.5,Tool_Wear_Failure,1
ECU_SENS_01495,303.05,313.17,1621.5,52.35,18.7,No_Failure,0
ECU_SENS_01496,301.08,313.02,2236.7,29.68,169.6,No_Failure,0
ECU_SENS_01497,297.93,306.93,1154.9,45.95,220.8,Tool_Wear_Failure,1
ECU_SENS_01498,299.62,308.94,1840.4,34.1,65.0,No_Failure,0
ECU_SENS_01499,298.25,308.76,1478.3,38.68,88.9,Mechanical_Glitch,1
ECU_SENS_01500,297.23,307.41,1581.7,40.72,136.5,No_Failure,0
ECU_SENS_01501,301.85,312.2,1521.8,25.0,211.6,No_Failure,0
ECU_SENS_01502,303.82,314.31,1453.6,32.21,226.1,Tool_Wear_Failure,1
ECU_SENS_01503,297.2,307.84,1427.4,53.51,177.5,No_Failure,0
ECU_SENS_01504,301.13,312.24,1589.3,48.86,20.8,No_Failure,0
ECU_SENS_01505,298.7,309.11,1256.9,39.37,160.6,No_Failure,0
ECU_SENS_01506,299.03,308.78,1665.1,42.43,98.5,No_Failure,0
ECU_SENS_01507,298.82,309.49,1455.1,37.06,113.0,No_Failure,0
ECU_SENS_01508,298.27,310.17,1326.6,53.57,11.8,No_Failure,0
ECU_SENS_01509,300.1,309.96,1449.0,38.0,45.9,No_Failure,0
ECU_SENS_01510,298.34,307.36,1756.3,42.32,189.7,No_Failure,0
ECU_SENS_01511,300.54,311.65,1433.6,51.46,109.0,No_Failure,0
ECU_SENS_01512,299.9,309.78,1594.5,32.23,72.4,No_Failure,0
ECU_SENS_01513,299.52,307.35,1398.4,55.59,92.2,No_Failure,0
ECU_SENS_01514,298.18,309.03,1666.4,24.7,205.1,No_Failure,0
ECU_SENS_01515,298.85,308.31,1653.4,56.3,179.8,Power_Failure,1
ECU_SENS_01516,301.51,311.42,1862.7,36.27,65.4,No_Failure,0
ECU_SENS_01517,301.0,311.33,1498.4,37.57,28.2,No_Failure,0
ECU_SENS_01518,298.04,308.24,1650.4,21.1,60.5,No_Failure,0
ECU_SENS_01519,300.2,310.91,1547.7,35.45,221.0,No_Failure,0
ECU_SENS_01520,301.5,311.07,1763.3,29.6,139.6,No_Failure,0
ECU_SENS_01521,296.66,307.17,1400.6,33.92,128.0,No_Failure,0
ECU_SENS_01522,301.09,310.83,1664.1,38.63,143.1,No_Failure,0
ECU_SENS_01523,298.67,309.41,1495.0,49.58,87.8,No_Failure,0
ECU_SENS_01524,301.14,311.76,1518.4,42.08,193.7,No_Failure,0
ECU_SENS_01525,298.47,307.54,1546.5,43.08,125.6,No_Failure,0
ECU_SENS_01526,296.39,307.48,1575.4,29.04,28.0,No_Failure,0
ECU_SENS_01527,296.74,306.21,1509.1,31.19,31.0,No_Failure,0
ECU_SENS_01528,300.1,310.9,1568.6,57.99,128.8,Power_Failure,1
ECU_SENS_01529,300.52,310.89,1814.1,32.65,224.8,No_Failure,0
ECU_SENS_01530,298.19,310.03,1707.4,56.56,74.0,Power_Failure,1
ECU_SENS_01531,301.28,311.05,1686.4,37.57,208.7,No_Failure,0
ECU_SENS_01532,296.68,306.33,1448.0,40.02,183.4,No_Failure,0
ECU_SENS_01533,299.87,309.85,1369.9,50.7,59.5,No_Failure,0
ECU_SENS_01534,297.58,307.27,1702.0,52.72,8.7,Power_Failure,1
ECU_SENS_01535,298.7,309.5,1687.7,38.89,24.4,No_Failure,0
ECU_SENS_01536,300.09,308.48,1795.1,36.12,174.8,No_Failure,0
ECU_SENS_01537,298.28,307.23,1421.3,39.44,47.9,No_Failure,0
ECU_SENS_01538,299.23,308.16,1488.7,43.38,89.1,No_Failure,0
ECU_SENS_01539,302.01,312.96,1234.9,48.91,120.4,No_Failure,0
ECU_SENS_01540,298.85,310.56,1459.4,40.04,174.1,No_Failure,0
ECU_SENS_01541,301.67,311.57,1709.4,46.19,27.2,No_Failure,0
ECU_SENS_01542,297.74,307.57,1446.0,56.38,97.5,No_Failure,0
ECU_SENS_01543,301.06,311.13,1645.3,43.81,116.4,No_Failure,0
ECU_SENS_01544,302.88,314.05,1495.7,43.12,129.8,No_Failure,0
ECU_SENS_01545,295.06,304.13,1588.3,24.81,196.4,No_Failure,0
ECU_SENS_01546,298.41,308.64,1323.4,13.69,41.2,Power_Failure,1
ECU_SENS_01547,301.15,312.13,1545.3,43.88,193.9,No_Failure,0
ECU_SENS_01548,299.59,310.1,1150.0,39.05,166.3,No_Failure,0
ECU_SENS_01549,300.74,310.93,1496.4,34.85,133.4,No_Failure,0
ECU_SENS_01550,298.79,309.79,1236.5,42.44,167.9,No_Failure,0
ECU_SENS_01551,300.17,307.47,1747.1,39.4,98.9,No_Failure,0
ECU_SENS_01552,299.69,310.37,1669.9,51.28,33.2,Mechanical_Glitch,1
ECU_SENS_01553,302.34,311.68,1614.0,40.86,159.8,No_Failure,0
ECU_SENS_01554,300.51,308.68,1803.8,32.53,125.9,No_Failure,0
ECU_SENS_01555,300.68,311.19,1359.2,49.9,153.4,No_Failure,0
ECU_SENS_01556,299.18,310.55,1844.5,37.83,81.1,No_Failure,0
ECU_SENS_01557,299.02,308.89,1697.8,45.27,217.6,No_Failure,0
ECU_SENS_01558,299.13,310.09,1487.4,35.23,141.0,No_Failure,0
ECU_SENS_01559,300.79,312.4,1734.4,33.5,20.5,No_Failure,0
ECU_SENS_01560,299.16,310.47,1330.9,40.84,108.0,No_Failure,0
ECU_SENS_01561,300.58,312.22,1381.6,40.13,181.5,No_Failure,0
ECU_SENS_01562,304.15,314.89,1420.5,44.8,190.6,No_Failure,0
ECU_SENS_01563,301.74,311.82,1434.8,37.31,118.7,Mechanical_Glitch,1
ECU_SENS_01564,299.35,307.75,1339.8,21.64,214.7,Heat_Dissipation_Failure,1
ECU_SENS_01565,302.4,312.16,1750.2,35.67,64.2,No_Failure,0
ECU_SENS_01566,299.18,308.34,1483.4,47.94,98.5,No_Failure,0
ECU_SENS_01567,295.92,308.09,1593.5,37.03,215.7,No_Failure,0
ECU_SENS_01568,297.98,307.81,1427.3,37.54,215.1,No_Failure,0
ECU_SENS_01569,296.26,306.38,1202.3,49.86,164.6,No_Failure,0
ECU_SENS_01570,299.3,309.85,1578.6,32.88,206.2,No_Failure,0
ECU_SENS_01571,300.04,310.08,1185.8,24.57,21.3,Power_Failure,1
ECU_SENS_01572,303.35,315.05,1517.6,38.39,207.6,No_Failure,0
ECU_SENS_01573,300.65,310.03,1283.7,35.16,76.9,No_Failure,0
ECU_SENS_01574,299.56,309.76,1887.7,30.34,42.8,No_Failure,0
ECU_SENS_01575,301.66,310.92,1694.0,38.25,57.4,No_Failure,0
ECU_SENS_01576,295.58,304.26,1549.0,44.92,100.3,No_Failure,0
ECU_SENS_01577,300.47,309.86,1757.5,39.91,60.3,No_Failure,0
ECU_SENS_01578,301.54,311.5,1377.7,43.07,76.9,No_Failure,0
ECU_SENS_01579,297.04,306.61,1627.8,58.13,32.4,Power_Failure,1
ECU_SENS_01580,302.29,311.6,1566.0,36.57,71.1,No_Failure,0
ECU_SENS_01581,300.68,309.27,1577.5,42.78,137.3,No_Failure,0
ECU_SENS_01582,299.17,309.09,1759.0,34.91,106.0,No_Failure,0
ECU_SENS_01583,301.27,309.76,1661.8,31.54,83.2,No_Failure,0
ECU_SENS_01584,304.54,315.3,1582.0,34.15,179.1,No_Failure,0
ECU_SENS_01585,300.36,310.45,1232.1,35.21,214.4,No_Failure,0
ECU_SENS_01586,300.5,309.04,1357.2,43.59,181.6,Heat_Dissipation_Failure,1
ECU_SENS_01587,299.08,308.77,1507.9,63.49,79.7,Power_Failure,1
ECU_SENS_01588,298.3,307.55,1546.8,32.84,178.7,No_Failure,0
ECU_SENS_01589,301.66,311.98,1326.6,35.83,36.5,No_Failure,0
ECU_SENS_01590,298.29,309.63,1964.1,39.37,31.3,No_Failure,0
ECU_SENS_01591,300.14,308.27,1803.0,43.96,83.0,No_Failure,0
ECU_SENS_01592,299.04,309.16,1638.4,42.64,193.8,No_Failure,0
ECU_SENS_01593,300.96,310.8,1543.0,52.84,59.1,No_Failure,0
ECU_SENS_01594,300.67,311.34,1491.8,15.74,15.2,Power_Failure,1
ECU_SENS_01595,302.08,312.29,1358.7,16.13,31.6,Power_Failure,1
ECU_SENS_01596,298.98,308.23,1543.9,35.04,206.1,No_Failure,0
ECU_SENS_01597,299.46,309.14,1576.4,50.97,152.1,No_Failure,0
ECU_SENS_01598,298.04,307.25,1306.5,24.34,60.8,Power_Failure,1
ECU_SENS_01599,299.11,310.19,1590.2,12.0,133.3,Power_Failure,1
ECU_SENS_01600,300.75,310.78,1502.1,45.71,126.6,No_Failure,0
ECU_SENS_01601,301.51,313.42,1186.6,42.44,157.3,No_Failure,0
ECU_SENS_01602,298.16,308.1,1375.1,29.1,56.0,No_Failure,0
ECU_SENS_01603,301.74,311.03,1455.6,30.14,207.5,No_Failure,0
ECU_SENS_01604,302.71,311.2,1869.8,30.3,74.2,No_Failure,0
ECU_SENS_01605,300.83,309.02,1630.2,41.11,166.6,No_Failure,0
ECU_SENS_01606,303.75,312.17,1289.6,33.74,3.9,Heat_Dissipation_Failure,1
ECU_SENS_01607,298.45,308.72,1617.5,44.94,89.4,No_Failure,0
ECU_SENS_01608,297.51,308.02,1251.5,12.0,84.4,Power_Failure,1
ECU_SENS_01609,296.44,304.86,1724.9,31.43,130.4,No_Failure,0
ECU_SENS_01610,302.99,313.89,1445.2,28.74,17.5,No_Failure,0
ECU_SENS_01611,301.31,310.83,1513.1,37.44,189.6,No_Failure,0
ECU_SENS_01612,299.89,310.04,1768.6,34.62,52.3,No_Failure,0
ECU_SENS_01613,300.56,312.17,1298.3,47.98,162.5,No_Failure,0
ECU_SENS_01614,297.75,308.65,1278.5,21.41,192.8,Power_Failure,1
ECU_SENS_01615,304.89,314.62,1425.0,40.45,134.9,No_Failure,0
ECU_SENS_01616,300.26,309.37,1716.9,45.58,177.8,No_Failure,0
ECU_SENS_01617,300.22,308.07,1256.5,58.57,158.8,Heat_Dissipation_Failure,1
ECU_SENS_01618,301.45,310.73,1150.0,35.18,85.3,No_Failure,0
ECU_SENS_01619,300.96,310.75,1448.8,43.24,194.1,No_Failure,0
ECU_SENS_01620,300.45,309.46,1629.3,21.96,70.7,No_Failure,0
ECU_SENS_01621,298.42,308.29,1746.0,16.08,137.1,Power_Failure,1
ECU_SENS_01622,300.94,311.02,1446.6,48.45,178.9,No_Failure,0
ECU_SENS_01623,303.76,313.54,1455.9,39.94,90.9,No_Failure,0
ECU_SENS_01624,302.69,312.04,1737.7,51.79,72.7,Power_Failure,1
ECU_SENS_01625,303.19,313.36,1193.4,26.27,110.2,Power_Failure,1
ECU_SENS_01626,298.98,309.42,1460.1,45.2,196.3,No_Failure,0
ECU_SENS_01627,298.02,306.93,1564.3,58.69,223.2,Power_Failure,1
ECU_SENS_01628,299.75,311.16,1610.9,44.2,130.8,No_Failure,0
ECU_SENS_01629,300.11,310.01,1438.2,42.77,158.8,No_Failure,0
ECU_SENS_01630,302.19,312.21,1536.2,40.09,216.8,Mechanical_Glitch,1
ECU_SENS_01631,296.62,307.32,1150.0,24.29,23.7,Power_Failure,1
ECU_SENS_01632,303.06,313.29,1411.5,53.56,55.7,No_Failure,0
ECU_SENS_01633,299.68,310.64,1611.6,33.89,170.1,No_Failure,0
ECU_SENS_01634,299.15,309.43,1353.2,45.04,197.7,No_Failure,0
ECU_SENS_01635,297.98,307.36,1540.6,24.37,205.7,No_Failure,0
ECU_SENS_01636,296.69,307.05,1610.4,28.21,99.6,No_Failure,0
ECU_SENS_01637,301.65,310.5,1468.3,54.35,21.4,No_Failure,0
ECU_SENS_01638,300.15,310.26,1560.7,36.53,105.1,No_Failure,0
ECU_SENS_01639,297.42,307.39,1356.7,54.53,55.4,No_Failure,0
ECU_SENS_01640,297.41,307.2,1492.8,39.22,69.9,No_Failure,0
ECU_SENS_01641,299.33,309.2,1639.8,21.58,185.3,No_Failure,0
ECU_SENS_01642,303.34,311.46,1558.3,48.92,18.1,No_Failure,0
ECU_SENS_01643,299.48,308.93,1424.4,34.1,198.6,No_Failure,0
ECU_SENS_01644,296.99,307.09,1570.4,46.99,102.6,Mechanical_Glitch,1
ECU_SENS_01645,299.51,309.67,1658.6,40.25,143.1,No_Failure,0
ECU_SENS_01646,299.45,308.43,1161.0,24.57,21.5,Power_Failure,1
ECU_SENS_01647,294.61,305.87,1738.6,41.64,81.0,No_Failure,0
ECU_SENS_01648,299.89,309.03,1469.5,61.96,21.5,Power_Failure,1
ECU_SENS_01649,299.54,310.51,1606.6,44.93,230.8,Tool_Wear_Failure,1
ECU_SENS_01650,301.39,311.82,1745.5,39.42,193.7,No_Failure,0
ECU_SENS_01651,303.7,313.05,1283.1,50.75,110.3,No_Failure,0
ECU_SENS_01652,302.25,314.03,1402.3,42.11,53.7,No_Failure,0
ECU_SENS_01653,299.46,308.27,1478.1,42.1,224.0,No_Failure,0
ECU_SENS_01654,297.79,308.71,1388.9,29.08,82.7,No_Failure,0
ECU_SENS_01655,305.15,316.15,1842.3,42.34,38.6,No_Failure,0
ECU_SENS_01656,300.12,309.45,1375.8,50.35,135.2,No_Failure,0
ECU_SENS_01657,300.03,311.42,1430.0,31.64,226.5,Tool_Wear_Failure,1
ECU_SENS_01658,299.95,309.7,1566.8,54.24,0.9,No_Failure,0
ECU_SENS_01659,300.4,310.68,1313.6,39.08,57.1,No_Failure,0
ECU_SENS_01660,299.71,309.97,1458.8,31.12,225.2,No_Failure,0
ECU_SENS_01661,298.85,308.72,1587.1,49.98,41.1,No_Failure,0
ECU_SENS_01662,298.91,309.72,1470.1,37.13,27.2,No_Failure,0
ECU_SENS_01663,299.93,310.73,1513.2,47.6,136.8,No_Failure,0
ECU_SENS_01664,298.91,307.16,1434.7,37.08,206.8,No_Failure,0
ECU_SENS_01665,298.57,309.88,1257.4,39.4,114.5,No_Failure,0
ECU_SENS_01666,300.21,308.55,1587.9,44.94,238.7,No_Failure,0
ECU_SENS_01667,299.49,310.52,1845.9,42.91,163.0,No_Failure,0
ECU_SENS_01668,303.01,314.13,1533.3,20.04,17.8,Power_Failure,1
ECU_SENS_01669,294.7,303.61,1570.5,28.79,238.3,No_Failure,0
ECU_SENS_01670,302.18,311.77,1654.7,49.29,97.9,No_Failure,0
ECU_SENS_01671,302.49,311.39,1301.5,38.68,69.0,No_Failure,0
ECU_SENS_01672,295.85,305.64,1836.5,34.76,133.9,No_Failure,0
ECU_SENS_01673,299.31,309.01,1566.4,26.41,73.0,No_Failure,0
ECU_SENS_01674,299.26,310.04,1823.7,29.2,20.7,No_Failure,0
ECU_SENS_01675,297.18,308.5,1398.1,19.78,0.3,Power_Failure,1
ECU_SENS_01676,298.44,309.84,1857.3,38.99,107.9,No_Failure,0
ECU_SENS_01677,297.78,307.22,1669.5,34.02,200.8,No_Failure,0
ECU_SENS_01678,303.5,313.3,1629.5,30.33,137.4,No_Failure,0
ECU_SENS_01679,301.87,310.19,1572.1,39.32,239.8,Tool_Wear_Failure,1
ECU_SENS_01680,302.54,311.74,1485.3,43.64,68.8,No_Failure,0
ECU_SENS_01681,301.44,312.41,1746.1,60.93,67.3,Power_Failure,1
ECU_SENS_01682,297.74,309.36,1555.3,24.88,38.3,No_Failure,0
ECU_SENS_01683,298.95,307.72,1175.9,51.59,39.4,No_Failure,0
ECU_SENS_01684,300.98,310.39,1328.9,49.73,68.4,No_Failure,0
ECU_SENS_01685,297.56,307.53,1496.5,32.21,190.3,No_Failure,0
ECU_SENS_01686,301.43,311.71,1585.8,42.03,217.4,Tool_Wear_Failure,1
ECU_SENS_01687,299.52,308.71,1519.8,35.42,234.0,No_Failure,0
ECU_SENS_01688,299.25,309.67,1749.4,41.86,55.7,No_Failure,0
ECU_SENS_01689,301.42,310.95,1178.8,55.09,211.5,Overstrain_Failure,1
ECU_SENS_01690,300.89,310.87,1555.8,46.06,78.8,No_Failure,0
ECU_SENS_01691,299.28,309.82,1202.8,45.09,27.1,No_Failure,0
ECU_SENS_01692,302.32,312.33,1666.7,35.7,208.8,No_Failure,0
ECU_SENS_01693,297.84,307.4,1513.0,25.16,152.7,No_Failure,0
ECU_SENS_01694,301.23,311.12,1605.5,37.92,39.5,No_Failure,0
ECU_SENS_01695,301.19,311.1,1374.5,52.07,103.2,No_Failure,0
ECU_SENS_01696,299.38,309.01,1760.3,24.73,68.9,No_Failure,0
ECU_SENS_01697,300.65,310.39,1717.5,29.45,176.8,Mechanical_Glitch,1
ECU_SENS_01698,297.5,309.1,1635.0,41.26,108.8,No_Failure,0
ECU_SENS_01699,301.85,312.41,1506.7,30.15,237.4,Tool_Wear_Failure,1
ECU_SENS_01700,299.63,309.33,1634.4,32.07,13.1,No_Failure,0
ECU_SENS_01701,298.95,309.65,1402.8,35.76,85.2,No_Failure,0
ECU_SENS_01702,302.1,311.76,1684.0,26.34,115.7,No_Failure,0
ECU_SENS_01703,298.59,309.76,1826.9,30.26,120.8,No_Failure,0
ECU_SENS_01704,297.18,307.55,1722.7,47.03,75.8,No_Failure,0
ECU_SENS_01705,296.89,306.78,1398.7,26.93,175.0,No_Failure,0
ECU_SENS_01706,301.21,311.66,1595.1,24.02,209.9,No_Failure,0
ECU_SENS_01707,297.44,305.87,1297.2,33.7,225.3,Heat_Dissipation_Failure,1
ECU_SENS_01708,303.51,312.38,1633.0,47.32,193.2,No_Failure,0
ECU_SENS_01709,295.84,304.64,1611.1,38.03,204.1,No_Failure,0
ECU_SENS_01710,303.39,313.54,1193.4,35.35,132.1,No_Failure,0
ECU_SENS_01711,300.42,312.15,1320.9,40.44,198.2,No_Failure,0
ECU_SENS_01712,299.81,312.04,1479.0,22.54,72.8,Power_Failure,1
ECU_SENS_01713,298.91,309.55,1475.8,44.95,95.6,No_Failure,0
ECU_SENS_01714,300.8,311.3,1312.3,43.83,76.1,No_Failure,0
ECU_SENS_01715,299.92,308.12,1600.0,35.91,112.2,No_Failure,0
ECU_SENS_01716,302.21,311.66,1575.3,50.06,68.5,No_Failure,0
ECU_SENS_01717,300.23,309.44,1495.0,28.73,230.8,Tool_Wear_Failure,1
ECU_SENS_01718,300.3,309.68,1394.0,51.28,75.1,No_Failure,0
ECU_SENS_01719,299.27,309.1,1718.8,41.54,23.5,No_Failure,0
ECU_SENS_01720,299.89,309.41,1828.0,36.63,126.4,No_Failure,0
ECU_SENS_01721,300.62,308.64,1443.0,39.8,13.7,No_Failure,0
ECU_SENS_01722,296.58,307.33,1419.8,38.93,26.5,No_Failure,0
ECU_SENS_01723,297.3,306.23,1618.4,52.2,52.7,No_Failure,0
ECU_SENS_01724,301.49,311.73,1465.6,29.23,111.4,No_Failure,0
ECU_SENS_01725,300.34,312.42,1504.9,32.37,104.0,No_Failure,0
ECU_SENS_01726,299.63,308.71,1663.1,50.36,191.9,No_Failure,0
ECU_SENS_01727,300.04,307.51,1186.3,34.04,177.5,Heat_Dissipation_Failure,1
ECU_SENS_01728,300.7,310.41,1767.3,49.01,102.3,Power_Failure,1
ECU_SENS_01729,298.92,310.02,1543.1,56.99,80.1,Power_Failure,1
ECU_SENS_01730,298.44,310.4,1455.9,35.98,76.0,No_Failure,0
ECU_SENS_01731,300.39,309.16,1513.9,46.81,185.8,No_Failure,0
ECU_SENS_01732,298.04,308.54,1523.2,28.46,12.5,No_Failure,0
ECU_SENS_01733,300.82,310.35,1218.4,47.55,3.1,No_Failure,0
ECU_SENS_01734,296.59,306.49,1799.1,41.99,190.9,No_Failure,0
ECU_SENS_01735,302.06,314.7,1537.4,44.73,114.5,No_Failure,0
ECU_SENS_01736,300.95,309.44,1609.7,33.54,31.4,No_Failure,0
ECU_SENS_01737,300.51,310.77,1701.3,23.39,56.5,No_Failure,0
ECU_SENS_01738,301.97,312.43,1346.2,45.03,223.8,Tool_Wear_Failure,1
ECU_SENS_01739,303.33,314.42,1615.2,19.37,206.3,Power_Failure,1
ECU_SENS_01740,302.03,312.13,1481.8,36.83,170.3,No_Failure,0
ECU_SENS_01741,296.32,306.63,1682.4,49.41,115.7,No_Failure,0
ECU_SENS_01742,297.44,307.05,1150.0,41.92,124.9,No_Failure,0
ECU_SENS_01743,298.75,309.02,1512.2,59.48,234.1,Power_Failure,1
ECU_SENS_01744,300.05,309.71,1421.5,50.25,231.8,Overstrain_Failure,1
ECU_SENS_01745,301.04,311.66,1607.8,33.46,51.7,No_Failure,0
ECU_SENS_01746,298.55,308.18,1614.6,40.27,194.7,No_Failure,0
ECU_SENS_01747,300.37,310.75,1402.6,39.53,47.3,No_Failure,0
ECU_SENS_01748,298.49,308.46,1401.8,24.18,51.2,No_Failure,0
ECU_SENS_01749,298.78,309.9,1510.1,30.6,162.3,No_Failure,0
ECU_SENS_01750,297.19,307.14,1368.6,34.39,97.2,No_Failure,0
ECU_SENS_01751,298.15,306.38,1681.6,19.64,223.6,Power_Failure,1
ECU_SENS_01752,297.3,308.56,1463.5,40.47,21.4,No_Failure,0
ECU_SENS_01753,298.05,307.14,1150.0,37.51,122.8,No_Failure,0
ECU_SENS_01754,302.11,311.45,1462.5,23.27,220.4,No_Failure,0
ECU_SENS_01755,298.1,307.51,1343.1,44.04,217.0,Tool_Wear_Failure,1
ECU_SENS_01756,305.26,316.64,1236.4,47.16,37.6,No_Failure,0
ECU_SENS_01757,300.99,308.85,1307.3,42.27,88.0,Heat_Dissipation_Failure,1
ECU_SENS_01758,300.37,313.51,1549.7,36.76,148.6,No_Failure,0
ECU_SENS_01759,298.28,309.34,1769.2,45.91,38.3,No_Failure,0
ECU_SENS_01760,301.4,311.62,1586.4,46.8,232.3,Tool_Wear_Failure,1
ECU_SENS_01761,298.85,308.79,1420.8,43.07,219.5,Tool_Wear_Failure,1
ECU_SENS_01762,300.24,310.53,1612.1,31.75,40.1,No_Failure,0
ECU_SENS_01763,305.12,315.64,1447.4,42.77,29.1,No_Failure,0
ECU_SENS_01764,299.81,310.45,1405.0,51.95,20.5,No_Failure,0
ECU_SENS_01765,302.3,312.85,1322.2,34.03,218.3,Tool_Wear_Failure,1
ECU_SENS_01766,298.59,308.68,1214.7,60.98,46.5,No_Failure,0
ECU_SENS_01767,299.93,309.73,1459.8,34.74,99.9,No_Failure,0
ECU_SENS_01768,303.54,313.39,1558.4,40.32,107.7,No_Failure,0
ECU_SENS_01769,298.75,308.55,1512.6,33.28,143.8,No_Failure,0
ECU_SENS_01770,303.62,314.76,1455.1,42.23,17.2,No_Failure,0
ECU_SENS_01771,301.42,312.01,1359.8,22.58,54.4,Power_Failure,1
ECU_SENS_01772,298.88,305.93,1639.5,34.54,223.6,Tool_Wear_Failure,1
ECU_SENS_01773,301.26,311.92,1292.9,29.08,218.0,No_Failure,0
ECU_SENS_01774,301.95,312.14,1669.7,41.35,187.5,No_Failure,0
ECU_SENS_01775,301.24,311.22,1349.6,49.94,4.7,No_Failure,0
ECU_SENS_01776,296.86,306.47,1394.6,46.46,78.5,No_Failure,0
ECU_SENS_01777,298.55,309.67,1266.0,16.28,150.7,Power_Failure,1
ECU_SENS_01778,299.5,310.45,1439.7,60.42,66.0,Power_Failure,1
ECU_SENS_01779,299.85,309.08,1705.6,42.95,218.3,Tool_Wear_Failure,1
ECU_SENS_01780,301.24,311.65,1622.8,32.24,152.1,No_Failure,0
ECU_SENS_01781,300.36,309.38,1706.1,41.57,17.3,No_Failure,0
ECU_SENS_01782,297.33,305.95,1624.0,41.76,218.2,Tool_Wear_Failure,1
ECU_SENS_01783,300.76,310.13,1331.3,33.33,229.9,Tool_Wear_Failure,1
ECU_SENS_01784,301.22,312.08,1470.5,41.98,18.7,No_Failure,0
ECU_SENS_01785,301.12,312.07,1389.6,33.93,127.8,No_Failure,0
ECU_SENS_01786,302.16,312.67,1769.5,35.96,72.8,No_Failure,0
ECU_SENS_01787,301.67,312.39,1314.6,33.14,94.3,No_Failure,0
ECU_SENS_01788,300.92,311.43,1690.9,25.67,43.1,No_Failure,0
ECU_SENS_01789,299.86,309.22,1690.7,41.46,138.7,No_Failure,0
ECU_SENS_01790,296.68,307.11,1859.3,45.85,229.9,No_Failure,0
ECU_SENS_01791,300.86,311.66,1456.3,45.15,120.7,No_Failure,0
ECU_SENS_01792,300.42,311.17,1658.2,48.2,19.9,No_Failure,0
ECU_SENS_01793,300.54,311.73,1940.7,43.24,148.8,No_Failure,0
ECU_SENS_01794,297.45,308.15,1418.8,34.67,81.7,No_Failure,0
ECU_SENS_01795,297.84,308.19,1253.7,48.4,205.4,No_Failure,0
ECU_SENS_01796,302.11,313.18,1191.6,26.42,104.3,Power_Failure,1
ECU_SENS_01797,299.92,309.89,1658.3,30.99,46.3,No_Failure,0
ECU_SENS_01798,301.36,310.48,1191.0,30.36,45.9,No_Failure,0
ECU_SENS_01799,300.06,309.89,1463.0,50.8,184.5,No_Failure,0
ECU_SENS_01800,300.06,309.31,1608.7,49.43,63.7,No_Failure,0
ECU_SENS_01801,301.88,311.2,1563.3,44.87,184.1,No_Failure,0
ECU_SENS_01802,298.97,308.82,1606.6,50.72,49.4,No_Failure,0
ECU_SENS_01803,300.19,309.4,1570.0,31.21,77.2,No_Failure,0
ECU_SENS_01804,299.08,308.77,1760.2,43.49,111.7,No_Failure,0
ECU_SENS_01805,299.13,307.24,1358.6,38.75,226.4,Heat_Dissipation_Failure,1
ECU_SENS_01806,299.38,309.59,1408.1,48.47,223.6,Tool_Wear_Failure,1
ECU_SENS_01807,300.44,310.45,1390.9,38.85,49.6,No_Failure,0
ECU_SENS_01808,299.04,308.23,1679.4,36.15,86.0,No_Failure,0
ECU_SENS_01809,302.51,313.17,1692.1,45.41,35.9,No_Failure,0
ECU_SENS_01810,298.21,309.15,1611.2,48.76,122.4,No_Failure,0
ECU_SENS_01811,299.63,308.02,1743.0,33.32,110.5,No_Failure,0
ECU_SENS_01812,299.12,308.36,1318.0,39.39,216.2,Tool_Wear_Failure,1
ECU_SENS_01813,302.89,312.12,1830.1,29.42,223.2,Tool_Wear_Failure,1
ECU_SENS_01814,300.39,309.45,1804.2,15.02,92.1,Power_Failure,1
ECU_SENS_01815,302.06,312.89,1662.4,42.0,118.0,No_Failure,0
ECU_SENS_01816,297.03,306.84,1850.7,46.09,215.1,Tool_Wear_Failure,1
ECU_SENS_01817,300.53,310.27,1231.8,42.62,193.6,No_Failure,0
ECU_SENS_01818,301.78,309.78,1435.6,20.5,0.9,Power_Failure,1
ECU_SENS_01819,300.16,310.8,1397.6,36.49,76.8,No_Failure,0
ECU_SENS_01820,302.13,310.89,1659.9,17.82,101.2,Power_Failure,1
ECU_SENS_01821,298.97,309.03,1341.0,53.7,55.1,No_Failure,0
ECU_SENS_01822,302.82,313.1,1666.3,29.14,47.9,No_Failure,0
ECU_SENS_01823,304.6,315.96,1776.7,52.55,9.1,Power_Failure,1
ECU_SENS_01824,299.27,307.97,1655.1,49.46,154.4,No_Failure,0
ECU_SENS_01825,299.11,306.09,1581.1,30.99,63.0,No_Failure,0
ECU_SENS_01826,302.91,313.09,1352.2,28.67,12.6,No_Failure,0
ECU_SENS_01827,303.16,314.96,1377.6,43.5,55.4,No_Failure,0
ECU_SENS_01828,298.95,310.19,1754.9,31.56,192.5,No_Failure,0
ECU_SENS_01829,299.16,309.37,1670.3,41.02,204.4,No_Failure,0
ECU_SENS_01830,299.44,308.94,1523.0,35.17,115.9,No_Failure,0
ECU_SENS_01831,297.31,308.12,1454.8,22.19,99.9,Power_Failure,1
ECU_SENS_01832,298.16,307.19,1165.4,17.7,234.7,Power_Failure,1
ECU_SENS_01833,297.99,308.47,1337.2,42.27,48.1,No_Failure,0
ECU_SENS_01834,298.46,308.97,1874.1,34.38,51.7,No_Failure,0
ECU_SENS_01835,299.93,310.99,1299.5,34.47,70.0,No_Failure,0
ECU_SENS_01836,300.47,313.23,1564.1,46.96,41.5,No_Failure,0
ECU_SENS_01837,303.1,313.49,1711.3,51.73,91.0,Power_Failure,1
ECU_SENS_01838,298.0,307.49,1304.1,37.27,218.6,No_Failure,0
ECU_SENS_01839,301.97,311.94,1563.2,36.59,147.7,No_Failure,0
ECU_SENS_01840,299.57,307.8,1698.8,45.0,98.9,No_Failure,0
ECU_SENS_01841,299.9,309.21,1532.2,26.43,224.3,Tool_Wear_Failure,1
ECU_SENS_01842,301.35,310.94,2046.3,42.23,11.6,Power_Failure,1
ECU_SENS_01843,297.75,307.23,1229.7,45.52,50.5,No_Failure,0
ECU_SENS_01844,300.76,310.92,1720.6,46.8,135.8,No_Failure,0
ECU_SENS_01845,300.33,309.51,1498.9,20.63,147.7,Power_Failure,1
ECU_SENS_01846,300.98,312.11,1668.9,32.39,9.5,No_Failure,0
ECU_SENS_01847,300.58,310.58,1609.4,31.22,96.7,No_Failure,0
ECU_SENS_01848,304.91,314.9,1398.0,41.0,155.8,No_Failure,0
ECU_SENS_01849,298.72,308.4,1571.2,44.81,167.5,No_Failure,0
ECU_SENS_01850,298.94,309.09,1195.6,54.97,153.2,No_Failure,0
ECU_SENS_01851,298.75,309.58,1638.6,35.05,76.9,No_Failure,0
ECU_SENS_01852,298.89,308.02,1583.7,35.02,22.4,No_Failure,0
ECU_SENS_01853,298.73,308.07,1645.0,51.5,102.5,No_Failure,0
ECU_SENS_01854,302.38,312.07,1720.5,42.97,30.9,No_Failure,0
ECU_SENS_01855,302.84,311.5,1596.2,52.68,227.4,Overstrain_Failure,1
ECU_SENS_01856,298.86,308.04,1556.7,42.89,114.0,No_Failure,0
ECU_SENS_01857,298.34,307.86,1371.4,28.43,76.1,No_Failure,0
ECU_SENS_01858,300.94,311.82,1401.8,26.67,183.9,No_Failure,0
ECU_SENS_01859,298.9,309.16,1743.6,24.48,119.5,No_Failure,0
ECU_SENS_01860,301.27,311.46,1788.5,46.62,74.4,No_Failure,0
ECU_SENS_01861,300.41,311.26,1487.1,51.89,194.9,No_Failure,0
ECU_SENS_01862,296.97,306.83,1538.3,58.49,208.1,Power_Failure,1
ECU_SENS_01863,303.1,313.49,1367.2,48.43,161.5,No_Failure,0
ECU_SENS_01864,303.59,313.49,1741.1,51.63,11.3,Power_Failure,1
ECU_SENS_01865,298.77,309.04,1649.8,34.2,135.9,No_Failure,0
ECU_SENS_01866,299.22,308.64,1879.4,28.44,183.2,No_Failure,0
ECU_SENS_01867,300.57,308.13,1371.9,48.5,32.8,Heat_Dissipation_Failure,1
ECU_SENS_01868,300.67,310.53,1462.0,44.18,54.9,No_Failure,0
ECU_SENS_01869,301.32,312.74,1571.7,41.07,211.8,Tool_Wear_Failure,1
ECU_SENS_01870,304.02,314.95,1646.4,43.87,4.8,No_Failure,0
ECU_SENS_01871,299.65,310.61,1491.2,43.23,180.7,No_Failure,0
ECU_SENS_01872,298.4,309.64,1372.9,52.84,113.7,Mechanical_Glitch,1
ECU_SENS_01873,297.24,307.33,1688.7,52.95,107.2,Power_Failure,1
ECU_SENS_01874,298.54,308.74,1659.8,45.44,1.7,No_Failure,0
ECU_SENS_01875,299.93,309.32,1365.1,48.46,196.7,No_Failure,0
ECU_SENS_01876,303.59,313.27,1774.0,45.14,86.4,No_Failure,0
ECU_SENS_01877,298.96,309.58,1740.6,35.39,129.8,No_Failure,0
ECU_SENS_01878,300.45,311.65,1554.2,47.57,162.6,No_Failure,0
ECU_SENS_01879,299.97,309.83,1544.3,26.06,168.6,No_Failure,0
ECU_SENS_01880,302.38,311.93,1629.7,50.54,229.4,Overstrain_Failure,1
ECU_SENS_01881,305.05,315.05,1374.9,28.05,127.5,No_Failure,0
ECU_SENS_01882,298.94,309.54,1535.4,42.86,95.9,No_Failure,0
ECU_SENS_01883,299.02,307.58,1150.0,31.55,228.9,Heat_Dissipation_Failure,1
ECU_SENS_01884,302.09,309.79,1687.8,45.53,154.1,No_Failure,0
ECU_SENS_01885,301.36,310.81,1248.9,39.66,71.6,No_Failure,0
ECU_SENS_01886,303.69,312.47,1800.6,24.05,30.4,No_Failure,0
ECU_SENS_01887,301.17,310.66,1470.6,44.21,202.2,No_Failure,0
ECU_SENS_01888,299.28,309.13,1491.9,34.22,86.9,No_Failure,0
ECU_SENS_01889,301.18,310.73,1417.0,48.81,158.5,No_Failure,0
ECU_SENS_01890,302.22,313.67,1478.2,40.01,113.0,No_Failure,0
ECU_SENS_01891,301.64,311.97,1785.3,43.95,47.7,No_Failure,0
ECU_SENS_01892,301.01,311.32,1150.0,30.42,144.4,No_Failure,0
ECU_SENS_01893,302.13,312.76,1759.9,34.11,14.6,No_Failure,0
ECU_SENS_01894,302.34,311.2,1590.8,35.41,99.2,No_Failure,0
ECU_SENS_01895,302.76,313.8,1312.7,48.57,131.2,No_Failure,0
ECU_SENS_01896,301.3,311.22,1336.4,56.77,104.7,No_Failure,0
ECU_SENS_01897,299.67,310.34,1831.8,31.95,179.7,No_Failure,0
ECU_SENS_01898,300.29,309.22,1359.8,50.77,198.7,No_Failure,0
ECU_SENS_01899,302.41,310.86,1322.4,18.3,185.1,Heat_Dissipation_Failure,1
ECU_SENS_01900,298.37,309.18,1734.7,28.06,9.3,No_Failure,0
ECU_SENS_01901,300.74,311.11,1590.9,30.41,46.6,No_Failure,0
ECU_SENS_01902,299.21,308.31,1361.2,26.47,128.8,No_Failure,0
ECU_SENS_01903,300.06,309.19,1569.0,24.16,224.4,Tool_Wear_Failure,1
ECU_SENS_01904,302.56,313.68,1345.4,44.13,200.4,No_Failure,0
ECU_SENS_01905,300.38,309.19,1728.1,37.86,202.2,No_Failure,0
ECU_SENS_01906,300.09,311.74,1721.0,43.79,72.8,No_Failure,0
ECU_SENS_01907,297.28,306.38,1625.8,46.9,103.1,No_Failure,0
ECU_SENS_01908,301.49,312.13,1595.1,42.66,113.0,No_Failure,0
ECU_SENS_01909,301.29,310.96,1847.0,46.58,37.8,Power_Failure,1
ECU_SENS_01910,304.33,314.93,1529.9,39.3,7.5,No_Failure,0
ECU_SENS_01911,299.38,308.84,1317.3,28.13,227.3,Tool_Wear_Failure,1
ECU_SENS_01912,300.44,310.28,1610.9,50.58,57.8,No_Failure,0
ECU_SENS_01913,300.5,310.54,1905.5,34.11,57.6,No_Failure,0
ECU_SENS_01914,303.15,312.15,1347.3,30.64,20.0,No_Failure,0
ECU_SENS_01915,299.81,310.55,1464.9,38.22,222.8,No_Failure,0
ECU_SENS_01916,300.56,310.04,1605.0,30.87,139.1,No_Failure,0
ECU_SENS_01917,301.22,310.99,1520.3,35.83,160.1,No_Failure,0
ECU_SENS_01918,300.37,309.38,1353.2,43.44,218.8,Tool_Wear_Failure,1
ECU_SENS_01919,299.11,306.54,1731.9,43.48,82.9,No_Failure,0
ECU_SENS_01920,300.39,310.2,1947.6,31.02,149.2,No_Failure,0
ECU_SENS_01921,302.15,314.56,1565.3,35.12,9.3,No_Failure,0
ECU_SENS_01922,297.95,308.73,1367.3,50.74,44.8,No_Failure,0
ECU_SENS_01923,300.27,310.25,1251.2,44.96,199.5,No_Failure,0
ECU_SENS_01924,298.6,308.34,1576.4,60.75,184.0,Power_Failure,1
ECU_SENS_01925,302.39,312.41,1728.7,51.8,84.2,Power_Failure,1
ECU_SENS_01926,296.95,307.5,1615.5,51.44,90.4,No_Failure,0
ECU_SENS_01927,298.88,307.7,1529.6,26.12,128.1,No_Failure,0
ECU_SENS_01928,300.75,311.87,1423.9,47.64,0.1,No_Failure,0
ECU_SENS_01929,303.13,313.85,1333.4,39.47,57.9,No_Failure,0
ECU_SENS_01930,299.87,310.59,1680.3,34.49,50.0,No_Failure,0
ECU_SENS_01931,298.89,309.33,1694.5,41.68,60.1,No_Failure,0
ECU_SENS_01932,303.76,313.78,1251.8,49.45,193.4,No_Failure,0
ECU_SENS_01933,297.1,307.78,1816.2,45.01,67.1,No_Failure,0
ECU_SENS_01934,295.6,306.19,1633.3,31.22,46.0,No_Failure,0
ECU_SENS_01935,300.88,310.53,1781.9,47.42,121.0,No_Failure,0
ECU_SENS_01936,299.0,308.42,1288.4,33.62,207.8,No_Failure,0
ECU_SENS_01937,297.96,308.06,1284.2,42.17,57.9,No_Failure,0
ECU_SENS_01938,301.42,312.97,1503.2,36.97,18.8,Mechanical_Glitch,1
ECU_SENS_01939,300.49,309.25,1620.5,37.81,85.5,No_Failure,0
ECU_SENS_01940,298.87,307.4,1853.3,47.66,179.4,Power_Failure,1
ECU_SENS_01941,297.44,307.6,1657.1,29.6,132.2,No_Failure,0
ECU_SENS_01942,301.74,311.8,1486.3,59.45,196.0,Power_Failure,1
ECU_SENS_01943,301.3,311.47,1345.3,21.79,230.3,Power_Failure,1
ECU_SENS_01944,299.8,310.05,1751.4,34.02,190.2,No_Failure,0
ECU_SENS_01945,303.69,313.47,1356.4,43.7,144.9,No_Failure,0
ECU_SENS_01946,297.86,309.35,1823.1,45.84,118.4,No_Failure,0
ECU_SENS_01947,296.95,305.35,1478.8,39.0,9.6,No_Failure,0
ECU_SENS_01948,298.62,307.79,1816.3,39.43,236.2,Tool_Wear_Failure,1
ECU_SENS_01949,299.91,309.81,1652.2,44.11,92.0,No_Failure,0
ECU_SENS_01950,300.49,308.84,1505.3,37.69,36.5,No_Failure,0
ECU_SENS_01951,299.52,309.34,1436.5,53.93,160.0,No_Failure,0
ECU_SENS_01952,300.7,312.37,1468.6,48.39,68.2,No_Failure,0
ECU_SENS_01953,297.5,307.52,1607.1,48.73,140.6,No_Failure,0
ECU_SENS_01954,302.89,313.12,1543.9,30.34,140.8,No_Failure,0
ECU_SENS_01955,299.84,308.58,1423.1,39.21,107.0,No_Failure,0
ECU_SENS_01956,302.23,311.62,1500.2,37.0,200.7,No_Failure,0
ECU_SENS_01957,300.69,310.31,1544.1,29.94,63.6,No_Failure,0
ECU_SENS_01958,300.91,310.6,1150.0,43.6,107.7,No_Failure,0
ECU_SENS_01959,301.14,312.42,1612.5,34.62,129.0,No_Failure,0
ECU_SENS_01960,300.9,311.45,1353.7,46.55,159.3,No_Failure,0
ECU_SENS_01961,301.29,310.17,1322.4,29.3,188.2,No_Failure,0
ECU_SENS_01962,302.66,312.9,1226.3,57.19,94.8,No_Failure,0
ECU_SENS_01963,300.39,310.89,1207.1,31.04,155.1,No_Failure,0
ECU_SENS_01964,301.42,312.56,1286.0,42.19,36.1,No_Failure,0
ECU_SENS_01965,299.82,311.4,1402.4,47.92,223.8,No_Failure,0
ECU_SENS_01966,302.88,311.87,1881.6,34.29,91.9,No_Failure,0
ECU_SENS_01967,298.65,307.84,1435.3,48.52,175.1,No_Failure,0
ECU_SENS_01968,303.6,312.34,1562.0,27.71,4.9,No_Failure,0
ECU_SENS_01969,299.92,309.69,1602.1,54.52,49.2,Power_Failure,1
ECU_SENS_01970,297.14,307.6,1553.6,40.14,116.9,No_Failure,0
ECU_SENS_01971,300.26,311.24,1516.1,34.04,210.8,No_Failure,0
ECU_SENS_01972,298.64,308.56,1314.8,37.01,126.5,No_Failure,0
ECU_SENS_01973,301.68,311.36,1791.2,48.09,223.2,Power_Failure,1
ECU_SENS_01974,298.69,308.85,1855.3,34.16,116.1,No_Failure,0
ECU_SENS_01975,299.11,308.27,1227.1,32.51,117.7,No_Failure,0
ECU_SENS_01976,296.22,308.31,1345.7,37.78,28.7,No_Failure,0
ECU_SENS_01977,299.1,307.49,1479.6,28.23,192.6,No_Failure,0
ECU_SENS_01978,295.15,305.34,1356.4,58.21,59.3,No_Failure,0
ECU_SENS_01979,296.83,308.86,1621.1,34.34,215.9,Tool_Wear_Failure,1
ECU_SENS_01980,301.52,311.53,1398.9,48.32,218.6,No_Failure,0
ECU_SENS_01981,301.57,311.38,1919.7,42.09,226.4,No_Failure,0
ECU_SENS_01982,300.85,310.49,1744.3,30.15,124.9,No_Failure,0
ECU_SENS_01983,298.07,307.89,1568.3,39.94,162.5,No_Failure,0
ECU_SENS_01984,299.9,311.28,1714.9,47.84,186.8,No_Failure,0
ECU_SENS_01985,299.99,307.78,1729.1,38.12,31.4,No_Failure,0
ECU_SENS_01986,297.68,309.22,1428.5,51.93,144.2,No_Failure,0
ECU_SENS_01987,303.01,311.58,1383.1,50.22,8.2,No_Failure,0
ECU_SENS_01988,301.75,311.49,1544.1,49.19,119.4,No_Failure,0
ECU_SENS_01989,299.56,309.13,1685.1,35.4,37.2,No_Failure,0
ECU_SENS_01990,300.05,310.64,1555.0,29.2,43.9,No_Failure,0
ECU_SENS_01991,300.42,308.82,1246.1,33.86,87.6,Heat_Dissipation_Failure,1
ECU_SENS_01992,295.92,306.38,1385.5,41.96,103.8,No_Failure,0
ECU_SENS_01993,299.51,311.53,1516.7,45.46,149.6,No_Failure,0
ECU_SENS_01994,298.64,307.27,1516.4,18.28,17.9,Power_Failure,1
ECU_SENS_01995,298.0,308.19,1885.1,39.92,120.9,No_Failure,0
ECU_SENS_01996,299.44,308.78,1280.5,41.58,43.8,Mechanical_Glitch,1
ECU_SENS_01997,303.6,314.02,1621.0,37.22,137.8,No_Failure,0
ECU_SENS_01998,301.28,311.3,1798.0,52.91,153.0,Power_Failure,1
ECU_SENS_01999,298.86,308.22,1938.9,44.22,133.6,No_Failure,0
ECU_SENS_02000,301.15,311.63,1457.2,53.1,177.2,No_Failure,0
ECU_SENS_02001,302.8,314.6,1618.5,37.84,80.5,No_Failure,0
ECU_SENS_02002,301.85,311.66,1632.6,49.37,183.6,No_Failure,0
ECU_SENS_02003,300.12,310.84,1565.2,56.35,103.9,Power_Failure,1
ECU_SENS_02004,298.71,307.41,1512.2,53.12,116.2,No_Failure,0
ECU_SENS_02005,301.4,310.44,1608.5,29.08,155.5,No_Failure,0
ECU_SENS_02006,300.79,311.26,1150.0,37.46,4.4,No_Failure,0
ECU_SENS_02007,301.79,313.27,1652.8,36.55,157.0,No_Failure,0
ECU_SENS_02008,301.27,311.63,1552.7,44.89,148.5,No_Failure,0
ECU_SENS_02009,302.1,311.79,1490.0,46.86,74.4,No_Failure,0
ECU_SENS_02010,298.93,308.93,1898.4,31.61,20.6,No_Failure,0
ECU_SENS_02011,302.63,311.38,1408.5,40.68,21.8,No_Failure,0
ECU_SENS_02012,300.4,311.0,1457.4,19.8,221.6,Power_Failure,1
ECU_SENS_02013,304.15,315.03,1888.5,54.42,165.4,Power_Failure,1
ECU_SENS_02014,298.62,308.17,1380.2,34.88,30.5,No_Failure,0
ECU_SENS_02015,303.47,313.0,1431.0,40.56,85.6,No_Failure,0
ECU_SENS_02016,300.4,310.66,1503.5,36.9,142.2,No_Failure,0
ECU_SENS_02017,298.7,308.26,1681.3,51.46,200.5,Power_Failure,1
ECU_SENS_02018,299.03,308.97,1567.4,12.0,10.5,Power_Failure,1
ECU_SENS_02019,299.36,311.46,1297.3,39.83,56.8,No_Failure,0
ECU_SENS_02020,300.85,310.6,1434.2,38.94,213.5,Tool_Wear_Failure,1
ECU_SENS_02021,301.05,310.69,1420.7,35.46,2.2,No_Failure,0
ECU_SENS_02022,298.85,308.21,1516.1,57.26,48.3,Power_Failure,1
ECU_SENS_02023,299.95,310.7,1606.7,31.13,230.2,No_Failure,0
ECU_SENS_02024,304.28,314.1,1605.3,47.72,147.2,No_Failure,0
ECU_SENS_02025,303.46,312.81,1210.3,43.56,62.8,No_Failure,0
ECU_SENS_02026,300.87,312.19,1721.5,52.62,16.1,Power_Failure,1
ECU_SENS_02027,300.08,311.5,1575.5,33.33,6.8,No_Failure,0
ECU_SENS_02028,300.24,309.64,1779.2,32.67,58.7,No_Failure,0
ECU_SENS_02029,301.23,309.36,1610.0,50.96,211.6,No_Failure,0
ECU_SENS_02030,297.95,308.96,1728.2,44.25,99.8,No_Failure,0
ECU_SENS_02031,299.49,308.8,1614.0,24.55,172.9,No_Failure,0
ECU_SENS_02032,296.66,307.45,1772.3,34.61,220.4,No_Failure,0
ECU_SENS_02033,300.8,308.83,1624.0,43.86,97.9,No_Failure,0
ECU_SENS_02034,301.29,312.19,1512.4,48.38,45.9,No_Failure,0
ECU_SENS_02035,299.03,307.82,1939.0,33.21,124.1,No_Failure,0
ECU_SENS_02036,303.15,313.88,1690.0,12.0,217.9,Power_Failure,1
ECU_SENS_02037,297.55,307.56,1633.3,45.23,193.0,No_Failure,0
ECU_SENS_02038,297.07,306.12,1300.3,27.8,15.8,No_Failure,0
ECU_SENS_02039,300.45,310.04,1298.1,19.83,166.2,Power_Failure,1
ECU_SENS_02040,302.09,312.78,1582.7,12.0,137.3,Power_Failure,1
ECU_SENS_02041,303.37,313.47,1556.2,48.14,217.8,No_Failure,0
ECU_SENS_02042,299.08,309.67,1419.5,41.29,29.4,No_Failure,0
ECU_SENS_02043,302.16,314.13,1555.4,37.74,128.2,No_Failure,0
ECU_SENS_02044,299.92,308.36,1816.0,53.89,211.1,Power_Failure,1
ECU_SENS_02045,299.65,311.27,1655.2,46.37,98.4,No_Failure,0
ECU_SENS_02046,301.77,311.87,1324.6,56.16,115.7,No_Failure,0
ECU_SENS_02047,301.3,310.41,1509.9,26.07,16.9,No_Failure,0
ECU_SENS_02048,296.85,305.52,1385.1,39.65,66.8,No_Failure,0
ECU_SENS_02049,302.95,312.76,1460.2,23.83,77.9,No_Failure,0
ECU_SENS_02050,302.76,313.68,1455.5,37.71,226.8,No_Failure,0
ECU_SENS_02051,298.75,308.62,1444.0,37.51,67.8,No_Failure,0
ECU_SENS_02052,300.79,312.3,1304.1,46.27,110.6,No_Failure,0
ECU_SENS_02053,300.99,309.54,1507.0,40.46,161.1,No_Failure,0
ECU_SENS_02054,300.52,310.51,1429.1,46.23,38.9,No_Failure,0
ECU_SENS_02055,298.9,307.65,1150.0,47.03,116.7,No_Failure,0
ECU_SENS_02056,298.66,309.02,1899.5,61.55,177.2,Power_Failure,1
ECU_SENS_02057,299.95,310.84,1726.0,36.85,208.0,No_Failure,0
ECU_SENS_02058,302.35,311.92,1462.3,30.59,150.3,No_Failure,0
ECU_SENS_02059,301.09,308.48,1533.4,42.46,160.6,No_Failure,0
ECU_SENS_02060,299.26,309.46,1319.1,31.98,30.3,No_Failure,0
ECU_SENS_02061,301.54,311.98,1835.2,54.82,227.0,Power_Failure,1
ECU_SENS_02062,294.3,304.71,1871.5,37.17,31.8,No_Failure,0
ECU_SENS_02063,302.3,313.53,1558.2,34.34,185.9,No_Failure,0
ECU_SENS_02064,296.52,305.45,1714.2,35.29,63.6,No_Failure,0
ECU_SENS_02065,299.28,309.96,1561.6,47.18,224.1,Tool_Wear_Failure,1
ECU_SENS_02066,297.76,308.95,1289.4,38.42,172.8,No_Failure,0
ECU_SENS_02067,297.41,305.63,1455.9,33.58,180.9,No_Failure,0
ECU_SENS_02068,302.32,312.64,1553.7,56.65,52.6,Power_Failure,1
ECU_SENS_02069,299.06,308.56,1448.2,31.44,106.3,No_Failure,0
ECU_SENS_02070,300.69,310.61,1490.6,40.36,148.3,No_Failure,0
ECU_SENS_02071,299.91,310.25,1513.5,46.52,184.8,No_Failure,0
ECU_SENS_02072,300.95,310.47,1515.4,23.69,25.0,No_Failure,0
ECU_SENS_02073,300.15,309.48,1539.4,44.8,231.0,Tool_Wear_Failure,1
ECU_SENS_02074,297.43,307.47,1339.1,29.45,213.7,Tool_Wear_Failure,1
ECU_SENS_02075,301.99,310.91,1400.9,48.23,64.9,No_Failure,0
ECU_SENS_02076,299.01,307.93,1298.8,30.37,197.5,No_Failure,0
ECU_SENS_02077,296.89,307.57,1706.0,46.93,124.4,No_Failure,0
ECU_SENS_02078,299.14,307.99,1151.0,51.06,110.8,Mechanical_Glitch,1
ECU_SENS_02079,303.0,313.67,1737.6,48.61,75.5,No_Failure,0
ECU_SENS_02080,301.7,312.16,1779.5,42.51,139.4,No_Failure,0
ECU_SENS_02081,299.3,307.58,1475.6,37.69,175.2,No_Failure,0
ECU_SENS_02082,299.3,308.62,1150.0,34.24,98.6,No_Failure,0
ECU_SENS_02083,299.36,310.55,1465.0,54.71,151.0,No_Failure,0
ECU_SENS_02084,304.15,313.17,1518.4,33.01,167.8,No_Failure,0
ECU_SENS_02085,300.76,310.3,1348.1,29.63,170.7,No_Failure,0
ECU_SENS_02086,300.86,311.32,1437.3,46.65,12.5,No_Failure,0
ECU_SENS_02087,302.06,312.84,1805.4,32.04,206.3,No_Failure,0
ECU_SENS_02088,300.48,310.23,1649.7,30.5,110.0,No_Failure,0
ECU_SENS_02089,299.48,308.88,1363.6,25.56,63.0,No_Failure,0
ECU_SENS_02090,299.61,311.03,1242.4,35.17,58.0,No_Failure,0
ECU_SENS_02091,299.86,311.6,1471.1,39.17,115.9,Mechanical_Glitch,1
ECU_SENS_02092,299.93,310.9,1491.6,42.43,212.8,Tool_Wear_Failure,1
ECU_SENS_02093,301.46,311.54,1619.3,49.51,90.8,No_Failure,0
ECU_SENS_02094,300.1,309.3,1433.6,45.27,179.9,No_Failure,0
ECU_SENS_02095,301.47,310.63,1622.1,38.09,23.2,No_Failure,0
ECU_SENS_02096,299.84,310.36,1878.3,38.02,114.3,No_Failure,0
ECU_SENS_02097,300.16,310.58,1676.8,45.1,238.0,No_Failure,0
ECU_SENS_02098,296.0,307.41,1521.3,52.73,184.9,No_Failure,0
ECU_SENS_02099,301.83,312.48,1497.0,41.26,50.5,No_Failure,0
ECU_SENS_02100,300.69,309.19,1465.8,35.31,120.3,No_Failure,0
ECU_SENS_02101,302.0,313.05,1742.5,30.07,56.1,No_Failure,0
ECU_SENS_02102,294.21,303.21,1417.1,25.55,98.3,No_Failure,0
ECU_SENS_02103,304.18,313.79,1538.1,46.66,187.2,No_Failure,0
ECU_SENS_02104,299.72,309.97,1539.2,45.78,185.1,No_Failure,0
ECU_SENS_02105,302.22,314.21,1439.7,45.77,54.7,No_Failure,0
ECU_SENS_02106,297.92,311.03,1283.0,38.71,221.3,Tool_Wear_Failure,1
ECU_SENS_02107,301.23,311.83,1588.1,54.07,142.2,No_Failure,0
ECU_SENS_02108,297.89,307.71,1519.0,35.16,91.2,No_Failure,0
ECU_SENS_02109,298.75,309.29,1620.0,49.55,120.5,No_Failure,0
ECU_SENS_02110,303.83,314.72,1434.0,39.61,145.2,No_Failure,0
ECU_SENS_02111,299.62,309.3,1749.7,33.92,134.4,No_Failure,0
ECU_SENS_02112,300.43,312.23,1372.2,45.93,116.7,No_Failure,0
ECU_SENS_02113,301.74,311.97,1838.2,44.1,121.2,No_Failure,0
ECU_SENS_02114,300.99,311.49,1215.4,43.57,42.3,No_Failure,0
ECU_SENS_02115,300.3,310.97,1608.3,40.81,195.1,No_Failure,0
ECU_SENS_02116,300.73,311.15,1615.6,39.62,130.0,No_Failure,0
ECU_SENS_02117,304.81,315.65,1386.8,63.88,31.5,Power_Failure,1
ECU_SENS_02118,299.88,309.27,1606.4,51.84,183.9,No_Failure,0
ECU_SENS_02119,300.4,309.84,1760.3,47.23,223.8,No_Failure,0
ECU_SENS_02120,302.1,311.0,1150.0,41.12,227.4,Tool_Wear_Failure,1
ECU_SENS_02121,302.21,312.65,1620.5,50.07,88.6,No_Failure,0
ECU_SENS_02122,302.37,313.15,1150.0,45.18,32.5,No_Failure,0
ECU_SENS_02123,301.28,311.74,1356.2,40.26,124.4,No_Failure,0
ECU_SENS_02124,297.71,309.39,1823.2,36.96,27.0,No_Failure,0
ECU_SENS_02125,303.27,313.26,1425.3,39.19,224.2,Tool_Wear_Failure,1
ECU_SENS_02126,297.71,308.38,1318.7,12.0,44.1,Power_Failure,1
ECU_SENS_02127,300.61,309.51,1494.4,42.11,60.7,No_Failure,0
ECU_SENS_02128,298.49,308.1,1902.2,35.12,97.6,No_Failure,0
ECU_SENS_02129,299.87,310.57,1200.3,55.93,92.0,No_Failure,0
ECU_SENS_02130,300.66,311.51,1340.8,40.19,190.7,No_Failure,0
ECU_SENS_02131,300.64,310.35,1799.5,28.11,109.5,No_Failure,0
ECU_SENS_02132,300.84,310.77,1864.4,39.5,41.0,No_Failure,0
ECU_SENS_02133,303.23,311.71,1511.4,29.54,64.1,No_Failure,0
ECU_SENS_02134,300.91,310.55,1307.0,44.73,122.2,No_Failure,0
ECU_SENS_02135,299.51,310.4,1907.3,42.91,35.4,No_Failure,0
ECU_SENS_02136,301.93,312.5,1817.0,49.58,146.8,Power_Failure,1
ECU_SENS_02137,302.38,312.88,1652.2,32.09,135.8,No_Failure,0
ECU_SENS_02138,297.54,307.59,1383.8,40.34,171.5,No_Failure,0
ECU_SENS_02139,301.19,311.2,1521.2,26.35,225.0,No_Failure,0
ECU_SENS_02140,301.4,310.74,1501.1,47.01,218.9,No_Failure,0
ECU_SENS_02141,299.4,310.1,1589.6,45.19,227.1,Tool_Wear_Failure,1
ECU_SENS_02142,302.75,313.17,1791.2,44.96,58.7,No_Failure,0
ECU_SENS_02143,299.7,310.19,1688.3,40.02,31.6,No_Failure,0
ECU_SENS_02144,300.25,309.73,1336.1,44.15,72.5,No_Failure,0
ECU_SENS_02145,299.65,307.5,1777.8,56.04,214.8,Power_Failure,1
ECU_SENS_02146,300.03,311.13,1586.4,37.15,233.3,No_Failure,0
ECU_SENS_02147,297.81,307.33,1653.7,41.39,206.2,No_Failure,0
ECU_SENS_02148,297.12,306.26,1794.0,29.14,26.4,No_Failure,0
ECU_SENS_02149,303.19,313.88,1329.9,31.32,227.4,No_Failure,0
ECU_SENS_02150,298.31,307.91,1523.6,40.98,101.6,No_Failure,0
ECU_SENS_02151,298.02,309.08,1434.3,51.04,2.2,No_Failure,0
ECU_SENS_02152,295.69,306.31,1247.8,37.44,106.2,No_Failure,0
ECU_SENS_02153,298.72,309.41,1592.4,37.64,11.1,No_Failure,0
ECU_SENS_02154,297.35,305.99,1982.1,35.93,130.5,No_Failure,0
ECU_SENS_02155,303.28,314.5,1198.8,34.65,81.3,No_Failure,0
ECU_SENS_02156,302.02,312.28,1524.2,42.95,113.6,No_Failure,0
ECU_SENS_02157,298.62,308.25,1645.3,25.03,147.2,No_Failure,0
ECU_SENS_02158,304.5,314.65,1552.2,52.81,208.5,No_Failure,0
ECU_SENS_02159,301.96,310.19,1509.6,33.35,158.9,No_Failure,0
ECU_SENS_02160,299.35,309.76,1296.1,47.22,104.2,No_Failure,0
ECU_SENS_02161,295.0,303.97,1571.9,27.3,196.7,No_Failure,0
ECU_SENS_02162,304.58,313.23,1393.8,46.69,217.3,Tool_Wear_Failure,1
ECU_SENS_02163,297.22,305.7,1150.0,46.72,28.7,Heat_Dissipation_Failure,1
ECU_SENS_02164,296.71,307.82,1745.0,43.84,127.7,No_Failure,0
ECU_SENS_02165,302.05,311.42,1702.5,30.06,68.3,No_Failure,0
ECU_SENS_02166,304.88,316.41,1539.3,42.5,11.3,No_Failure,0
ECU_SENS_02167,302.77,312.23,1571.2,28.17,160.5,No_Failure,0
ECU_SENS_02168,301.13,309.42,1723.4,37.47,207.1,No_Failure,0
ECU_SENS_02169,301.19,310.07,1570.4,50.29,39.1,No_Failure,0
ECU_SENS_02170,301.71,312.94,1692.7,47.97,195.0,No_Failure,0
ECU_SENS_02171,301.52,311.36,1476.5,40.15,204.8,No_Failure,0
ECU_SENS_02172,300.56,310.01,1766.2,30.25,219.4,No_Failure,0
ECU_SENS_02173,300.21,310.37,1587.7,46.46,63.7,No_Failure,0
ECU_SENS_02174,299.87,310.38,1564.9,40.19,216.9,Tool_Wear_Failure,1
ECU_SENS_02175,298.49,309.61,1301.4,16.8,77.0,Power_Failure,1
ECU_SENS_02176,299.44,310.89,1581.7,47.83,132.6,No_Failure,0
ECU_SENS_02177,296.61,306.25,1380.2,39.76,12.1,No_Failure,0
ECU_SENS_02178,299.8,308.48,1415.1,52.02,10.5,No_Failure,0
ECU_SENS_02179,298.02,307.61,1383.2,29.05,172.9,No_Failure,0
ECU_SENS_02180,297.79,308.05,1338.1,12.0,106.7,Power_Failure,1
ECU_SENS_02181,300.36,309.4,1912.5,42.79,61.5,No_Failure,0
ECU_SENS_02182,302.78,311.83,1769.6,42.92,45.7,No_Failure,0
ECU_SENS_02183,301.84,312.18,1875.7,23.09,160.8,No_Failure,0
ECU_SENS_02184,296.86,306.81,1309.9,30.22,0.1,No_Failure,0
ECU_SENS_02185,298.02,308.05,1542.8,67.55,193.4,Power_Failure,1
ECU_SENS_02186,301.88,311.12,1297.2,36.94,19.0,No_Failure,0
ECU_SENS_02187,298.04,307.8,1404.8,47.31,46.0,No_Failure,0
ECU_SENS_02188,299.55,308.63,1364.7,33.49,92.7,No_Failure,0
ECU_SENS_02189,301.1,311.99,1753.1,19.1,116.4,No_Failure,0
ECU_SENS_02190,298.06,309.1,1458.7,38.3,85.2,No_Failure,0
ECU_SENS_02191,300.21,308.36,1722.3,37.34,77.0,No_Failure,0
ECU_SENS_02192,297.33,306.4,1638.7,36.0,231.3,Tool_Wear_Failure,1
ECU_SENS_02193,298.8,307.3,1944.7,38.85,154.0,No_Failure,0
ECU_SENS_02194,300.64,309.99,1263.7,42.64,5.6,No_Failure,0
ECU_SENS_02195,296.81,306.73,1756.7,38.5,103.2,No_Failure,0
ECU_SENS_02196,300.88,309.43,1736.4,27.36,210.0,No_Failure,0
ECU_SENS_02197,299.96,309.04,1354.8,44.86,72.3,No_Failure,0
ECU_SENS_02198,301.1,310.1,1711.3,20.51,22.7,No_Failure,0
ECU_SENS_02199,300.45,310.66,1590.5,19.5,182.0,Power_Failure,1
ECU_SENS_02200,302.73,312.8,1489.1,47.39,145.4,No_Failure,0
