rpm,engine_temp_c,vibration_g,throttle_pct,oil_pressure_bar,fuel_flow_l_h
2373.8,96.4,0.396,72.3,3.87,25.64
2151.6,93.5,0.438,83.8,4.32,27.42
2426.7,88.4,0.387,33.2,4.03,19.08
2733.1,84.1,0.425,82.9,3.64,28.95
2118.0,92.2,0.299,45.2,3.9,20.29
2118.1,90.4,0.467,39.3,3.7,19.29
2752.7,93.4,0.45,18.5,3.8,17.94
2468.6,91.8,0.385,18.7,3.67,16.43
2035.7,94.3,0.503,63.4,3.73,23.57
2389.9,84.8,0.525,47.1,3.88,20.68
2037.8,95.9,0.321,30.9,3.4,16.9
2037.0,89.2,0.389,58.0,3.39,22.45
2284.7,100.5,0.388,32.7,3.24,19.27
1530.4,83.9,0.375,55.4,3.16,19.55
1596.3,98.4,0.516,40.1,3.31,17.23
2003.2,89.2,0.434,72.6,3.86,24.45
1845.5,84.1,0.429,72.4,3.44,23.75
2310.0,85.1,0.29,48.4,4.01,20.76
1882.2,86.1,0.501,39.6,3.81,17.89
1705.7,90.5,0.351,40.4,3.01,18.05
2713.0,91.1,0.455,71.4,4.06,27.76
2121.0,84.6,0.472,38.0,4.12,18.55
2223.6,87.9,0.559,29.6,3.4,18.0
1701.3,100.9,0.345,20.9,3.97,14.1
2009.5,98.4,0.208,47.7,3.46,20.87
2238.8,90.6,0.465,48.7,3.84,21.08
1797.2,88.2,0.594,73.9,3.29,24.2
2331.5,88.7,0.549,30.5,3.08,18.25
1989.8,91.7,0.467,41.7,3.65,19.65
2097.9,81.9,0.411,71.6,3.75,24.24
1989.4,86.5,0.515,72.7,3.64,24.75
2848.3,78.0,0.372,41.9,3.33,21.78
2195.3,90.4,0.488,47.1,3.64,20.84
1829.8,91.9,0.49,36.2,3.91,17.55
2487.9,85.1,0.535,80.3,3.78,27.44
1772.7,97.4,0.671,23.3,3.87,15.31
2273.1,80.6,0.481,80.4,3.53,26.71
1514.1,79.2,0.409,62.9,4.27,20.72
1735.1,89.3,0.448,52.2,3.33,20.04
2268.9,94.3,0.308,17.3,4.0,16.26
2458.5,98.1,0.394,48.3,4.27,22.77
2260.0,85.2,0.417,43.5,3.99,19.89
2159.5,94.5,0.408,26.3,3.72,17.49
2094.6,87.8,0.462,60.9,3.59,22.46
1682.5,87.0,0.384,83.0,4.21,25.45
1948.1,93.3,0.54,54.4,3.23,21.6
2038.8,91.9,0.45,65.0,3.41,22.92
2570.0,78.5,0.449,19.8,3.64,16.9
2320.3,96.9,0.424,44.2,4.3,20.97
1582.9,96.3,0.462,23.1,3.95,14.25
2313.4,84.2,0.516,57.9,3.41,23.48
2065.2,90.4,0.381,80.7,3.68,26.21
1963.1,91.0,0.397,61.3,3.55,22.31
2414.1,89.6,0.426,20.4,3.52,16.9
2560.8,84.7,0.342,39.8,4.19,20.95
2525.9,84.0,0.384,53.5,3.25,22.97
1906.3,87.8,0.412,43.2,4.44,19.39
2091.8,95.0,0.52,73.4,4.13,25.62
2315.9,91.3,0.471,72.0,4.24,25.11
2541.4,85.8,0.465,57.8,3.61,23.74
2032.3,92.6,0.518,41.1,3.74,19.1
2135.0,70.9,0.439,32.9,3.23,17.39
1812.8,94.9,0.481,22.4,3.59,14.27
1781.3,77.6,0.442,39.8,4.0,18.32
2484.4,85.8,0.471,43.9,4.32,21.39
2674.7,81.3,0.403,62.3,3.36,25.09
2174.8,80.2,0.255,61.1,3.65,23.28
2551.2,95.0,0.439,19.9,3.74,18.37
2326.6,85.2,0.564,42.7,3.24,20.66
1974.2,90.1,0.524,27.7,4.04,16.88
2326.5,87.7,0.527,26.0,3.51,17.51
2738.3,90.9,0.549,72.9,3.72,27.57
2187.5,88.5,0.457,17.9,3.62,15.35
2747.6,80.3,0.466,44.3,3.48,21.75
1283.1,94.0,0.401,26.8,3.8,13.68
2487.7,85.0,0.425,76.6,3.71,26.59
2230.5,78.7,0.499,54.0,3.65,21.71
2095.3,85.4,0.546,31.2,3.51,16.83
2232.1,97.0,0.439,50.2,3.93,21.94
1504.4,93.1,0.414,66.2,4.46,21.81
2123.1,85.9,0.45,82.1,3.86,26.76
2325.0,85.9,0.498,30.4,4.2,18.0
2717.3,86.1,0.334,77.0,3.24,29.14
2018.6,100.5,0.266,80.4,3.86,27.14
1917.0,90.3,0.406,79.1,3.36,25.16
2024.4,90.6,0.352,59.5,3.21,22.56
2520.4,94.2,0.409,59.1,3.5,24.24
2315.1,89.4,0.438,43.2,4.28,20.25
2014.6,86.4,0.414,67.7,4.18,23.26
2379.6,86.8,0.566,52.2,3.9,22.5
2234.0,87.6,0.476,62.4,3.19,23.43
2539.0,87.8,0.474,45.0,3.72,22.04
1954.3,92.4,0.5,66.2,3.92,23.85
2085.3,88.3,0.359,72.7,3.87,25.47
2062.8,92.4,0.533,25.3,3.06,16.24
1687.8,87.5,0.444,73.3,3.44,23.71
2303.6,88.5,0.504,52.8,3.77,22.46
2291.4,76.0,0.364,74.1,4.01,25.3
2201.8,93.5,0.326,45.2,2.92,20.44
2117.9,90.1,0.515,41.5,3.74,20.14
1704.6,94.0,0.48,79.1,3.86,25.02
2052.8,70.6,0.378,32.6,4.14,17.07
2080.0,100.5,0.38,74.1,4.08,25.48
1919.2,87.2,0.54,48.9,4.03,19.59
2143.6,94.6,0.355,51.0,3.48,21.38
2341.4,81.8,0.581,36.6,3.04,19.12
2860.2,91.7,0.378,55.1,3.64,24.54
2261.1,81.7,0.501,37.8,4.2,19.06
2290.1,84.3,0.424,17.7,4.36,15.1
2173.9,99.5,0.498,34.0,4.08,18.47
1528.4,86.9,0.406,15.4,3.97,12.73
2190.7,89.3,0.437,83.5,3.95,27.58
2221.1,93.2,0.453,82.6,3.58,27.37
3062.1,91.0,0.37,42.7,3.75,23.05
2132.7,88.9,0.509,66.0,4.47,23.62
2305.5,90.2,0.409,39.2,3.42,19.75
2187.9,102.4,0.432,62.0,4.45,24.3
1791.0,87.7,0.37,71.4,3.67,23.92
2600.0,89.2,0.245,81.3,4.33,28.35
2463.2,94.3,0.435,43.0,3.24,20.94
2476.9,94.6,0.643,69.8,4.03,26.33
1881.7,95.1,0.513,33.6,3.51,17.19
2691.0,91.8,0.448,84.3,3.23,29.35
1709.4,81.1,0.429,16.8,3.89,13.64
2405.4,97.8,0.452,57.2,4.2,24.14
2966.7,81.1,0.494,61.2,3.46,25.99
1853.3,89.8,0.356,63.2,3.2,22.01
2001.8,83.5,0.539,23.4,3.76,15.65
2234.9,87.6,0.507,80.7,3.77,27.33
2023.8,90.0,0.507,27.7,4.02,16.59
1657.3,89.9,0.485,58.6,4.18,21.36
2224.0,90.5,0.452,30.6,3.78,18.48
1828.2,97.7,0.504,36.5,4.54,18.5
2365.8,90.7,0.497,53.3,3.89,22.76
1878.2,86.5,0.422,44.2,3.66,19.19
2742.5,93.8,0.404,26.2,3.16,19.86
1925.9,95.1,0.458,27.0,3.69,16.61
2087.3,80.6,0.574,44.3,3.67,19.35
2484.7,91.6,0.351,68.0,4.18,25.65
1769.2,92.2,0.333,77.9,3.98,24.97
2279.6,86.2,0.463,20.9,3.33,15.85
2657.5,96.3,0.454,42.5,3.87,22.03
1637.4,87.1,0.464,22.0,4.07,14.49
2264.6,88.8,0.47,16.2,4.41,14.74
2291.0,87.0,0.432,61.3,4.16,24.19
2473.6,88.1,0.569,57.2,4.1,24.05
1767.1,81.4,0.322,26.4,3.82,14.97
1737.8,79.4,0.384,31.4,3.96,16.01
2382.7,97.6,0.442,16.7,4.3,16.44
2303.9,82.9,0.319,73.4,3.27,26.14
2287.7,82.1,0.436,83.2,3.66,27.71
2321.3,75.1,0.583,24.5,3.49,16.12
1962.0,84.2,0.452,31.2,3.95,17.07
2281.3,80.1,0.468,75.8,4.29,25.84
2302.6,97.9,0.349,79.9,3.56,27.56
1950.0,94.1,0.401,44.4,2.84,19.38
2853.0,83.9,0.42,18.5,3.64,18.57
2365.8,101.5,0.425,17.8,4.17,17.12
1783.0,93.9,0.553,55.2,4.02,20.67
2429.8,86.1,0.495,42.5,3.97,20.29
1858.9,73.0,0.361,17.0,3.69,13.27
2475.5,101.7,0.47,55.8,3.29,24.19
2605.5,79.7,0.49,15.8,4.01,16.41
1912.8,78.1,0.541,70.1,3.47,23.84
2537.2,94.1,0.576,36.5,4.67,20.71
2344.5,102.6,0.369,17.8,4.03,17.07
2487.7,96.3,0.385,56.2,3.57,24.01
2863.9,91.4,0.349,42.8,3.56,22.22
2114.1,91.6,0.431,83.2,3.76,27.06
1936.2,93.1,0.487,53.1,3.7,21.48
1888.7,92.6,0.529,34.3,4.25,17.49
1914.5,89.7,0.444,64.7,3.87,23.13
2173.0,88.6,0.424,34.0,3.51,18.25
2319.4,87.6,0.462,78.3,4.56,26.49
2296.8,83.5,0.383,41.2,3.82,19.86
2489.5,86.3,0.617,53.5,4.11,23.08
2204.6,77.8,0.321,18.5,3.56,14.99
2708.7,87.4,0.465,44.8,3.95,22.21
2107.4,82.1,0.612,73.3,3.92,24.56
3152.1,81.4,0.451,71.4,3.04,28.88
2419.0,89.1,0.435,30.7,4.61,18.62
1900.0,96.4,0.421,30.8,4.32,17.61
1825.2,93.5,0.436,72.2,3.64,24.68
2368.9,78.6,0.56,80.1,3.36,26.93
2121.8,82.1,0.273,21.7,3.94,15.3
2449.9,93.6,0.573,46.5,3.83,21.16
2365.6,82.1,0.336,38.6,3.94,19.12
2174.5,86.7,0.429,75.9,3.88,25.35
1903.6,91.3,0.416,20.8,4.0,15.58
1669.8,82.2,0.497,29.8,4.38,15.44
2043.7,88.6,0.322,67.7,4.03,24.07
2499.7,80.0,0.487,18.6,3.38,15.67
2274.9,84.4,0.612,49.5,4.35,20.93
1764.0,89.9,0.341,45.9,4.46,19.33
2260.6,78.4,0.465,38.4,5.06,19.13
2334.9,90.6,0.397,42.6,3.35,20.57
1890.6,87.9,0.484,52.1,3.9,20.71
2253.8,91.3,0.452,26.3,2.97,17.98
2220.4,89.3,0.399,55.0,4.02,22.29
1800.0,96.2,0.489,71.4,3.58,24.04
2325.2,88.8,0.594,68.2,4.57,25.18
2396.3,85.4,0.435,25.8,3.49,18.43
2579.1,88.7,0.508,25.4,3.12,17.64
2568.8,91.3,0.347,33.8,3.61,20.19
1717.8,88.3,0.373,40.3,3.01,17.71
1871.8,88.2,0.488,43.6,4.1,19.13
2380.3,83.8,0.569,62.6,2.97,23.85
2379.8,84.0,0.478,19.0,3.81,16.22
2380.3,79.6,0.425,17.4,2.97,16.01
3548.5,98.5,0.45,42.4,3.67,26.64
2399.8,80.5,0.35,63.8,4.46,24.51
2597.4,83.8,0.498,28.5,3.94,18.48
2533.9,83.7,0.521,59.9,3.45,24.03
2428.0,93.4,0.414,33.2,3.79,19.24
2089.7,86.2,0.412,77.0,3.81,25.06
2465.6,95.5,0.471,77.7,3.99,27.54
1929.5,84.0,0.415,35.8,3.25,17.81
2117.1,89.7,0.445,31.1,4.04,17.23
2030.1,83.0,0.618,43.8,2.72,19.7
2228.7,100.9,0.43,31.8,3.55,18.91
3010.1,80.9,0.421,62.1,3.6,25.99
1546.5,89.9,0.398,72.8,4.05,22.98
2440.2,91.8,0.51,62.1,3.81,25.14
1635.5,90.5,0.436,72.7,3.24,23.63
2034.8,86.9,0.398,42.8,3.41,19.35
2581.1,87.2,0.556,25.9,3.88,18.32
2222.5,88.3,0.564,66.7,3.77,24.44
1822.8,87.1,0.402,40.2,3.57,17.91
1949.6,93.8,0.301,62.0,3.61,22.05
2437.9,101.3,0.531,33.9,4.08,20.65
1944.4,84.7,0.395,20.7,3.59,14.98
2275.8,79.8,0.513,84.5,3.76,27.58
2216.0,87.5,0.292,25.9,4.67,17.0
1971.9,103.5,0.521,84.2,3.23,27.05
2950.4,83.2,0.353,83.4,3.06,29.9
2421.9,97.8,0.508,70.6,4.11,25.75
1491.2,98.1,0.451,61.2,3.53,21.89
2265.3,84.7,0.374,55.4,3.67,21.97
1968.4,91.4,0.417,75.6,3.49,24.85
2498.4,97.8,0.505,35.3,3.7,20.09
1922.6,85.7,0.458,47.7,4.44,20.21
2159.8,86.8,0.497,58.4,4.12,22.62
2376.7,84.5,0.608,43.8,4.14,20.28
2503.0,81.9,0.325,44.9,3.23,21.72
1779.9,84.1,0.579,38.1,3.34,17.67
2082.9,80.7,0.458,54.5,2.66,21.54
2033.8,88.2,0.378,74.5,3.48,25.37
1971.3,83.4,0.344,29.1,4.18,17.32
2817.9,89.4,0.435,80.4,4.01,29.97
2341.7,78.7,0.524,63.2,3.71,23.58
1758.7,90.0,0.44,72.6,3.79,24.37
2521.3,93.0,0.571,53.9,3.52,23.61
2942.8,76.0,0.334,69.6,3.88,27.3
2561.4,90.2,0.449,16.1,4.11,16.11
1668.2,95.4,0.35,72.3,3.15,23.58
2030.5,80.7,0.479,17.8,3.92,14.27
2643.4,98.0,0.521,77.3,4.17,28.66
1952.3,90.5,0.416,84.4,3.63,27.07
2355.3,83.8,0.242,35.6,4.08,18.4
2471.1,87.7,0.466,29.7,4.93,18.68
1875.6,91.3,0.485,68.6,3.76,23.97
2179.2,88.5,0.482,32.7,3.96,18.08
1200.0,91.2,0.549,75.6,3.5,22.53
1841.5,82.5,0.364,22.2,3.87,14.83
2111.6,89.0,0.504,23.8,3.98,16.44
1763.3,79.5,0.545,83.5,3.88,25.22
2771.3,87.3,0.308,62.2,3.39,25.23
1699.5,82.6,0.476,74.3,3.88,23.15
2046.0,83.6,0.41,37.7,4.38,18.57
2245.8,95.4,0.443,62.4,3.98,24.06
2704.4,94.5,0.478,56.6,4.18,24.67
1697.4,91.7,0.411,57.2,3.71,20.73
2607.1,81.4,0.396,62.8,4.1,24.77
2203.6,86.1,0.453,55.3,3.91,22.56
1856.5,95.3,0.363,45.0,3.42,19.33
2361.7,88.9,0.363,34.3,3.93,18.68
2269.7,101.9,0.504,68.8,3.4,25.86
1989.9,90.4,0.358,30.8,3.55,17.11
2224.4,89.2,0.503,63.5,3.88,23.9
2065.1,86.1,0.487,31.3,3.92,17.93
2239.7,88.8,0.312,58.8,3.32,23.08
2431.7,87.1,0.396,67.3,4.22,25.37
2755.1,92.2,0.546,30.3,4.03,19.66
1766.8,93.7,0.372,19.2,3.52,14.31
2946.6,83.3,0.413,24.2,3.18,19.51
1516.8,80.0,0.487,57.4,3.74,19.16
2146.9,77.0,0.513,74.5,3.62,25.1
2405.9,91.0,0.43,18.1,3.85,16.54
2298.3,81.4,0.402,66.4,3.65,24.36
1982.1,75.1,0.564,38.9,3.0,18.27
2127.2,90.3,0.589,48.5,3.64,20.99
2027.4,103.0,0.528,80.0,3.68,27.26
1993.7,88.0,0.457,38.2,4.05,18.07
2497.4,93.0,0.385,47.6,3.52,22.29
2325.0,88.5,0.384,16.0,4.47,15.72
1957.5,87.4,0.492,20.7,3.04,14.73
2514.9,93.5,0.483,33.1,4.32,20.06
2307.6,86.3,0.562,16.9,3.71,16.51
2484.5,89.6,0.502,59.2,4.14,24.12
2420.4,89.9,0.33,44.8,3.83,21.49
1909.9,84.0,0.534,53.4,4.26,20.67
2003.9,94.0,0.37,27.2,3.65,16.49
2461.6,87.0,0.419,35.7,3.36,19.06
2413.6,83.5,0.47,61.5,4.37,23.74
2192.7,91.2,0.61,82.6,3.75,26.81
2241.1,82.6,0.699,18.5,3.89,16.17
2647.2,88.2,0.499,77.3,4.29,27.91
1993.0,87.9,0.435,55.4,3.39,21.38
2391.5,94.5,0.493,54.5,4.04,23.46
2129.2,90.8,0.521,50.0,3.56,20.79
2123.8,87.8,0.424,19.9,3.75,15.33
2584.6,92.9,0.594,21.3,3.83,17.86
2488.9,96.3,0.468,57.1,3.2,24.42
2484.7,91.3,0.49,38.9,3.49,20.72
2656.9,88.1,0.503,79.2,4.34,28.4
2207.4,80.1,0.484,43.5,4.15,19.84
2438.7,81.6,0.517,25.0,3.77,17.58
2091.4,86.2,0.401,65.0,3.9,23.6
2313.5,84.3,0.405,35.5,3.68,18.62
2154.4,86.9,0.362,51.8,4.34,21.43
2233.9,88.3,0.485,63.8,3.72,23.58
2408.3,91.2,0.512,78.0,3.89,27.33
1913.6,87.6,0.487,70.5,4.26,23.73
2932.3,90.9,0.584,62.3,3.49,27.35
1847.9,88.4,0.45,62.6,4.42,22.25
1775.0,76.1,0.503,81.2,3.19,24.3
2605.3,82.4,0.363,35.7,4.45,19.99
2477.1,87.1,0.419,15.1,3.65,16.23
2418.4,80.7,0.506,34.0,3.7,19.54
2419.9,91.6,0.518,30.3,3.04,18.56
2195.7,97.2,0.426,61.3,3.62,23.2
1886.0,95.3,0.444,59.4,3.38,22.43
2226.5,86.7,0.329,56.5,3.56,22.06
1963.0,96.9,0.421,16.1,3.75,14.57
2541.3,88.9,0.521,66.0,4.18,25.45
2148.5,86.0,0.496,37.6,3.88,18.79
1911.1,84.3,0.49,61.6,3.92,22.38
2087.5,86.2,0.454,54.0,3.36,21.28
2344.5,85.7,0.451,39.0,3.45,19.69
2002.7,89.0,0.397,24.4,4.52,16.01
1912.2,89.0,0.506,21.6,3.51,15.21
2285.3,88.0,0.484,73.2,4.46,25.86
2285.7,90.6,0.489,79.3,3.7,27.19
2022.6,95.1,0.408,60.5,3.8,23.15
2035.1,93.7,0.278,22.2,4.23,16.09
2281.2,79.1,0.538,43.1,4.31,20.15
1693.2,72.7,0.412,66.0,3.76,21.04
1707.4,93.6,0.381,69.6,3.64,23.24
1948.5,79.8,0.505,23.3,3.78,15.35
2125.3,86.7,0.419,15.0,3.94,14.93
2308.8,81.0,0.535,64.8,4.16,23.85
2716.4,77.2,0.499,40.0,3.8,20.76
2500.2,91.2,0.505,32.8,4.05,19.31
2144.0,92.6,0.341,15.9,4.46,15.36
2193.3,84.5,0.547,52.8,3.95,22.01
1849.1,72.5,0.471,74.6,3.92,23.57
2193.5,84.7,0.42,82.0,3.19,27.23
2099.0,90.4,0.461,54.6,2.75,21.91
2313.0,79.1,0.308,51.0,3.96,21.49
1910.5,89.1,0.483,21.0,3.76,14.97
2381.8,87.9,0.368,53.4,3.59,22.88
2736.5,91.5,0.342,41.6,3.9,22.12
2161.9,88.7,0.328,57.5,3.78,23.35
2340.6,82.2,0.539,42.2,4.25,19.89
2441.6,95.2,0.4,31.8,3.83,19.47
2059.6,87.0,0.573,21.6,3.5,15.45
2278.4,87.8,0.407,37.0,4.2,18.97
2204.4,82.4,0.313,21.8,3.71,16.0
2234.2,85.3,0.361,27.4,4.01,17.31
1929.4,82.7,0.549,84.1,3.61,27.21
2208.6,87.0,0.438,46.1,3.54,20.54
2374.3,98.3,0.406,52.2,3.83,22.45
2707.9,79.8,0.463,76.2,3.81,27.68
2535.7,78.3,0.49,84.7,3.99,27.68
2953.6,96.8,0.539,55.8,3.69,25.59
1931.4,86.7,0.566,71.9,3.07,24.19
2505.3,84.0,0.421,37.9,3.63,20.4
2264.2,94.2,0.344,36.4,4.12,19.74
2966.4,84.4,0.417,43.2,3.68,22.67
1917.1,99.0,0.471,62.1,3.7,22.86
1906.1,92.1,0.373,62.8,4.19,22.41
1990.2,85.1,0.373,37.1,3.52,17.67
1456.6,100.9,0.478,24.3,3.18,14.56
2016.0,84.4,0.446,59.3,3.74,21.68
1934.3,92.5,0.453,24.0,3.61,15.68
2252.6,89.8,0.389,55.5,3.41,22.24
2319.6,95.8,0.432,63.5,3.73,24.76
2856.7,97.4,0.376,64.0,4.0,27.4
2532.6,88.2,0.521,67.7,3.8,25.33
1998.1,83.5,0.533,76.1,3.92,24.4
1885.6,90.8,0.302,50.0,4.53,20.21
2372.2,83.9,0.376,66.1,3.66,24.7
1737.9,100.1,0.33,58.3,3.91,21.69
2841.0,88.8,0.398,28.1,3.6,19.69
2612.8,85.8,0.443,16.8,3.46,16.74
2035.8,89.1,0.334,34.9,3.57,18.16
1600.4,79.9,0.376,46.0,3.61,18.32
2673.9,82.2,0.37,58.2,3.94,23.65
2159.9,95.2,0.467,74.5,4.74,25.77
2633.2,84.1,0.456,28.7,3.51,19.04
1642.0,81.7,0.392,23.8,3.63,13.88
1990.2,91.2,0.464,82.4,3.77,27.11
2201.8,95.1,0.406,22.6,3.96,16.49
2216.4,92.3,0.428,48.5,3.91,21.29
2042.5,94.0,0.584,56.0,4.31,22.26
2418.0,83.5,0.557,52.9,2.83,22.26
1826.3,79.5,0.346,21.0,2.85,13.65
2150.2,97.0,0.516,19.0,3.6,15.8
2242.1,86.1,0.515,22.4,4.24,16.78
2380.1,86.5,0.358,56.0,3.17,22.9
2449.1,96.0,0.516,53.1,2.6,22.89
1806.4,91.3,0.573,31.4,4.03,16.94
1663.1,90.7,0.36,59.6,3.9,21.02
2647.2,101.0,0.377,72.4,3.36,27.46
2316.3,84.1,0.531,17.9,3.41,15.86
1938.0,93.6,0.472,49.9,3.41,20.82
2742.9,88.3,0.494,63.3,3.84,26.62
2240.5,89.6,0.477,32.7,3.55,18.72
2612.8,97.2,0.481,36.5,4.0,21.29
2223.6,91.0,0.344,58.0,2.66,22.8
2921.3,91.2,0.534,77.9,3.46,28.86
2814.4,94.4,0.544,71.7,3.35,27.87
2112.9,85.8,0.432,55.8,3.7,21.98
2540.0,83.0,0.447,66.1,3.58,24.91
2425.9,81.7,0.328,40.5,4.12,20.13
2679.0,76.2,0.491,59.9,3.06,24.53
1862.3,100.3,0.496,47.6,3.82,20.29
2440.1,81.4,0.445,28.3,4.02,18.2
2570.4,86.7,0.54,64.1,4.54,25.31
1584.4,86.3,0.423,54.0,3.61,19.44
1785.9,89.8,0.495,40.1,3.93,17.87
1486.3,92.9,0.368,78.8,3.08,23.59
2105.7,93.2,0.448,16.5,2.84,15.78
2451.1,84.5,0.436,37.1,4.14,19.8
2725.8,87.0,0.468,19.0,3.8,17.61
2225.9,89.7,0.42,68.7,4.27,24.53
2770.0,86.5,0.439,64.1,3.25,26.99
1717.0,97.6,0.516,38.2,4.01,17.42
1603.8,90.9,0.415,62.3,4.55,21.25
2180.6,92.4,0.321,42.7,3.97,20.28
2334.4,92.0,0.59,67.9,3.91,25.45
2188.6,95.0,0.561,46.8,3.8,21.35
1476.4,89.1,0.347,43.9,3.17,18.15
2168.8,80.2,0.505,80.4,4.34,26.51
1743.4,90.4,0.41,32.6,3.56,16.18
2434.4,84.1,0.471,23.4,4.0,17.16
2328.3,84.8,0.474,55.9,3.17,22.84
1871.0,91.5,0.431,82.9,3.33,26.87
2020.1,95.4,0.387,41.4,4.37,18.94
1829.3,88.1,0.395,19.3,3.66,14.82
2178.1,89.9,0.377,38.8,4.38,19.36
2534.3,98.2,0.383,50.4,3.77,23.42
1855.0,89.4,0.445,26.3,3.06,15.78
2376.4,103.6,0.393,61.1,4.16,24.39
2014.4,91.4,0.505,84.8,3.56,27.3
1922.5,77.4,0.569,46.6,4.08,19.41
2162.5,92.5,0.404,39.8,3.81,19.89
1837.7,90.3,0.469,43.0,3.18,18.79
2006.2,95.7,0.49,23.1,3.87,15.87
1780.7,92.0,0.488,76.8,4.68,24.19
2887.7,87.2,0.456,44.0,4.0,23.11
2212.3,80.7,0.509,42.1,3.78,19.76
1955.1,86.7,0.489,61.2,4.23,22.01
2274.9,82.9,0.351,45.9,3.88,20.46
2160.7,84.5,0.52,60.4,3.88,22.72
2122.7,91.5,0.521,19.3,3.36,15.14
2415.0,98.0,0.389,72.0,3.89,26.25
2465.1,90.4,0.453,80.8,4.21,27.59
2014.3,80.8,0.505,60.4,3.47,22.02
1998.5,90.7,0.433,81.8,4.37,26.14
2103.7,95.2,0.536,25.6,3.76,16.32
1394.3,84.3,0.639,48.4,3.44,18.52
1669.7,87.2,0.387,57.1,4.2,20.99
2678.4,88.1,0.34,55.7,3.69,23.9
2775.7,83.3,0.474,43.1,4.1,22.15
2112.8,91.9,0.508,38.7,3.68,19.27
2401.8,87.3,0.432,23.9,3.78,17.77
2308.9,90.5,0.566,42.4,4.0,20.2
3277.6,82.7,0.343,26.4,3.92,21.31
2591.9,85.4,0.505,66.4,3.0,25.45
2155.2,92.3,0.402,29.6,3.35,17.21
1865.6,85.8,0.588,19.1,4.17,14.64
1637.7,98.4,0.609,53.7,3.75,20.76
2271.2,85.6,0.389,56.7,3.59,23.59
1935.3,89.3,0.406,76.0,3.26,24.64
1702.2,93.6,0.519,55.4,3.37,20.89
1973.7,79.5,0.419,39.2,2.99,17.99
1821.5,77.4,0.446,71.2,3.76,23.5
2790.5,78.8,0.452,52.8,3.56,23.14
2508.6,95.6,0.296,20.5,3.41,17.09
2197.2,84.7,0.449,54.6,3.77,21.72
2718.0,103.3,0.395,78.6,3.95,29.15
2227.1,84.6,0.411,42.7,4.64,19.74
1898.6,89.1,0.565,35.7,3.2,17.89
2733.1,97.3,0.349,25.0,4.26,19.63
2388.6,100.0,0.515,25.6,4.19,18.4
1837.0,100.4,0.428,45.3,3.49,20.22
2133.4,95.3,0.428,56.7,3.88,22.74
1893.5,94.1,0.513,20.6,3.62,14.72
1716.0,91.6,0.477,80.8,3.87,25.66
2524.2,92.7,0.496,67.9,4.4,25.76
2868.3,84.7,0.527,56.1,4.04,25.12
1710.5,83.1,0.423,73.0,4.0,23.93
2397.0,88.0,0.401,20.6,3.63,16.94
1972.3,87.0,0.363,48.4,3.21,19.59
2029.5,85.3,0.384,59.1,3.72,21.87
1992.7,92.2,0.686,73.0,4.28,25.32
1897.6,93.7,0.55,69.8,3.19,23.94
2217.0,88.5,0.342,34.4,3.38,18.63
1909.2,96.9,0.344,80.9,3.85,26.43
2294.7,81.1,0.489,23.7,3.41,16.88
2182.4,86.8,0.494,76.3,3.48,26.03
2116.4,83.7,0.494,83.0,3.63,26.67
1882.4,76.8,0.43,27.4,3.25,15.43
1998.1,87.5,0.44,65.5,3.41,23.63
2464.4,87.3,0.476,17.8,4.08,16.69
2375.3,97.1,0.457,43.4,3.28,21.11
1857.9,91.8,0.272,51.1,3.16,20.77
2234.8,81.9,0.432,55.6,3.55,22.15
2463.0,99.1,0.382,80.5,4.09,28.01
1615.7,95.3,0.464,62.1,3.72,21.33
2390.2,91.5,0.689,48.7,3.61,21.62
1968.1,86.6,0.479,71.7,3.82,24.18
2399.7,82.2,0.425,81.5,3.1,27.93
1932.9,85.8,0.524,16.5,4.0,13.9
1568.3,94.5,0.489,83.8,3.95,25.36
1630.4,99.3,0.484,21.0,3.64,14.22
2216.8,97.3,0.499,72.0,4.2,25.67
2290.9,85.1,0.615,34.6,3.35,18.24
1883.5,81.3,0.36,24.3,4.25,15.1
2423.5,88.8,0.488,45.8,3.86,21.38
1618.5,77.4,0.376,60.1,3.67,20.64
2176.9,89.9,0.494,41.7,3.79,19.9
1776.1,87.1,0.377,18.8,3.76,13.64
1971.9,85.2,0.417,57.0,4.29,21.96
2216.6,78.4,0.426,78.2,3.37,26.1
1898.9,91.1,0.528,41.8,3.49,18.91
2065.4,84.8,0.523,30.1,4.21,17.09
2552.2,81.0,0.35,46.0,3.56,21.44
1998.1,70.8,0.454,18.4,4.16,14.16
2492.5,87.8,0.393,72.4,4.48,26.63
1804.6,98.6,0.349,72.8,3.64,23.8
2385.4,98.0,0.433,56.2,4.07,23.39
2704.5,85.3,0.425,39.7,3.34,21.17
1334.9,84.4,0.644,71.0,4.1,21.74
1921.1,90.8,0.485,53.8,3.88,21.49
2402.0,82.0,0.34,72.8,3.99,25.65
2128.9,89.8,0.405,59.2,3.54,22.61
2329.9,92.6,0.532,69.9,3.14,25.42
1988.6,95.4,0.617,56.9,4.0,21.81
2230.3,87.4,0.323,44.0,2.97,20.2
2145.5,86.8,0.3,82.1,3.67,27.1
2608.7,82.7,0.6,52.9,4.18,22.79
2289.0,83.0,0.481,57.4,3.88,22.91
2318.2,86.6,0.381,30.4,4.58,17.59
2055.8,90.2,0.493,58.8,4.21,22.26
2029.3,93.5,0.239,55.0,3.54,21.71
2048.6,83.2,0.45,27.9,3.81,17.14
2338.1,97.0,0.476,19.2,3.78,16.6
2052.7,86.4,0.524,57.3,3.17,21.23
2301.4,87.9,0.369,68.5,3.42,24.32
2926.4,83.5,0.457,51.6,3.58,24.19
2504.9,73.5,0.376,30.9,2.99,18.6
2085.9,93.3,0.47,61.7,3.82,23.35
2620.4,92.4,0.378,20.6,3.7,17.88
2057.2,86.3,0.417,45.9,3.13,20.38
1486.7,88.4,0.37,26.4,3.96,14.2
1847.2,91.1,0.502,27.9,4.09,16.46
1545.2,78.6,0.519,29.2,3.89,14.09
2077.0,84.8,0.431,42.1,3.67,18.97
2206.4,92.8,0.453,18.6,4.04,15.27
2786.8,80.5,0.334,42.8,4.07,21.83
2314.4,89.8,0.426,50.8,3.92,21.97
2123.3,79.9,0.446,48.8,3.47,20.49
2490.3,90.8,0.66,41.8,3.91,21.09
1426.1,87.8,0.361,73.7,4.28,22.32
2282.5,78.3,0.567,25.2,3.56,16.66
2469.8,95.0,0.53,50.4,4.64,22.21
1682.5,83.6,0.472,19.3,3.59,14.11
2600.3,83.1,0.591,20.0,3.81,17.11
2318.5,89.2,0.48,55.2,3.53,22.58
2054.6,94.9,0.481,54.6,3.89,22.47
2421.5,81.9,0.446,76.5,3.1,26.22
2994.7,88.4,0.548,54.1,3.58,24.69
2263.7,90.6,0.538,82.2,3.36,27.09
2286.9,92.2,0.4,18.4,3.85,16.13
2039.2,89.1,0.344,21.9,4.2,15.84
1902.6,85.8,0.434,18.1,4.06,14.6
2490.6,83.0,0.386,28.0,2.85,19.14
1900.4,88.5,0.445,52.9,4.62,19.94
2225.0,81.6,0.549,60.2,3.92,23.17
2032.8,70.5,0.413,18.2,3.49,13.98
2367.6,90.6,0.447,81.2,3.86,27.49
2316.8,93.4,0.455,74.0,3.87,26.1
2563.1,73.8,0.518,35.8,3.53,19.18
2021.5,81.9,0.27,20.4,3.88,15.63
2105.5,91.7,0.401,26.9,3.56,17.26
1857.4,100.3,0.467,23.9,3.64,15.88
2044.5,88.1,0.546,23.6,3.53,16.46
2332.1,83.6,0.411,51.3,3.23,21.33
2464.9,86.9,0.3,32.2,3.86,18.61
1877.2,96.2,0.5,40.1,4.03,17.92
2504.4,84.1,0.399,84.3,4.01,28.23
2674.5,83.2,0.355,62.9,4.13,25.29
2344.7,85.1,0.4,81.4,3.93,27.43
2856.9,82.3,0.435,25.0,3.59,19.11
1929.2,88.7,0.402,41.7,4.14,18.35
1764.4,97.7,0.274,53.8,3.26,21.07
1577.4,89.9,0.522,20.4,3.44,13.79
2723.6,86.5,0.552,15.3,3.41,17.25
2429.0,86.2,0.502,61.9,4.23,23.6
2180.5,78.6,0.359,59.9,4.18,22.72
2298.0,93.3,0.434,43.8,3.99,20.39
1806.1,87.5,0.449,49.3,4.23,19.53
3056.0,86.9,0.498,44.1,3.45,23.65
2245.2,107.2,0.503,16.7,3.94,16.39
2238.3,89.8,0.391,38.5,3.75,19.17
2454.0,83.5,0.457,27.4,4.14,18.02
2368.4,85.4,0.487,21.9,3.75,16.25
2278.4,94.9,0.566,82.0,3.65,28.09
1923.3,88.7,0.506,57.0,4.02,21.48
2365.0,79.4,0.513,66.0,4.15,24.83
2858.7,93.5,0.457,37.1,3.53,21.56
2670.9,84.0,0.563,42.5,3.78,21.4
2757.6,99.2,0.483,31.6,3.38,20.36
2021.1,94.5,0.381,21.8,2.8,16.16
1853.6,85.3,0.562,27.5,3.88,15.59
2156.0,95.7,0.506,70.8,4.04,25.47
2219.5,88.4,0.415,62.4,3.9,23.52
2583.0,93.1,0.412,53.3,3.02,22.91
1607.6,90.9,0.474,48.3,3.66,18.69
2735.3,82.9,0.487,79.6,2.91,28.04
2144.7,84.1,0.466,20.1,4.35,15.56
2050.6,94.2,0.475,34.6,3.37,17.85
1845.8,86.0,0.586,39.5,4.3,18.32
1620.8,85.6,0.536,69.8,4.18,22.54
2488.1,82.3,0.465,84.5,3.44,28.3
2225.7,90.5,0.525,31.8,3.35,18.49
1748.5,100.4,0.367,76.2,3.94,25.21
1746.7,81.6,0.482,73.1,3.46,23.47
2082.5,88.1,0.595,30.7,3.84,17.14
2784.2,96.5,0.433,43.0,3.61,22.03
2109.1,87.5,0.382,43.7,3.09,19.58
1673.9,90.7,0.398,83.5,2.91,25.25
2114.0,81.6,0.363,27.7,3.89,16.72
2104.5,90.6,0.387,70.9,3.58,24.72
1256.1,86.9,0.42,38.4,3.58,15.83
2181.0,93.9,0.338,66.2,4.08,24.21
2119.2,95.1,0.451,44.4,4.27,20.31
2443.7,103.5,0.522,55.5,3.69,24.35
2847.1,91.5,0.377,73.3,3.66,28.25
2594.3,90.0,0.572,71.3,4.0,26.72
2105.9,89.2,0.491,75.6,3.26,25.42
1812.7,85.9,0.532,19.2,3.89,13.98
3100.7,90.0,0.397,63.4,4.02,26.96
2220.7,86.2,0.518,24.8,4.07,16.59
2204.9,89.0,0.363,44.1,3.03,20.59
2191.6,95.9,0.521,53.4,3.5,22.18
2269.3,82.0,0.464,43.2,3.45,19.61
2149.5,94.8,0.494,51.4,3.84,22.3
1999.2,95.9,0.356,84.8,3.99,27.28
2008.6,87.3,0.378,24.5,4.4,15.47
2188.5,75.3,0.498,62.3,3.6,22.76
2009.8,84.4,0.374,42.7,3.6,19.16
1950.5,95.8,0.487,24.3,4.26,16.69
2237.3,87.9,0.341,26.1,3.92,16.77
2110.8,82.0,0.518,81.4,4.31,26.71
2726.4,85.0,0.351,76.6,3.92,28.46
1272.2,93.0,0.494,78.5,3.34,22.93
2582.0,91.3,0.5,84.4,3.27,29.02
2636.1,86.6,0.394,29.6,3.18,18.87
1474.3,85.8,0.497,39.9,4.06,16.57
2080.1,85.6,0.471,61.8,4.28,22.88
2070.0,82.5,0.407,48.9,4.54,20.6
1707.4,97.7,0.369,44.3,4.14,19.24
1927.8,86.1,0.293,40.0,4.27,18.15
1811.3,95.3,0.478,56.6,3.57,20.66
2813.3,97.1,0.325,55.3,3.34,25.01
2527.5,94.0,0.458,26.3,4.14,18.67
2645.0,85.4,0.429,48.0,3.97,22.63
2452.6,90.4,0.504,53.7,3.84,22.95
1804.8,87.9,0.426,54.9,3.95,20.74
2016.4,82.6,0.424,29.7,3.93,17.26
2371.3,89.9,0.509,67.0,4.31,25.24
1772.3,80.9,0.477,16.8,4.32,13.26
2449.5,95.1,0.475,39.8,4.02,20.58
2115.9,85.2,0.488,69.6,4.14,24.35
2068.8,89.2,0.327,54.5,4.01,22.25
2448.8,89.7,0.511,33.3,3.62,19.27
2355.5,86.4,0.499,63.6,4.1,24.29
2073.7,91.5,0.369,54.7,3.24,21.68
2605.8,85.2,0.43,70.7,4.22,26.85
1821.6,93.2,0.447,66.5,3.32,23.76
2415.6,79.9,0.439,57.7,3.91,23.32
2407.6,88.8,0.477,49.2,3.46,22.02
2091.7,99.6,0.565,24.3,4.02,16.82
2314.1,82.0,0.537,33.3,3.79,17.64
1762.1,83.9,0.345,44.3,3.16,18.71
2523.4,91.1,0.5,57.0,3.97,23.99
2135.3,89.1,0.556,51.0,3.57,21.45
2017.0,90.1,0.481,35.2,4.15,17.8
2567.2,90.9,0.537,15.5,3.8,16.49
1953.5,91.8,0.611,49.7,3.96,20.36
1707.0,94.7,0.532,35.0,3.42,17.4
1655.2,90.5,0.47,66.4,3.56,22.18
2412.1,86.6,0.534,16.7,3.62,16.79
1751.8,92.0,0.462,55.9,4.14,21.02
2814.2,99.4,0.452,80.9,4.47,29.28
1471.3,87.2,0.422,27.2,3.48,14.37
2793.8,82.2,0.575,48.0,4.23,22.73
2273.9,94.6,0.385,21.4,2.93,15.98
2166.2,87.3,0.573,58.8,3.32,23.3
2009.3,75.0,0.49,53.5,3.42,20.89
2339.7,93.1,0.338,43.5,3.26,21.1
2186.8,84.8,0.479,51.5,3.17,21.45
2586.2,87.5,0.282,77.8,3.97,27.28
2240.0,90.0,0.5,28.7,3.71,17.57
2252.6,89.1,0.521,16.6,3.95,15.85
2072.7,92.3,0.403,75.3,4.08,25.22
2180.1,85.4,0.46,55.4,3.91,21.21
2307.7,91.1,0.606,77.3,4.06,26.71
1601.4,86.4,0.41,56.8,3.77,20.15
1728.1,92.4,0.365,71.7,3.33,23.68
2460.1,91.7,0.569,45.1,4.22,21.84
2259.8,82.4,0.607,67.5,3.56,24.67
2135.6,94.5,0.45,78.9,3.43,26.66
2206.5,84.8,0.531,55.0,3.73,22.53
2321.7,92.8,0.557,27.7,3.43,17.45
2011.1,90.2,0.391,33.8,3.63,17.96
1927.6,99.0,0.411,28.9,3.94,17.2
2268.5,86.7,0.548,32.3,3.94,17.9
1857.6,85.9,0.585,36.4,3.44,16.96
2342.9,87.9,0.495,53.9,3.6,22.29
1604.1,86.2,0.38,56.2,4.23,19.85
2560.2,92.8,0.609,44.9,4.0,22.24
2365.4,78.3,0.408,58.1,4.63,22.75
2289.6,81.7,0.423,20.7,4.27,15.8
2543.9,81.6,0.477,21.1,4.26,16.93
2782.9,93.7,0.574,27.0,3.24,20.05
2555.0,98.3,0.518,51.3,4.11,23.36
1555.7,87.4,0.483,30.0,3.78,15.18
1752.1,87.0,0.487,34.8,3.58,16.8
1981.3,88.4,0.453,43.0,3.87,19.7
2209.1,95.0,0.495,71.8,4.18,25.34
2381.2,82.4,0.248,16.0,4.0,16.09
1946.0,89.4,0.426,60.5,3.45,22.37
2265.4,93.9,0.469,61.8,4.1,23.9
1935.6,91.0,0.358,70.9,3.54,25.09
1986.0,89.1,0.481,80.3,3.89,25.64
1707.7,94.0,0.434,16.4,3.68,13.55
1876.9,71.8,0.59,25.8,3.71,14.57
1726.9,92.1,0.576,77.0,4.11,24.9
1858.4,84.1,0.413,47.1,3.38,19.91
2568.8,77.0,0.438,54.5,4.58,23.63
1867.7,91.1,0.444,61.4,3.07,22.68
3121.3,96.2,0.414,62.5,3.56,27.38
2372.7,87.2,0.466,80.2,3.95,27.25
2264.7,93.7,0.389,84.8,4.03,27.5
1899.6,97.7,0.36,65.4,3.76,24.1
2445.1,95.9,0.5,35.1,3.78,20.09
1998.5,97.8,0.5,76.6,3.96,25.61
2242.7,92.5,0.386,18.4,3.71,16.47
3096.0,88.5,0.522,31.2,4.36,21.02
2166.4,78.4,0.399,77.8,4.14,25.91
2602.2,86.5,0.47,32.9,4.15,19.65
1953.9,82.9,0.516,30.4,3.41,16.86
2187.8,101.0,0.447,24.7,3.77,17.28
2819.8,86.9,0.486,75.1,3.68,27.64
1980.6,88.7,0.409,50.0,3.4,20.55
2834.4,91.3,0.434,62.2,3.94,26.45
2447.7,88.3,0.434,31.7,3.58,18.98
2003.1,98.2,0.39,68.1,4.06,24.55
2421.3,84.3,0.436,68.2,3.37,24.9
2540.4,89.2,0.326,36.9,4.49,20.3
2417.6,83.5,0.411,43.7,3.44,20.6
1650.4,80.1,0.427,29.7,3.89,15.48
1945.5,84.3,0.43,83.4,4.12,26.2
2113.4,87.8,0.431,60.2,3.57,23.06
2173.9,85.4,0.445,80.4,4.14,26.96
2417.2,83.8,0.488,36.2,3.31,19.72
2262.2,79.6,0.52,69.7,4.38,24.82
1732.6,87.5,0.398,68.6,3.81,22.52
2333.1,79.0,0.354,63.4,3.56,23.83
2413.7,92.6,0.367,82.6,3.68,28.02
2395.9,88.5,0.411,42.5,4.12,20.63
2578.3,79.3,0.422,24.2,3.57,17.58
2491.9,86.1,0.388,62.0,3.5,24.17
2360.7,83.5,0.346,66.1,3.71,23.93
2175.4,89.9,0.414,55.3,3.33,22.02
1618.7,96.0,0.465,29.5,4.53,15.85
2350.4,76.7,0.498,50.3,3.57,20.97
2272.7,88.7,0.405,36.9,4.13,19.27
2295.1,87.0,0.417,44.9,3.88,21.39
1753.1,92.0,0.376,60.2,3.41,21.99
1821.6,89.3,0.447,67.2,3.8,23.6
2568.6,83.5,0.382,31.3,4.11,19.28
2186.2,86.1,0.496,43.4,3.72,20.4
2438.5,83.2,0.307,33.8,4.28,18.85
2209.9,94.5,0.421,28.9,4.21,17.63
2210.4,88.1,0.474,69.8,4.17,23.98
2528.4,99.4,0.465,78.6,3.62,28.65
2019.4,87.6,0.665,40.9,3.37,19.52
2233.6,83.7,0.478,67.6,3.55,24.23
2038.2,78.9,0.37,77.8,3.88,25.21
2047.9,77.2,0.442,74.2,4.02,24.35
2091.8,78.5,0.308,27.8,2.93,16.62
2277.7,89.6,0.444,81.9,3.8,27.83
2032.4,91.1,0.383,41.4,3.86,18.66
2639.5,78.5,0.523,38.7,3.69,20.68
1886.9,93.4,0.406,19.4,4.32,14.76
2134.6,85.1,0.441,49.0,3.97,20.81
2046.1,88.9,0.399,22.6,4.32,16.01
2706.4,97.7,0.589,32.4,3.71,20.45
2268.8,93.4,0.424,37.2,4.17,19.48
2561.1,86.4,0.597,71.6,4.45,26.44
1680.1,82.7,0.515,76.3,4.32,24.17
2293.5,75.1,0.489,36.2,3.36,18.75
2511.4,83.7,0.479,75.1,3.7,26.91
2228.8,86.7,0.482,75.0,3.66,25.43
2572.9,82.1,0.296,68.5,4.0,25.67
2018.9,87.2,0.428,25.3,4.07,16.46
2693.3,88.5,0.518,63.3,3.46,25.63
3004.6,86.7,0.446,81.2,3.83,30.15
2073.0,84.1,0.338,62.8,2.99,23.58
2044.1,89.0,0.446,38.2,4.38,19.01
2708.7,90.7,0.586,50.0,3.6,23.41
2752.9,81.5,0.55,60.2,3.82,24.78
2017.0,96.5,0.445,50.7,3.68,20.24
2052.9,87.4,0.526,23.4,4.26,15.89
2101.4,88.1,0.421,36.8,2.66,18.47
1729.4,92.2,0.314,71.2,3.79,23.67
1878.5,89.4,0.376,75.3,3.76,24.66
1848.6,93.7,0.575,24.6,3.62,15.56
1931.3,89.7,0.428,81.7,4.49,25.45
2187.9,84.3,0.431,38.0,3.45,18.62
2282.0,90.2,0.426,61.4,4.11,23.94
2742.7,81.1,0.602,67.6,3.94,26.85
1850.6,88.7,0.58,71.8,4.3,23.92
2544.5,87.8,0.628,81.2,3.53,28.35
2125.1,86.8,0.437,36.9,3.51,18.96
2182.7,87.2,0.474,75.1,4.24,25.45
2436.2,76.7,0.329,24.2,3.97,17.2
1807.0,84.7,0.568,64.4,3.18,22.0
2333.8,88.6,0.357,66.9,3.58,25.21
2258.3,89.0,0.467,62.4,3.95,23.88
2372.4,81.8,0.362,32.7,4.14,18.68
2301.2,95.6,0.403,76.1,3.53,26.47
3059.4,82.8,0.383,26.8,2.63,20.43
1976.8,93.8,0.401,18.8,4.01,15.84
2014.2,90.6,0.407,65.2,3.31,23.12
1981.9,84.1,0.406,48.3,2.99,19.89
2005.6,98.7,0.517,74.4,2.67,25.54
1976.9,80.8,0.362,41.8,4.13,18.96
2616.2,93.5,0.468,26.8,3.85,18.77
2697.2,94.0,0.547,73.6,3.71,26.73
2000.2,84.0,0.409,53.4,4.36,21.47
1908.7,96.4,0.393,28.2,4.05,16.94
2365.0,86.5,0.432,65.4,4.45,24.05
2006.7,89.7,0.544,50.8,3.24,20.59
2421.5,89.6,0.466,57.3,3.79,24.1
2271.0,87.2,0.408,47.3,3.15,21.57
1669.5,92.9,0.489,73.0,3.71,23.99
2741.6,92.8,0.362,73.1,3.7,27.68
2828.6,77.5,0.505,64.7,4.05,25.9
1985.5,95.8,0.483,22.4,3.82,15.84
2064.3,78.0,0.425,73.7,4.05,25.02
2300.1,94.2,0.383,62.0,4.08,23.83
2317.1,94.8,0.379,63.8,4.66,24.27
2430.5,81.5,0.493,40.4,3.67,20.53
2903.6,85.5,0.548,76.5,3.42,28.65
2138.1,81.4,0.399,65.8,3.9,24.11
1920.6,86.7,0.487,22.9,3.48,15.08
1717.2,86.2,0.283,43.5,4.39,18.22
1944.2,92.7,0.403,77.0,3.69,25.1
2188.4,95.9,0.448,18.3,3.57,15.93
2828.1,96.4,0.377,82.3,3.61,29.38
2018.8,84.6,0.375,62.5,4.09,22.57
2278.3,86.7,0.397,59.2,3.74,22.71
2194.3,77.9,0.473,33.9,3.54,18.2
2615.9,83.2,0.435,32.4,4.47,19.77
3084.4,93.8,0.271,80.9,3.46,29.91
2014.2,97.7,0.28,35.9,3.81,18.98
2028.7,80.6,0.401,69.3,4.06,24.68
2565.5,84.4,0.487,42.5,3.15,21.22
2438.7,87.8,0.23,24.7,3.99,17.45
2846.3,89.7,0.41,15.8,3.38,18.68
2404.4,83.1,0.408,53.1,4.13,21.97
2074.2,90.5,0.561,83.3,3.41,26.96
2406.7,85.2,0.419,40.8,4.08,20.39
2588.0,87.9,0.481,40.0,4.24,21.46
2487.2,91.3,0.461,39.1,4.14,20.72
2377.5,88.0,0.28,51.4,3.9,22.08
2573.3,85.4,0.511,45.8,3.71,21.54
2609.3,87.3,0.467,76.6,3.57,27.51
2683.8,87.5,0.491,50.4,4.39,22.85
2427.0,85.8,0.764,50.5,3.52,22.2
2141.5,86.4,0.283,24.7,3.39,16.27
2251.3,97.6,0.588,83.8,4.07,27.51
2622.3,91.4,0.427,32.5,3.48,20.37
1914.1,86.2,0.473,20.1,3.42,14.6
2329.0,92.2,0.446,61.4,3.22,23.61
2062.3,86.0,0.416,56.7,3.61,21.85
2210.1,95.0,0.404,44.1,3.77,20.63
2647.5,90.2,0.476,44.6,3.9,21.53
2266.9,87.4,0.329,70.0,4.18,25.25
2216.3,90.7,0.51,28.7,4.01,17.3
1724.1,78.6,0.417,72.4,3.72,23.72
2461.2,81.2,0.36,60.4,3.72,24.07
2425.9,80.8,0.414,44.3,4.0,20.7
2957.1,88.9,0.551,47.1,4.31,23.45
2092.3,98.4,0.407,33.0,3.85,18.28
2276.7,101.4,0.479,67.6,3.61,25.61
2287.3,91.8,0.392,50.9,3.4,21.98
2752.1,91.0,0.511,37.5,3.22,21.22
2166.6,77.2,0.505,56.7,4.07,21.94
2297.7,84.7,0.598,84.7,4.03,27.58
2412.8,83.3,0.436,45.5,4.03,20.98
2265.3,84.3,0.503,79.4,3.75,25.97
2043.7,87.0,0.458,39.2,4.36,19.07
2267.9,85.2,0.554,18.8,3.61,15.94
2575.8,76.1,0.392,29.3,4.18,18.22
1840.7,92.5,0.51,44.3,3.78,19.8
2246.5,81.6,0.434,30.4,3.56,17.71
1955.0,89.4,0.445,15.0,4.04,13.79
2618.3,100.4,0.457,79.1,3.96,29.0
1666.9,82.5,0.47,74.1,3.94,23.52
2004.4,72.8,0.441,67.0,3.83,23.08
2332.0,86.3,0.467,26.7,3.78,17.41
2747.9,94.6,0.576,23.4,4.76,19.07
2177.0,99.8,0.529,19.7,4.27,16.22
2005.7,80.6,0.52,65.7,4.09,23.27
2858.4,91.0,0.414,80.0,3.84,28.69
1693.2,85.2,0.379,45.1,4.2,18.24
1430.4,87.4,0.526,23.3,4.01,14.17
2354.0,103.9,0.52,50.9,3.81,22.51
2024.3,79.0,0.568,39.4,3.68,18.13
1842.6,89.5,0.402,41.2,3.77,18.3
2447.9,90.8,0.432,58.5,2.53,23.49
2285.3,94.5,0.319,65.3,3.88,23.92
2002.6,88.6,0.419,22.7,3.6,15.61
1751.9,89.8,0.53,17.5,4.44,13.9
2505.4,85.7,0.413,84.6,3.81,28.58
2427.6,89.6,0.501,31.3,3.32,18.84
2165.3,85.9,0.435,18.8,3.78,15.49
2846.3,91.7,0.476,28.3,3.38,20.39
1825.5,85.8,0.358,17.7,3.99,13.92
1666.1,90.3,0.457,42.4,3.92,17.83
1957.8,87.8,0.211,71.2,4.18,24.1
2184.0,94.8,0.435,38.9,3.48,19.77
2285.2,87.7,0.32,46.1,3.81,21.42
2115.6,77.4,0.546,62.3,3.25,22.51
2323.2,95.6,0.512,50.6,4.08,22.28
1762.0,82.6,0.487,75.3,4.01,24.08
2705.3,84.1,0.572,75.6,4.0,27.33
2171.2,84.4,0.374,15.7,3.8,14.88
2591.1,96.2,0.59,69.5,3.97,26.17
2320.0,75.2,0.525,47.3,4.44,20.09
2359.9,106.8,0.431,84.2,3.69,29.06
2399.4,94.3,0.541,48.8,3.86,22.02
2356.7,89.3,0.361,84.1,3.37,28.18
2425.0,87.7,0.384,67.8,3.45,25.36
2665.2,89.7,0.401,32.4,3.84,19.66
2268.8,91.1,0.408,52.7,4.24,22.19
2448.2,91.9,0.365,84.4,3.7,28.21
2168.6,91.3,0.548,75.0,3.71,26.34
2704.0,88.5,0.429,21.8,3.64,17.71
1963.3,86.8,0.478,64.4,3.59,22.9
2830.3,87.1,0.404,39.2,3.92,21.36
2185.9,86.8,0.304,15.5,3.2,15.2
1699.2,94.8,0.472,43.2,4.31,18.39
2244.8,91.6,0.297,31.4,3.53,18.13
1961.6,70.4,0.445,72.3,4.09,23.94
2494.2,91.9,0.341,38.6,3.29,20.58
1971.6,89.2,0.609,72.9,4.07,24.81
2043.8,87.9,0.523,15.0,4.07,14.09
1538.7,85.7,0.458,36.5,3.95,15.79
2041.7,94.7,0.551,31.9,3.4,17.8
1351.6,93.7,0.382,31.3,3.9,14.88
1645.6,83.4,0.493,19.8,3.33,13.78
2466.1,90.4,0.466,28.1,3.7,18.47
2475.0,82.2,0.471,53.9,4.21,22.87
2348.9,79.7,0.552,35.4,4.12,18.32
1861.6,84.2,0.509,44.2,3.81,19.48
2183.3,93.2,0.473,41.4,3.41,19.88
2198.7,93.7,0.318,76.3,4.06,26.55
1794.6,91.1,0.373,78.4,3.81,24.73
2726.2,92.4,0.44,49.5,2.87,23.53
2507.1,91.1,0.457,38.1,4.11,20.03
2122.7,84.2,0.36,22.5,3.79,16.06
2209.4,90.6,0.643,81.7,4.28,27.06
2272.9,92.8,0.571,19.2,3.36,16.28
1485.4,92.5,0.498,35.8,2.53,16.5
2113.5,95.1,0.456,35.9,3.91,18.34
1961.3,92.2,0.433,37.4,3.92,18.1
1849.4,90.1,0.374,26.5,3.12,16.01
2101.6,94.4,0.456,69.8,3.41,25.54
2829.2,87.8,0.471,23.6,4.9,18.9
2424.3,82.7,0.351,59.4,3.68,23.84
2000.1,87.0,0.477,23.7,4.09,15.74
2400.4,83.5,0.438,19.9,3.54,17.15
