sample_id,class_id,class_name,resolution,channels
IMG_0001,0,Speed_Limit_30,32x32,3
IMG_0002,0,Speed_Limit_30,32x32,3
IMG_0003,0,Speed_Limit_30,32x32,3
IMG_0004,0,Speed_Limit_30,32x32,3
IMG_0005,0,Speed_Limit_30,32x32,3
IMG_0006,0,Speed_Limit_30,32x32,3
IMG_0007,0,Speed_Limit_30,32x32,3
IMG_0008,0,Speed_Limit_30,32x32,3
IMG_0009,0,Speed_Limit_30,32x32,3
IMG_0010,0,Speed_Limit_30,32x32,3
IMG_0011,0,Speed_Limit_30,32x32,3
IMG_0012,0,Speed_Limit_30,32x32,3
IMG_0013,0,Speed_Limit_30,32x32,3
IMG_0014,0,Speed_Limit_30,32x32,3
IMG_0015,0,Speed_Limit_30,32x32,3
IMG_0016,0,Speed_Limit_30,32x32,3
IMG_0017,0,Speed_Limit_30,32x32,3
IMG_0018,0,Speed_Limit_30,32x32,3
IMG_0019,0,Speed_Limit_30,32x32,3
IMG_0020,0,Speed_Limit_30,32x32,3
IMG_0021,0,Speed_Limit_30,32x32,3
IMG_0022,0,Speed_Limit_30,32x32,3
IMG_0023,0,Speed_Limit_30,32x32,3
IMG_0024,0,Speed_Limit_30,32x32,3
IMG_0025,0,Speed_Limit_30,32x32,3
IMG_0026,0,Speed_Limit_30,32x32,3
IMG_0027,0,Speed_Limit_30,32x32,3
IMG_0028,0,Speed_Limit_30,32x32,3
IMG_0029,0,Speed_Limit_30,32x32,3
IMG_0030,0,Speed_Limit_30,32x32,3
IMG_0031,0,Speed_Limit_30,32x32,3
IMG_0032,0,Speed_Limit_30,32x32,3
IMG_0033,0,Speed_Limit_30,32x32,3
IMG_0034,0,Speed_Limit_30,32x32,3
IMG_0035,0,Speed_Limit_30,32x32,3
IMG_0036,0,Speed_Limit_30,32x32,3
IMG_0037,0,Speed_Limit_30,32x32,3
IMG_0038,0,Speed_Limit_30,32x32,3
IMG_0039,0,Speed_Limit_30,32x32,3
IMG_0040,0,Speed_Limit_30,32x32,3
IMG_0041,0,Speed_Limit_30,32x32,3
IMG_0042,0,Speed_Limit_30,32x32,3
IMG_0043,0,Speed_Limit_30,32x32,3
IMG_0044,0,Speed_Limit_30,32x32,3
IMG_0045,0,Speed_Limit_30,32x32,3
IMG_0046,0,Speed_Limit_30,32x32,3
IMG_0047,0,Speed_Limit_30,32x32,3
IMG_0048,0,Speed_Limit_30,32x32,3
IMG_0049,0,Speed_Limit_30,32x32,3
IMG_0050,0,Speed_Limit_30,32x32,3
IMG_0051,0,Speed_Limit_30,32x32,3
IMG_0052,0,Speed_Limit_30,32x32,3
IMG_0053,0,Speed_Limit_30,32x32,3
IMG_0054,0,Speed_Limit_30,32x32,3
IMG_0055,0,Speed_Limit_30,32x32,3
IMG_0056,0,Speed_Limit_30,32x32,3
IMG_0057,0,Speed_Limit_30,32x32,3
IMG_0058,0,Speed_Limit_30,32x32,3
IMG_0059,0,Speed_Limit_30,32x32,3
IMG_0060,0,Speed_Limit_30,32x32,3
IMG_0061,0,Speed_Limit_30,32x32,3
IMG_0062,0,Speed_Limit_30,32x32,3
IMG_0063,0,Speed_Limit_30,32x32,3
IMG_0064,0,Speed_Limit_30,32x32,3
IMG_0065,0,Speed_Limit_30,32x32,3
IMG_0066,0,Speed_Limit_30,32x32,3
IMG_0067,0,Speed_Limit_30,32x32,3
IMG_0068,0,Speed_Limit_30,32x32,3
IMG_0069,0,Speed_Limit_30,32x32,3
IMG_0070,0,Speed_Limit_30,32x32,3
IMG_0071,0,Speed_Limit_30,32x32,3
IMG_0072,0,Speed_Limit_30,32x32,3
IMG_0073,0,Speed_Limit_30,32x32,3
IMG_0074,0,Speed_Limit_30,32x32,3
IMG_0075,0,Speed_Limit_30,32x32,3
IMG_0076,0,Speed_Limit_30,32x32,3
IMG_0077,0,Speed_Limit_30,32x32,3
IMG_0078,0,Speed_Limit_30,32x32,3
IMG_0079,0,Speed_Limit_30,32x32,3
IMG_0080,0,Speed_Limit_30,32x32,3
IMG_0081,0,Speed_Limit_30,32x32,3
IMG_0082,0,Speed_Limit_30,32x32,3
IMG_0083,0,Speed_Limit_30,32x32,3
IMG_0084,0,Speed_Limit_30,32x32,3
IMG_0085,0,Speed_Limit_30,32x32,3
IMG_0086,0,Speed_Limit_30,32x32,3
IMG_0087,0,Speed_Limit_30,32x32,3
IMG_0088,0,Speed_Limit_30,32x32,3
IMG_0089,0,Speed_Limit_30,32x32,3
IMG_0090,0,Speed_Limit_30,32x32,3
IMG_0091,0,Speed_Limit_30,32x32,3
IMG_0092,0,Speed_Limit_30,32x32,3
IMG_0093,0,Speed_Limit_30,32x32,3
IMG_0094,0,Speed_Limit_30,32x32,3
IMG_0095,0,Speed_Limit_30,32x32,3
IMG_0096,0,Speed_Limit_30,32x32,3
IMG_0097,0,Speed_Limit_30,32x32,3
IMG_0098,0,Speed_Limit_30,32x32,3
IMG_0099,0,Speed_Limit_30,32x32,3
IMG_0100,0,Speed_Limit_30,32x32,3
IMG_0101,0,Speed_Limit_30,32x32,3
IMG_0102,0,Speed_Limit_30,32x32,3
IMG_0103,0,Speed_Limit_30,32x32,3
IMG_0104,0,Speed_Limit_30,32x32,3
IMG_0105,0,Speed_Limit_30,32x32,3
IMG_0106,0,Speed_Limit_30,32x32,3
IMG_0107,0,Speed_Limit_30,32x32,3
IMG_0108,0,Speed_Limit_30,32x32,3
IMG_0109,0,Speed_Limit_30,32x32,3
IMG_0110,0,Speed_Limit_30,32x32,3
IMG_0111,0,Speed_Limit_30,32x32,3
IMG_0112,0,Speed_Limit_30,32x32,3
IMG_0113,0,Speed_Limit_30,32x32,3
IMG_0114,0,Speed_Limit_30,32x32,3
IMG_0115,0,Speed_Limit_30,32x32,3
IMG_0116,0,Speed_Limit_30,32x32,3
IMG_0117,0,Speed_Limit_30,32x32,3
IMG_0118,0,Speed_Limit_30,32x32,3
IMG_0119,0,Speed_Limit_30,32x32,3
IMG_0120,0,Speed_Limit_30,32x32,3
IMG_0121,1,Speed_Limit_50,32x32,3
IMG_0122,1,Speed_Limit_50,32x32,3
IMG_0123,1,Speed_Limit_50,32x32,3
IMG_0124,1,Speed_Limit_50,32x32,3
IMG_0125,1,Speed_Limit_50,32x32,3
IMG_0126,1,Speed_Limit_50,32x32,3
IMG_0127,1,Speed_Limit_50,32x32,3
IMG_0128,1,Speed_Limit_50,32x32,3
IMG_0129,1,Speed_Limit_50,32x32,3
IMG_0130,1,Speed_Limit_50,32x32,3
IMG_0131,1,Speed_Limit_50,32x32,3
IMG_0132,1,Speed_Limit_50,32x32,3
IMG_0133,1,Speed_Limit_50,32x32,3
IMG_0134,1,Speed_Limit_50,32x32,3
IMG_0135,1,Speed_Limit_50,32x32,3
IMG_0136,1,Speed_Limit_50,32x32,3
IMG_0137,1,Speed_Limit_50,32x32,3
IMG_0138,1,Speed_Limit_50,32x32,3
IMG_0139,1,Speed_Limit_50,32x32,3
IMG_0140,1,Speed_Limit_50,32x32,3
IMG_0141,1,Speed_Limit_50,32x32,3
IMG_0142,1,Speed_Limit_50,32x32,3
IMG_0143,1,Speed_Limit_50,32x32,3
IMG_0144,1,Speed_Limit_50,32x32,3
IMG_0145,1,Speed_Limit_50,32x32,3
IMG_0146,1,Speed_Limit_50,32x32,3
IMG_0147,1,Speed_Limit_50,32x32,3
IMG_0148,1,Speed_Limit_50,32x32,3
IMG_0149,1,Speed_Limit_50,32x32,3
IMG_0150,1,Speed_Limit_50,32x32,3
IMG_0151,1,Speed_Limit_50,32x32,3
IMG_0152,1,Speed_Limit_50,32x32,3
IMG_0153,1,Speed_Limit_50,32x32,3
IMG_0154,1,Speed_Limit_50,32x32,3
IMG_0155,1,Speed_Limit_50,32x32,3
IMG_0156,1,Speed_Limit_50,32x32,3
IMG_0157,1,Speed_Limit_50,32x32,3
IMG_0158,1,Speed_Limit_50,32x32,3
IMG_0159,1,Speed_Limit_50,32x32,3
IMG_0160,1,Speed_Limit_50,32x32,3
IMG_0161,1,Speed_Limit_50,32x32,3
IMG_0162,1,Speed_Limit_50,32x32,3
IMG_0163,1,Speed_Limit_50,32x32,3
IMG_0164,1,Speed_Limit_50,32x32,3
IMG_0165,1,Speed_Limit_50,32x32,3
IMG_0166,1,Speed_Limit_50,32x32,3
IMG_0167,1,Speed_Limit_50,32x32,3
IMG_0168,1,Speed_Limit_50,32x32,3
IMG_0169,1,Speed_Limit_50,32x32,3
IMG_0170,1,Speed_Limit_50,32x32,3
IMG_0171,1,Speed_Limit_50,32x32,3
IMG_0172,1,Speed_Limit_50,32x32,3
IMG_0173,1,Speed_Limit_50,32x32,3
IMG_0174,1,Speed_Limit_50,32x32,3
IMG_0175,1,Speed_Limit_50,32x32,3
IMG_0176,1,Speed_Limit_50,32x32,3
IMG_0177,1,Speed_Limit_50,32x32,3
IMG_0178,1,Speed_Limit_50,32x32,3
IMG_0179,1,Speed_Limit_50,32x32,3
IMG_0180,1,Speed_Limit_50,32x32,3
IMG_0181,1,Speed_Limit_50,32x32,3
IMG_0182,1,Speed_Limit_50,32x32,3
IMG_0183,1,Speed_Limit_50,32x32,3
IMG_0184,1,Speed_Limit_50,32x32,3
IMG_0185,1,Speed_Limit_50,32x32,3
IMG_0186,1,Speed_Limit_50,32x32,3
IMG_0187,1,Speed_Limit_50,32x32,3
IMG_0188,1,Speed_Limit_50,32x32,3
IMG_0189,1,Speed_Limit_50,32x32,3
IMG_0190,1,Speed_Limit_50,32x32,3
IMG_0191,1,Speed_Limit_50,32x32,3
IMG_0192,1,Speed_Limit_50,32x32,3
IMG_0193,1,Speed_Limit_50,32x32,3
IMG_0194,1,Speed_Limit_50,32x32,3
IMG_0195,1,Speed_Limit_50,32x32,3
IMG_0196,1,Speed_Limit_50,32x32,3
IMG_0197,1,Speed_Limit_50,32x32,3
IMG_0198,1,Speed_Limit_50,32x32,3
IMG_0199,1,Speed_Limit_50,32x32,3
IMG_0200,1,Speed_Limit_50,32x32,3
IMG_0201,1,Speed_Limit_50,32x32,3
IMG_0202,1,Speed_Limit_50,32x32,3
IMG_0203,1,Speed_Limit_50,32x32,3
IMG_0204,1,Speed_Limit_50,32x32,3
IMG_0205,1,Speed_Limit_50,32x32,3
IMG_0206,1,Speed_Limit_50,32x32,3
IMG_0207,1,Speed_Limit_50,32x32,3
IMG_0208,1,Speed_Limit_50,32x32,3
IMG_0209,1,Speed_Limit_50,32x32,3
IMG_0210,1,Speed_Limit_50,32x32,3
IMG_0211,1,Speed_Limit_50,32x32,3
IMG_0212,1,Speed_Limit_50,32x32,3
IMG_0213,1,Speed_Limit_50,32x32,3
IMG_0214,1,Speed_Limit_50,32x32,3
IMG_0215,1,Speed_Limit_50,32x32,3
IMG_0216,1,Speed_Limit_50,32x32,3
IMG_0217,1,Speed_Limit_50,32x32,3
IMG_0218,1,Speed_Limit_50,32x32,3
IMG_0219,1,Speed_Limit_50,32x32,3
IMG_0220,1,Speed_Limit_50,32x32,3
IMG_0221,1,Speed_Limit_50,32x32,3
IMG_0222,1,Speed_Limit_50,32x32,3
IMG_0223,1,Speed_Limit_50,32x32,3
IMG_0224,1,Speed_Limit_50,32x32,3
IMG_0225,1,Speed_Limit_50,32x32,3
IMG_0226,1,Speed_Limit_50,32x32,3
IMG_0227,1,Speed_Limit_50,32x32,3
IMG_0228,1,Speed_Limit_50,32x32,3
IMG_0229,1,Speed_Limit_50,32x32,3
IMG_0230,1,Speed_Limit_50,32x32,3
IMG_0231,1,Speed_Limit_50,32x32,3
IMG_0232,1,Speed_Limit_50,32x32,3
IMG_0233,1,Speed_Limit_50,32x32,3
IMG_0234,1,Speed_Limit_50,32x32,3
IMG_0235,1,Speed_Limit_50,32x32,3
IMG_0236,1,Speed_Limit_50,32x32,3
IMG_0237,1,Speed_Limit_50,32x32,3
IMG_0238,1,Speed_Limit_50,32x32,3
IMG_0239,1,Speed_Limit_50,32x32,3
IMG_0240,1,Speed_Limit_50,32x32,3
IMG_0241,2,Speed_Limit_80,32x32,3
IMG_0242,2,Speed_Limit_80,32x32,3
IMG_0243,2,Speed_Limit_80,32x32,3
IMG_0244,2,Speed_Limit_80,32x32,3
IMG_0245,2,Speed_Limit_80,32x32,3
IMG_0246,2,Speed_Limit_80,32x32,3
IMG_0247,2,Speed_Limit_80,32x32,3
IMG_0248,2,Speed_Limit_80,32x32,3
IMG_0249,2,Speed_Limit_80,32x32,3
IMG_0250,2,Speed_Limit_80,32x32,3
IMG_0251,2,Speed_Limit_80,32x32,3
IMG_0252,2,Speed_Limit_80,32x32,3
IMG_0253,2,Speed_Limit_80,32x32,3
IMG_0254,2,Speed_Limit_80,32x32,3
IMG_0255,2,Speed_Limit_80,32x32,3
IMG_0256,2,Speed_Limit_80,32x32,3
IMG_0257,2,Speed_Limit_80,32x32,3
IMG_0258,2,Speed_Limit_80,32x32,3
IMG_0259,2,Speed_Limit_80,32x32,3
IMG_0260,2,Speed_Limit_80,32x32,3
IMG_0261,2,Speed_Limit_80,32x32,3
IMG_0262,2,Speed_Limit_80,32x32,3
IMG_0263,2,Speed_Limit_80,32x32,3
IMG_0264,2,Speed_Limit_80,32x32,3
IMG_0265,2,Speed_Limit_80,32x32,3
IMG_0266,2,Speed_Limit_80,32x32,3
IMG_0267,2,Speed_Limit_80,32x32,3
IMG_0268,2,Speed_Limit_80,32x32,3
IMG_0269,2,Speed_Limit_80,32x32,3
IMG_0270,2,Speed_Limit_80,32x32,3
IMG_0271,2,Speed_Limit_80,32x32,3
IMG_0272,2,Speed_Limit_80,32x32,3
IMG_0273,2,Speed_Limit_80,32x32,3
IMG_0274,2,Speed_Limit_80,32x32,3
IMG_0275,2,Speed_Limit_80,32x32,3
IMG_0276,2,Speed_Limit_80,32x32,3
IMG_0277,2,Speed_Limit_80,32x32,3
IMG_0278,2,Speed_Limit_80,32x32,3
IMG_0279,2,Speed_Limit_80,32x32,3
IMG_0280,2,Speed_Limit_80,32x32,3
IMG_0281,2,Speed_Limit_80,32x32,3
IMG_0282,2,Speed_Limit_80,32x32,3
IMG_0283,2,Speed_Limit_80,32x32,3
IMG_0284,2,Speed_Limit_80,32x32,3
IMG_0285,2,Speed_Limit_80,32x32,3
IMG_0286,2,Speed_Limit_80,32x32,3
IMG_0287,2,Speed_Limit_80,32x32,3
IMG_0288,2,Speed_Limit_80,32x32,3
IMG_0289,2,Speed_Limit_80,32x32,3
IMG_0290,2,Speed_Limit_80,32x32,3
IMG_0291,2,Speed_Limit_80,32x32,3
IMG_0292,2,Speed_Limit_80,32x32,3
IMG_0293,2,Speed_Limit_80,32x32,3
IMG_0294,2,Speed_Limit_80,32x32,3
IMG_0295,2,Speed_Limit_80,32x32,3
IMG_0296,2,Speed_Limit_80,32x32,3
IMG_0297,2,Speed_Limit_80,32x32,3
IMG_0298,2,Speed_Limit_80,32x32,3
IMG_0299,2,Speed_Limit_80,32x32,3
IMG_0300,2,Speed_Limit_80,32x32,3
IMG_0301,2,Speed_Limit_80,32x32,3
IMG_0302,2,Speed_Limit_80,32x32,3
IMG_0303,2,Speed_Limit_80,32x32,3
IMG_0304,2,Speed_Limit_80,32x32,3
IMG_0305,2,Speed_Limit_80,32x32,3
IMG_0306,2,Speed_Limit_80,32x32,3
IMG_0307,2,Speed_Limit_80,32x32,3
IMG_0308,2,Speed_Limit_80,32x32,3
IMG_0309,2,Speed_Limit_80,32x32,3
IMG_0310,2,Speed_Limit_80,32x32,3
IMG_0311,2,Speed_Limit_80,32x32,3
IMG_0312,2,Speed_Limit_80,32x32,3
IMG_0313,2,Speed_Limit_80,32x32,3
IMG_0314,2,Speed_Limit_80,32x32,3
IMG_0315,2,Speed_Limit_80,32x32,3
IMG_0316,2,Speed_Limit_80,32x32,3
IMG_0317,2,Speed_Limit_80,32x32,3
IMG_0318,2,Speed_Limit_80,32x32,3
IMG_0319,2,Speed_Limit_80,32x32,3
IMG_0320,2,Speed_Limit_80,32x32,3
IMG_0321,2,Speed_Limit_80,32x32,3
IMG_0322,2,Speed_Limit_80,32x32,3
IMG_0323,2,Speed_Limit_80,32x32,3
IMG_0324,2,Speed_Limit_80,32x32,3
IMG_0325,2,Speed_Limit_80,32x32,3
IMG_0326,2,Speed_Limit_80,32x32,3
IMG_0327,2,Speed_Limit_80,32x32,3
IMG_0328,2,Speed_Limit_80,32x32,3
IMG_0329,2,Speed_Limit_80,32x32,3
IMG_0330,2,Speed_Limit_80,32x32,3
IMG_0331,2,Speed_Limit_80,32x32,3
IMG_0332,2,Speed_Limit_80,32x32,3
IMG_0333,2,Speed_Limit_80,32x32,3
IMG_0334,2,Speed_Limit_80,32x32,3
IMG_0335,2,Speed_Limit_80,32x32,3
IMG_0336,2,Speed_Limit_80,32x32,3
IMG_0337,2,Speed_Limit_80,32x32,3
IMG_0338,2,Speed_Limit_80,32x32,3
IMG_0339,2,Speed_Limit_80,32x32,3
IMG_0340,2,Speed_Limit_80,32x32,3
IMG_0341,2,Speed_Limit_80,32x32,3
IMG_0342,2,Speed_Limit_80,32x32,3
IMG_0343,2,Speed_Limit_80,32x32,3
IMG_0344,2,Speed_Limit_80,32x32,3
IMG_0345,2,Speed_Limit_80,32x32,3
IMG_0346,2,Speed_Limit_80,32x32,3
IMG_0347,2,Speed_Limit_80,32x32,3
IMG_0348,2,Speed_Limit_80,32x32,3
IMG_0349,2,Speed_Limit_80,32x32,3
IMG_0350,2,Speed_Limit_80,32x32,3
IMG_0351,2,Speed_Limit_80,32x32,3
IMG_0352,2,Speed_Limit_80,32x32,3
IMG_0353,2,Speed_Limit_80,32x32,3
IMG_0354,2,Speed_Limit_80,32x32,3
IMG_0355,2,Speed_Limit_80,32x32,3
IMG_0356,2,Speed_Limit_80,32x32,3
IMG_0357,2,Speed_Limit_80,32x32,3
IMG_0358,2,Speed_Limit_80,32x32,3
IMG_0359,2,Speed_Limit_80,32x32,3
IMG_0360,2,Speed_Limit_80,32x32,3
IMG_0361,3,Stop_Sign,32x32,3
IMG_0362,3,Stop_Sign,32x32,3
IMG_0363,3,Stop_Sign,32x32,3
IMG_0364,3,Stop_Sign,32x32,3
IMG_0365,3,Stop_Sign,32x32,3
IMG_0366,3,Stop_Sign,32x32,3
IMG_0367,3,Stop_Sign,32x32,3
IMG_0368,3,Stop_Sign,32x32,3
IMG_0369,3,Stop_Sign,32x32,3
IMG_0370,3,Stop_Sign,32x32,3
IMG_0371,3,Stop_Sign,32x32,3
IMG_0372,3,Stop_Sign,32x32,3
IMG_0373,3,Stop_Sign,32x32,3
IMG_0374,3,Stop_Sign,32x32,3
IMG_0375,3,Stop_Sign,32x32,3
IMG_0376,3,Stop_Sign,32x32,3
IMG_0377,3,Stop_Sign,32x32,3
IMG_0378,3,Stop_Sign,32x32,3
IMG_0379,3,Stop_Sign,32x32,3
IMG_0380,3,Stop_Sign,32x32,3
IMG_0381,3,Stop_Sign,32x32,3
IMG_0382,3,Stop_Sign,32x32,3
IMG_0383,3,Stop_Sign,32x32,3
IMG_0384,3,Stop_Sign,32x32,3
IMG_0385,3,Stop_Sign,32x32,3
IMG_0386,3,Stop_Sign,32x32,3
IMG_0387,3,Stop_Sign,32x32,3
IMG_0388,3,Stop_Sign,32x32,3
IMG_0389,3,Stop_Sign,32x32,3
IMG_0390,3,Stop_Sign,32x32,3
IMG_0391,3,Stop_Sign,32x32,3
IMG_0392,3,Stop_Sign,32x32,3
IMG_0393,3,Stop_Sign,32x32,3
IMG_0394,3,Stop_Sign,32x32,3
IMG_0395,3,Stop_Sign,32x32,3
IMG_0396,3,Stop_Sign,32x32,3
IMG_0397,3,Stop_Sign,32x32,3
IMG_0398,3,Stop_Sign,32x32,3
IMG_0399,3,Stop_Sign,32x32,3
IMG_0400,3,Stop_Sign,32x32,3
IMG_0401,3,Stop_Sign,32x32,3
IMG_0402,3,Stop_Sign,32x32,3
IMG_0403,3,Stop_Sign,32x32,3
IMG_0404,3,Stop_Sign,32x32,3
IMG_0405,3,Stop_Sign,32x32,3
IMG_0406,3,Stop_Sign,32x32,3
IMG_0407,3,Stop_Sign,32x32,3
IMG_0408,3,Stop_Sign,32x32,3
IMG_0409,3,Stop_Sign,32x32,3
IMG_0410,3,Stop_Sign,32x32,3
IMG_0411,3,Stop_Sign,32x32,3
IMG_0412,3,Stop_Sign,32x32,3
IMG_0413,3,Stop_Sign,32x32,3
IMG_0414,3,Stop_Sign,32x32,3
IMG_0415,3,Stop_Sign,32x32,3
IMG_0416,3,Stop_Sign,32x32,3
IMG_0417,3,Stop_Sign,32x32,3
IMG_0418,3,Stop_Sign,32x32,3
IMG_0419,3,Stop_Sign,32x32,3
IMG_0420,3,Stop_Sign,32x32,3
IMG_0421,3,Stop_Sign,32x32,3
IMG_0422,3,Stop_Sign,32x32,3
IMG_0423,3,Stop_Sign,32x32,3
IMG_0424,3,Stop_Sign,32x32,3
IMG_0425,3,Stop_Sign,32x32,3
IMG_0426,3,Stop_Sign,32x32,3
IMG_0427,3,Stop_Sign,32x32,3
IMG_0428,3,Stop_Sign,32x32,3
IMG_0429,3,Stop_Sign,32x32,3
IMG_0430,3,Stop_Sign,32x32,3
IMG_0431,3,Stop_Sign,32x32,3
IMG_0432,3,Stop_Sign,32x32,3
IMG_0433,3,Stop_Sign,32x32,3
IMG_0434,3,Stop_Sign,32x32,3
IMG_0435,3,Stop_Sign,32x32,3
IMG_0436,3,Stop_Sign,32x32,3
IMG_0437,3,Stop_Sign,32x32,3
IMG_0438,3,Stop_Sign,32x32,3
IMG_0439,3,Stop_Sign,32x32,3
IMG_0440,3,Stop_Sign,32x32,3
IMG_0441,3,Stop_Sign,32x32,3
IMG_0442,3,Stop_Sign,32x32,3
IMG_0443,3,Stop_Sign,32x32,3
IMG_0444,3,Stop_Sign,32x32,3
IMG_0445,3,Stop_Sign,32x32,3
IMG_0446,3,Stop_Sign,32x32,3
IMG_0447,3,Stop_Sign,32x32,3
IMG_0448,3,Stop_Sign,32x32,3
IMG_0449,3,Stop_Sign,32x32,3
IMG_0450,3,Stop_Sign,32x32,3
IMG_0451,3,Stop_Sign,32x32,3
IMG_0452,3,Stop_Sign,32x32,3
IMG_0453,3,Stop_Sign,32x32,3
IMG_0454,3,Stop_Sign,32x32,3
IMG_0455,3,Stop_Sign,32x32,3
IMG_0456,3,Stop_Sign,32x32,3
IMG_0457,3,Stop_Sign,32x32,3
IMG_0458,3,Stop_Sign,32x32,3
IMG_0459,3,Stop_Sign,32x32,3
IMG_0460,3,Stop_Sign,32x32,3
IMG_0461,3,Stop_Sign,32x32,3
IMG_0462,3,Stop_Sign,32x32,3
IMG_0463,3,Stop_Sign,32x32,3
IMG_0464,3,Stop_Sign,32x32,3
IMG_0465,3,Stop_Sign,32x32,3
IMG_0466,3,Stop_Sign,32x32,3
IMG_0467,3,Stop_Sign,32x32,3
IMG_0468,3,Stop_Sign,32x32,3
IMG_0469,3,Stop_Sign,32x32,3
IMG_0470,3,Stop_Sign,32x32,3
IMG_0471,3,Stop_Sign,32x32,3
IMG_0472,3,Stop_Sign,32x32,3
IMG_0473,3,Stop_Sign,32x32,3
IMG_0474,3,Stop_Sign,32x32,3
IMG_0475,3,Stop_Sign,32x32,3
IMG_0476,3,Stop_Sign,32x32,3
IMG_0477,3,Stop_Sign,32x32,3
IMG_0478,3,Stop_Sign,32x32,3
IMG_0479,3,Stop_Sign,32x32,3
IMG_0480,3,Stop_Sign,32x32,3
IMG_0481,4,Yield_Sign,32x32,3
IMG_0482,4,Yield_Sign,32x32,3
IMG_0483,4,Yield_Sign,32x32,3
IMG_0484,4,Yield_Sign,32x32,3
IMG_0485,4,Yield_Sign,32x32,3
IMG_0486,4,Yield_Sign,32x32,3
IMG_0487,4,Yield_Sign,32x32,3
IMG_0488,4,Yield_Sign,32x32,3
IMG_0489,4,Yield_Sign,32x32,3
IMG_0490,4,Yield_Sign,32x32,3
IMG_0491,4,Yield_Sign,32x32,3
IMG_0492,4,Yield_Sign,32x32,3
IMG_0493,4,Yield_Sign,32x32,3
IMG_0494,4,Yield_Sign,32x32,3
IMG_0495,4,Yield_Sign,32x32,3
IMG_0496,4,Yield_Sign,32x32,3
IMG_0497,4,Yield_Sign,32x32,3
IMG_0498,4,Yield_Sign,32x32,3
IMG_0499,4,Yield_Sign,32x32,3
IMG_0500,4,Yield_Sign,32x32,3
IMG_0501,4,Yield_Sign,32x32,3
IMG_0502,4,Yield_Sign,32x32,3
IMG_0503,4,Yield_Sign,32x32,3
IMG_0504,4,Yield_Sign,32x32,3
IMG_0505,4,Yield_Sign,32x32,3
IMG_0506,4,Yield_Sign,32x32,3
IMG_0507,4,Yield_Sign,32x32,3
IMG_0508,4,Yield_Sign,32x32,3
IMG_0509,4,Yield_Sign,32x32,3
IMG_0510,4,Yield_Sign,32x32,3
IMG_0511,4,Yield_Sign,32x32,3
IMG_0512,4,Yield_Sign,32x32,3
IMG_0513,4,Yield_Sign,32x32,3
IMG_0514,4,Yield_Sign,32x32,3
IMG_0515,4,Yield_Sign,32x32,3
IMG_0516,4,Yield_Sign,32x32,3
IMG_0517,4,Yield_Sign,32x32,3
IMG_0518,4,Yield_Sign,32x32,3
IMG_0519,4,Yield_Sign,32x32,3
IMG_0520,4,Yield_Sign,32x32,3
IMG_0521,4,Yield_Sign,32x32,3
IMG_0522,4,Yield_Sign,32x32,3
IMG_0523,4,Yield_Sign,32x32,3
IMG_0524,4,Yield_Sign,32x32,3
IMG_0525,4,Yield_Sign,32x32,3
IMG_0526,4,Yield_Sign,32x32,3
IMG_0527,4,Yield_Sign,32x32,3
IMG_0528,4,Yield_Sign,32x32,3
IMG_0529,4,Yield_Sign,32x32,3
IMG_0530,4,Yield_Sign,32x32,3
IMG_0531,4,Yield_Sign,32x32,3
IMG_0532,4,Yield_Sign,32x32,3
IMG_0533,4,Yield_Sign,32x32,3
IMG_0534,4,Yield_Sign,32x32,3
IMG_0535,4,Yield_Sign,32x32,3
IMG_0536,4,Yield_Sign,32x32,3
IMG_0537,4,Yield_Sign,32x32,3
IMG_0538,4,Yield_Sign,32x32,3
IMG_0539,4,Yield_Sign,32x32,3
IMG_0540,4,Yield_Sign,32x32,3
IMG_0541,4,Yield_Sign,32x32,3
IMG_0542,4,Yield_Sign,32x32,3
IMG_0543,4,Yield_Sign,32x32,3
IMG_0544,4,Yield_Sign,32x32,3
IMG_0545,4,Yield_Sign,32x32,3
IMG_0546,4,Yield_Sign,32x32,3
IMG_0547,4,Yield_Sign,32x32,3
IMG_0548,4,Yield_Sign,32x32,3
IMG_0549,4,Yield_Sign,32x32,3
IMG_0550,4,Yield_Sign,32x32,3
IMG_0551,4,Yield_Sign,32x32,3
IMG_0552,4,Yield_Sign,32x32,3
IMG_0553,4,Yield_Sign,32x32,3
IMG_0554,4,Yield_Sign,32x32,3
IMG_0555,4,Yield_Sign,32x32,3
IMG_0556,4,Yield_Sign,32x32,3
IMG_0557,4,Yield_Sign,32x32,3
IMG_0558,4,Yield_Sign,32x32,3
IMG_0559,4,Yield_Sign,32x32,3
IMG_0560,4,Yield_Sign,32x32,3
IMG_0561,4,Yield_Sign,32x32,3
IMG_0562,4,Yield_Sign,32x32,3
IMG_0563,4,Yield_Sign,32x32,3
IMG_0564,4,Yield_Sign,32x32,3
IMG_0565,4,Yield_Sign,32x32,3
IMG_0566,4,Yield_Sign,32x32,3
IMG_0567,4,Yield_Sign,32x32,3
IMG_0568,4,Yield_Sign,32x32,3
IMG_0569,4,Yield_Sign,32x32,3
IMG_0570,4,Yield_Sign,32x32,3
IMG_0571,4,Yield_Sign,32x32,3
IMG_0572,4,Yield_Sign,32x32,3
IMG_0573,4,Yield_Sign,32x32,3
IMG_0574,4,Yield_Sign,32x32,3
IMG_0575,4,Yield_Sign,32x32,3
IMG_0576,4,Yield_Sign,32x32,3
IMG_0577,4,Yield_Sign,32x32,3
IMG_0578,4,Yield_Sign,32x32,3
IMG_0579,4,Yield_Sign,32x32,3
IMG_0580,4,Yield_Sign,32x32,3
IMG_0581,4,Yield_Sign,32x32,3
IMG_0582,4,Yield_Sign,32x32,3
IMG_0583,4,Yield_Sign,32x32,3
IMG_0584,4,Yield_Sign,32x32,3
IMG_0585,4,Yield_Sign,32x32,3
IMG_0586,4,Yield_Sign,32x32,3
IMG_0587,4,Yield_Sign,32x32,3
IMG_0588,4,Yield_Sign,32x32,3
IMG_0589,4,Yield_Sign,32x32,3
IMG_0590,4,Yield_Sign,32x32,3
IMG_0591,4,Yield_Sign,32x32,3
IMG_0592,4,Yield_Sign,32x32,3
IMG_0593,4,Yield_Sign,32x32,3
IMG_0594,4,Yield_Sign,32x32,3
IMG_0595,4,Yield_Sign,32x32,3
IMG_0596,4,Yield_Sign,32x32,3
IMG_0597,4,Yield_Sign,32x32,3
IMG_0598,4,Yield_Sign,32x32,3
IMG_0599,4,Yield_Sign,32x32,3
IMG_0600,4,Yield_Sign,32x32,3
IMG_0601,5,No_Entry,32x32,3
IMG_0602,5,No_Entry,32x32,3
IMG_0603,5,No_Entry,32x32,3
IMG_0604,5,No_Entry,32x32,3
IMG_0605,5,No_Entry,32x32,3
IMG_0606,5,No_Entry,32x32,3
IMG_0607,5,No_Entry,32x32,3
IMG_0608,5,No_Entry,32x32,3
IMG_0609,5,No_Entry,32x32,3
IMG_0610,5,No_Entry,32x32,3
IMG_0611,5,No_Entry,32x32,3
IMG_0612,5,No_Entry,32x32,3
IMG_0613,5,No_Entry,32x32,3
IMG_0614,5,No_Entry,32x32,3
IMG_0615,5,No_Entry,32x32,3
IMG_0616,5,No_Entry,32x32,3
IMG_0617,5,No_Entry,32x32,3
IMG_0618,5,No_Entry,32x32,3
IMG_0619,5,No_Entry,32x32,3
IMG_0620,5,No_Entry,32x32,3
IMG_0621,5,No_Entry,32x32,3
IMG_0622,5,No_Entry,32x32,3
IMG_0623,5,No_Entry,32x32,3
IMG_0624,5,No_Entry,32x32,3
IMG_0625,5,No_Entry,32x32,3
IMG_0626,5,No_Entry,32x32,3
IMG_0627,5,No_Entry,32x32,3
IMG_0628,5,No_Entry,32x32,3
IMG_0629,5,No_Entry,32x32,3
IMG_0630,5,No_Entry,32x32,3
IMG_0631,5,No_Entry,32x32,3
IMG_0632,5,No_Entry,32x32,3
IMG_0633,5,No_Entry,32x32,3
IMG_0634,5,No_Entry,32x32,3
IMG_0635,5,No_Entry,32x32,3
IMG_0636,5,No_Entry,32x32,3
IMG_0637,5,No_Entry,32x32,3
IMG_0638,5,No_Entry,32x32,3
IMG_0639,5,No_Entry,32x32,3
IMG_0640,5,No_Entry,32x32,3
IMG_0641,5,No_Entry,32x32,3
IMG_0642,5,No_Entry,32x32,3
IMG_0643,5,No_Entry,32x32,3
IMG_0644,5,No_Entry,32x32,3
IMG_0645,5,No_Entry,32x32,3
IMG_0646,5,No_Entry,32x32,3
IMG_0647,5,No_Entry,32x32,3
IMG_0648,5,No_Entry,32x32,3
IMG_0649,5,No_Entry,32x32,3
IMG_0650,5,No_Entry,32x32,3
IMG_0651,5,No_Entry,32x32,3
IMG_0652,5,No_Entry,32x32,3
IMG_0653,5,No_Entry,32x32,3
IMG_0654,5,No_Entry,32x32,3
IMG_0655,5,No_Entry,32x32,3
IMG_0656,5,No_Entry,32x32,3
IMG_0657,5,No_Entry,32x32,3
IMG_0658,5,No_Entry,32x32,3
IMG_0659,5,No_Entry,32x32,3
IMG_0660,5,No_Entry,32x32,3
IMG_0661,5,No_Entry,32x32,3
IMG_0662,5,No_Entry,32x32,3
IMG_0663,5,No_Entry,32x32,3
IMG_0664,5,No_Entry,32x32,3
IMG_0665,5,No_Entry,32x32,3
IMG_0666,5,No_Entry,32x32,3
IMG_0667,5,No_Entry,32x32,3
IMG_0668,5,No_Entry,32x32,3
IMG_0669,5,No_Entry,32x32,3
IMG_0670,5,No_Entry,32x32,3
IMG_0671,5,No_Entry,32x32,3
IMG_0672,5,No_Entry,32x32,3
IMG_0673,5,No_Entry,32x32,3
IMG_0674,5,No_Entry,32x32,3
IMG_0675,5,No_Entry,32x32,3
IMG_0676,5,No_Entry,32x32,3
IMG_0677,5,No_Entry,32x32,3
IMG_0678,5,No_Entry,32x32,3
IMG_0679,5,No_Entry,32x32,3
IMG_0680,5,No_Entry,32x32,3
IMG_0681,5,No_Entry,32x32,3
IMG_0682,5,No_Entry,32x32,3
IMG_0683,5,No_Entry,32x32,3
IMG_0684,5,No_Entry,32x32,3
IMG_0685,5,No_Entry,32x32,3
IMG_0686,5,No_Entry,32x32,3
IMG_0687,5,No_Entry,32x32,3
IMG_0688,5,No_Entry,32x32,3
IMG_0689,5,No_Entry,32x32,3
IMG_0690,5,No_Entry,32x32,3
IMG_0691,5,No_Entry,32x32,3
IMG_0692,5,No_Entry,32x32,3
IMG_0693,5,No_Entry,32x32,3
IMG_0694,5,No_Entry,32x32,3
IMG_0695,5,No_Entry,32x32,3
IMG_0696,5,No_Entry,32x32,3
IMG_0697,5,No_Entry,32x32,3
IMG_0698,5,No_Entry,32x32,3
IMG_0699,5,No_Entry,32x32,3
IMG_0700,5,No_Entry,32x32,3
IMG_0701,5,No_Entry,32x32,3
IMG_0702,5,No_Entry,32x32,3
IMG_0703,5,No_Entry,32x32,3
IMG_0704,5,No_Entry,32x32,3
IMG_0705,5,No_Entry,32x32,3
IMG_0706,5,No_Entry,32x32,3
IMG_0707,5,No_Entry,32x32,3
IMG_0708,5,No_Entry,32x32,3
IMG_0709,5,No_Entry,32x32,3
IMG_0710,5,No_Entry,32x32,3
IMG_0711,5,No_Entry,32x32,3
IMG_0712,5,No_Entry,32x32,3
IMG_0713,5,No_Entry,32x32,3
IMG_0714,5,No_Entry,32x32,3
IMG_0715,5,No_Entry,32x32,3
IMG_0716,5,No_Entry,32x32,3
IMG_0717,5,No_Entry,32x32,3
IMG_0718,5,No_Entry,32x32,3
IMG_0719,5,No_Entry,32x32,3
IMG_0720,5,No_Entry,32x32,3
IMG_0721,6,Turn_Right,32x32,3
IMG_0722,6,Turn_Right,32x32,3
IMG_0723,6,Turn_Right,32x32,3
IMG_0724,6,Turn_Right,32x32,3
IMG_0725,6,Turn_Right,32x32,3
IMG_0726,6,Turn_Right,32x32,3
IMG_0727,6,Turn_Right,32x32,3
IMG_0728,6,Turn_Right,32x32,3
IMG_0729,6,Turn_Right,32x32,3
IMG_0730,6,Turn_Right,32x32,3
IMG_0731,6,Turn_Right,32x32,3
IMG_0732,6,Turn_Right,32x32,3
IMG_0733,6,Turn_Right,32x32,3
IMG_0734,6,Turn_Right,32x32,3
IMG_0735,6,Turn_Right,32x32,3
IMG_0736,6,Turn_Right,32x32,3
IMG_0737,6,Turn_Right,32x32,3
IMG_0738,6,Turn_Right,32x32,3
IMG_0739,6,Turn_Right,32x32,3
IMG_0740,6,Turn_Right,32x32,3
IMG_0741,6,Turn_Right,32x32,3
IMG_0742,6,Turn_Right,32x32,3
IMG_0743,6,Turn_Right,32x32,3
IMG_0744,6,Turn_Right,32x32,3
IMG_0745,6,Turn_Right,32x32,3
IMG_0746,6,Turn_Right,32x32,3
IMG_0747,6,Turn_Right,32x32,3
IMG_0748,6,Turn_Right,32x32,3
IMG_0749,6,Turn_Right,32x32,3
IMG_0750,6,Turn_Right,32x32,3
IMG_0751,6,Turn_Right,32x32,3
IMG_0752,6,Turn_Right,32x32,3
IMG_0753,6,Turn_Right,32x32,3
IMG_0754,6,Turn_Right,32x32,3
IMG_0755,6,Turn_Right,32x32,3
IMG_0756,6,Turn_Right,32x32,3
IMG_0757,6,Turn_Right,32x32,3
IMG_0758,6,Turn_Right,32x32,3
IMG_0759,6,Turn_Right,32x32,3
IMG_0760,6,Turn_Right,32x32,3
IMG_0761,6,Turn_Right,32x32,3
IMG_0762,6,Turn_Right,32x32,3
IMG_0763,6,Turn_Right,32x32,3
IMG_0764,6,Turn_Right,32x32,3
IMG_0765,6,Turn_Right,32x32,3
IMG_0766,6,Turn_Right,32x32,3
IMG_0767,6,Turn_Right,32x32,3
IMG_0768,6,Turn_Right,32x32,3
IMG_0769,6,Turn_Right,32x32,3
IMG_0770,6,Turn_Right,32x32,3
IMG_0771,6,Turn_Right,32x32,3
IMG_0772,6,Turn_Right,32x32,3
IMG_0773,6,Turn_Right,32x32,3
IMG_0774,6,Turn_Right,32x32,3
IMG_0775,6,Turn_Right,32x32,3
IMG_0776,6,Turn_Right,32x32,3
IMG_0777,6,Turn_Right,32x32,3
IMG_0778,6,Turn_Right,32x32,3
IMG_0779,6,Turn_Right,32x32,3
IMG_0780,6,Turn_Right,32x32,3
IMG_0781,6,Turn_Right,32x32,3
IMG_0782,6,Turn_Right,32x32,3
IMG_0783,6,Turn_Right,32x32,3
IMG_0784,6,Turn_Right,32x32,3
IMG_0785,6,Turn_Right,32x32,3
IMG_0786,6,Turn_Right,32x32,3
IMG_0787,6,Turn_Right,32x32,3
IMG_0788,6,Turn_Right,32x32,3
IMG_0789,6,Turn_Right,32x32,3
IMG_0790,6,Turn_Right,32x32,3
IMG_0791,6,Turn_Right,32x32,3
IMG_0792,6,Turn_Right,32x32,3
IMG_0793,6,Turn_Right,32x32,3
IMG_0794,6,Turn_Right,32x32,3
IMG_0795,6,Turn_Right,32x32,3
IMG_0796,6,Turn_Right,32x32,3
IMG_0797,6,Turn_Right,32x32,3
IMG_0798,6,Turn_Right,32x32,3
IMG_0799,6,Turn_Right,32x32,3
IMG_0800,6,Turn_Right,32x32,3
IMG_0801,6,Turn_Right,32x32,3
IMG_0802,6,Turn_Right,32x32,3
IMG_0803,6,Turn_Right,32x32,3
IMG_0804,6,Turn_Right,32x32,3
IMG_0805,6,Turn_Right,32x32,3
IMG_0806,6,Turn_Right,32x32,3
IMG_0807,6,Turn_Right,32x32,3
IMG_0808,6,Turn_Right,32x32,3
IMG_0809,6,Turn_Right,32x32,3
IMG_0810,6,Turn_Right,32x32,3
IMG_0811,6,Turn_Right,32x32,3
IMG_0812,6,Turn_Right,32x32,3
IMG_0813,6,Turn_Right,32x32,3
IMG_0814,6,Turn_Right,32x32,3
IMG_0815,6,Turn_Right,32x32,3
IMG_0816,6,Turn_Right,32x32,3
IMG_0817,6,Turn_Right,32x32,3
IMG_0818,6,Turn_Right,32x32,3
IMG_0819,6,Turn_Right,32x32,3
IMG_0820,6,Turn_Right,32x32,3
IMG_0821,6,Turn_Right,32x32,3
IMG_0822,6,Turn_Right,32x32,3
IMG_0823,6,Turn_Right,32x32,3
IMG_0824,6,Turn_Right,32x32,3
IMG_0825,6,Turn_Right,32x32,3
IMG_0826,6,Turn_Right,32x32,3
IMG_0827,6,Turn_Right,32x32,3
IMG_0828,6,Turn_Right,32x32,3
IMG_0829,6,Turn_Right,32x32,3
IMG_0830,6,Turn_Right,32x32,3
IMG_0831,6,Turn_Right,32x32,3
IMG_0832,6,Turn_Right,32x32,3
IMG_0833,6,Turn_Right,32x32,3
IMG_0834,6,Turn_Right,32x32,3
IMG_0835,6,Turn_Right,32x32,3
IMG_0836,6,Turn_Right,32x32,3
IMG_0837,6,Turn_Right,32x32,3
IMG_0838,6,Turn_Right,32x32,3
IMG_0839,6,Turn_Right,32x32,3
IMG_0840,6,Turn_Right,32x32,3
IMG_0841,7,Turn_Left,32x32,3
IMG_0842,7,Turn_Left,32x32,3
IMG_0843,7,Turn_Left,32x32,3
IMG_0844,7,Turn_Left,32x32,3
IMG_0845,7,Turn_Left,32x32,3
IMG_0846,7,Turn_Left,32x32,3
IMG_0847,7,Turn_Left,32x32,3
IMG_0848,7,Turn_Left,32x32,3
IMG_0849,7,Turn_Left,32x32,3
IMG_0850,7,Turn_Left,32x32,3
IMG_0851,7,Turn_Left,32x32,3
IMG_0852,7,Turn_Left,32x32,3
IMG_0853,7,Turn_Left,32x32,3
IMG_0854,7,Turn_Left,32x32,3
IMG_0855,7,Turn_Left,32x32,3
IMG_0856,7,Turn_Left,32x32,3
IMG_0857,7,Turn_Left,32x32,3
IMG_0858,7,Turn_Left,32x32,3
IMG_0859,7,Turn_Left,32x32,3
IMG_0860,7,Turn_Left,32x32,3
IMG_0861,7,Turn_Left,32x32,3
IMG_0862,7,Turn_Left,32x32,3
IMG_0863,7,Turn_Left,32x32,3
IMG_0864,7,Turn_Left,32x32,3
IMG_0865,7,Turn_Left,32x32,3
IMG_0866,7,Turn_Left,32x32,3
IMG_0867,7,Turn_Left,32x32,3
IMG_0868,7,Turn_Left,32x32,3
IMG_0869,7,Turn_Left,32x32,3
IMG_0870,7,Turn_Left,32x32,3
IMG_0871,7,Turn_Left,32x32,3
IMG_0872,7,Turn_Left,32x32,3
IMG_0873,7,Turn_Left,32x32,3
IMG_0874,7,Turn_Left,32x32,3
IMG_0875,7,Turn_Left,32x32,3
IMG_0876,7,Turn_Left,32x32,3
IMG_0877,7,Turn_Left,32x32,3
IMG_0878,7,Turn_Left,32x32,3
IMG_0879,7,Turn_Left,32x32,3
IMG_0880,7,Turn_Left,32x32,3
IMG_0881,7,Turn_Left,32x32,3
IMG_0882,7,Turn_Left,32x32,3
IMG_0883,7,Turn_Left,32x32,3
IMG_0884,7,Turn_Left,32x32,3
IMG_0885,7,Turn_Left,32x32,3
IMG_0886,7,Turn_Left,32x32,3
IMG_0887,7,Turn_Left,32x32,3
IMG_0888,7,Turn_Left,32x32,3
IMG_0889,7,Turn_Left,32x32,3
IMG_0890,7,Turn_Left,32x32,3
IMG_0891,7,Turn_Left,32x32,3
IMG_0892,7,Turn_Left,32x32,3
IMG_0893,7,Turn_Left,32x32,3
IMG_0894,7,Turn_Left,32x32,3
IMG_0895,7,Turn_Left,32x32,3
IMG_0896,7,Turn_Left,32x32,3
IMG_0897,7,Turn_Left,32x32,3
IMG_0898,7,Turn_Left,32x32,3
IMG_0899,7,Turn_Left,32x32,3
IMG_0900,7,Turn_Left,32x32,3
IMG_0901,7,Turn_Left,32x32,3
IMG_0902,7,Turn_Left,32x32,3
IMG_0903,7,Turn_Left,32x32,3
IMG_0904,7,Turn_Left,32x32,3
IMG_0905,7,Turn_Left,32x32,3
IMG_0906,7,Turn_Left,32x32,3
IMG_0907,7,Turn_Left,32x32,3
IMG_0908,7,Turn_Left,32x32,3
IMG_0909,7,Turn_Left,32x32,3
IMG_0910,7,Turn_Left,32x32,3
IMG_0911,7,Turn_Left,32x32,3
IMG_0912,7,Turn_Left,32x32,3
IMG_0913,7,Turn_Left,32x32,3
IMG_0914,7,Turn_Left,32x32,3
IMG_0915,7,Turn_Left,32x32,3
IMG_0916,7,Turn_Left,32x32,3
IMG_0917,7,Turn_Left,32x32,3
IMG_0918,7,Turn_Left,32x32,3
IMG_0919,7,Turn_Left,32x32,3
IMG_0920,7,Turn_Left,32x32,3
IMG_0921,7,Turn_Left,32x32,3
IMG_0922,7,Turn_Left,32x32,3
IMG_0923,7,Turn_Left,32x32,3
IMG_0924,7,Turn_Left,32x32,3
IMG_0925,7,Turn_Left,32x32,3
IMG_0926,7,Turn_Left,32x32,3
IMG_0927,7,Turn_Left,32x32,3
IMG_0928,7,Turn_Left,32x32,3
IMG_0929,7,Turn_Left,32x32,3
IMG_0930,7,Turn_Left,32x32,3
IMG_0931,7,Turn_Left,32x32,3
IMG_0932,7,Turn_Left,32x32,3
IMG_0933,7,Turn_Left,32x32,3
IMG_0934,7,Turn_Left,32x32,3
IMG_0935,7,Turn_Left,32x32,3
IMG_0936,7,Turn_Left,32x32,3
IMG_0937,7,Turn_Left,32x32,3
IMG_0938,7,Turn_Left,32x32,3
IMG_0939,7,Turn_Left,32x32,3
IMG_0940,7,Turn_Left,32x32,3
IMG_0941,7,Turn_Left,32x32,3
IMG_0942,7,Turn_Left,32x32,3
IMG_0943,7,Turn_Left,32x32,3
IMG_0944,7,Turn_Left,32x32,3
IMG_0945,7,Turn_Left,32x32,3
IMG_0946,7,Turn_Left,32x32,3
IMG_0947,7,Turn_Left,32x32,3
IMG_0948,7,Turn_Left,32x32,3
IMG_0949,7,Turn_Left,32x32,3
IMG_0950,7,Turn_Left,32x32,3
IMG_0951,7,Turn_Left,32x32,3
IMG_0952,7,Turn_Left,32x32,3
IMG_0953,7,Turn_Left,32x32,3
IMG_0954,7,Turn_Left,32x32,3
IMG_0955,7,Turn_Left,32x32,3
IMG_0956,7,Turn_Left,32x32,3
IMG_0957,7,Turn_Left,32x32,3
IMG_0958,7,Turn_Left,32x32,3
IMG_0959,7,Turn_Left,32x32,3
IMG_0960,7,Turn_Left,32x32,3
IMG_0961,8,Pedestrians,32x32,3
IMG_0962,8,Pedestrians,32x32,3
IMG_0963,8,Pedestrians,32x32,3
IMG_0964,8,Pedestrians,32x32,3
IMG_0965,8,Pedestrians,32x32,3
IMG_0966,8,Pedestrians,32x32,3
IMG_0967,8,Pedestrians,32x32,3
IMG_0968,8,Pedestrians,32x32,3
IMG_0969,8,Pedestrians,32x32,3
IMG_0970,8,Pedestrians,32x32,3
IMG_0971,8,Pedestrians,32x32,3
IMG_0972,8,Pedestrians,32x32,3
IMG_0973,8,Pedestrians,32x32,3
IMG_0974,8,Pedestrians,32x32,3
IMG_0975,8,Pedestrians,32x32,3
IMG_0976,8,Pedestrians,32x32,3
IMG_0977,8,Pedestrians,32x32,3
IMG_0978,8,Pedestrians,32x32,3
IMG_0979,8,Pedestrians,32x32,3
IMG_0980,8,Pedestrians,32x32,3
IMG_0981,8,Pedestrians,32x32,3
IMG_0982,8,Pedestrians,32x32,3
IMG_0983,8,Pedestrians,32x32,3
IMG_0984,8,Pedestrians,32x32,3
IMG_0985,8,Pedestrians,32x32,3
IMG_0986,8,Pedestrians,32x32,3
IMG_0987,8,Pedestrians,32x32,3
IMG_0988,8,Pedestrians,32x32,3
IMG_0989,8,Pedestrians,32x32,3
IMG_0990,8,Pedestrians,32x32,3
IMG_0991,8,Pedestrians,32x32,3
IMG_0992,8,Pedestrians,32x32,3
IMG_0993,8,Pedestrians,32x32,3
IMG_0994,8,Pedestrians,32x32,3
IMG_0995,8,Pedestrians,32x32,3
IMG_0996,8,Pedestrians,32x32,3
IMG_0997,8,Pedestrians,32x32,3
IMG_0998,8,Pedestrians,32x32,3
IMG_0999,8,Pedestrians,32x32,3
IMG_1000,8,Pedestrians,32x32,3
IMG_1001,8,Pedestrians,32x32,3
IMG_1002,8,Pedestrians,32x32,3
IMG_1003,8,Pedestrians,32x32,3
IMG_1004,8,Pedestrians,32x32,3
IMG_1005,8,Pedestrians,32x32,3
IMG_1006,8,Pedestrians,32x32,3
IMG_1007,8,Pedestrians,32x32,3
IMG_1008,8,Pedestrians,32x32,3
IMG_1009,8,Pedestrians,32x32,3
IMG_1010,8,Pedestrians,32x32,3
IMG_1011,8,Pedestrians,32x32,3
IMG_1012,8,Pedestrians,32x32,3
IMG_1013,8,Pedestrians,32x32,3
IMG_1014,8,Pedestrians,32x32,3
IMG_1015,8,Pedestrians,32x32,3
IMG_1016,8,Pedestrians,32x32,3
IMG_1017,8,Pedestrians,32x32,3
IMG_1018,8,Pedestrians,32x32,3
IMG_1019,8,Pedestrians,32x32,3
IMG_1020,8,Pedestrians,32x32,3
IMG_1021,8,Pedestrians,32x32,3
IMG_1022,8,Pedestrians,32x32,3
IMG_1023,8,Pedestrians,32x32,3
IMG_1024,8,Pedestrians,32x32,3
IMG_1025,8,Pedestrians,32x32,3
IMG_1026,8,Pedestrians,32x32,3
IMG_1027,8,Pedestrians,32x32,3
IMG_1028,8,Pedestrians,32x32,3
IMG_1029,8,Pedestrians,32x32,3
IMG_1030,8,Pedestrians,32x32,3
IMG_1031,8,Pedestrians,32x32,3
IMG_1032,8,Pedestrians,32x32,3
IMG_1033,8,Pedestrians,32x32,3
IMG_1034,8,Pedestrians,32x32,3
IMG_1035,8,Pedestrians,32x32,3
IMG_1036,8,Pedestrians,32x32,3
IMG_1037,8,Pedestrians,32x32,3
IMG_1038,8,Pedestrians,32x32,3
IMG_1039,8,Pedestrians,32x32,3
IMG_1040,8,Pedestrians,32x32,3
IMG_1041,8,Pedestrians,32x32,3
IMG_1042,8,Pedestrians,32x32,3
IMG_1043,8,Pedestrians,32x32,3
IMG_1044,8,Pedestrians,32x32,3
IMG_1045,8,Pedestrians,32x32,3
IMG_1046,8,Pedestrians,32x32,3
IMG_1047,8,Pedestrians,32x32,3
IMG_1048,8,Pedestrians,32x32,3
IMG_1049,8,Pedestrians,32x32,3
IMG_1050,8,Pedestrians,32x32,3
IMG_1051,8,Pedestrians,32x32,3
IMG_1052,8,Pedestrians,32x32,3
IMG_1053,8,Pedestrians,32x32,3
IMG_1054,8,Pedestrians,32x32,3
IMG_1055,8,Pedestrians,32x32,3
IMG_1056,8,Pedestrians,32x32,3
IMG_1057,8,Pedestrians,32x32,3
IMG_1058,8,Pedestrians,32x32,3
IMG_1059,8,Pedestrians,32x32,3
IMG_1060,8,Pedestrians,32x32,3
IMG_1061,8,Pedestrians,32x32,3
IMG_1062,8,Pedestrians,32x32,3
IMG_1063,8,Pedestrians,32x32,3
IMG_1064,8,Pedestrians,32x32,3
IMG_1065,8,Pedestrians,32x32,3
IMG_1066,8,Pedestrians,32x32,3
IMG_1067,8,Pedestrians,32x32,3
IMG_1068,8,Pedestrians,32x32,3
IMG_1069,8,Pedestrians,32x32,3
IMG_1070,8,Pedestrians,32x32,3
IMG_1071,8,Pedestrians,32x32,3
IMG_1072,8,Pedestrians,32x32,3
IMG_1073,8,Pedestrians,32x32,3
IMG_1074,8,Pedestrians,32x32,3
IMG_1075,8,Pedestrians,32x32,3
IMG_1076,8,Pedestrians,32x32,3
IMG_1077,8,Pedestrians,32x32,3
IMG_1078,8,Pedestrians,32x32,3
IMG_1079,8,Pedestrians,32x32,3
IMG_1080,8,Pedestrians,32x32,3
IMG_1081,9,Traffic_Signal,32x32,3
IMG_1082,9,Traffic_Signal,32x32,3
IMG_1083,9,Traffic_Signal,32x32,3
IMG_1084,9,Traffic_Signal,32x32,3
IMG_1085,9,Traffic_Signal,32x32,3
IMG_1086,9,Traffic_Signal,32x32,3
IMG_1087,9,Traffic_Signal,32x32,3
IMG_1088,9,Traffic_Signal,32x32,3
IMG_1089,9,Traffic_Signal,32x32,3
IMG_1090,9,Traffic_Signal,32x32,3
IMG_1091,9,Traffic_Signal,32x32,3
IMG_1092,9,Traffic_Signal,32x32,3
IMG_1093,9,Traffic_Signal,32x32,3
IMG_1094,9,Traffic_Signal,32x32,3
IMG_1095,9,Traffic_Signal,32x32,3
IMG_1096,9,Traffic_Signal,32x32,3
IMG_1097,9,Traffic_Signal,32x32,3
IMG_1098,9,Traffic_Signal,32x32,3
IMG_1099,9,Traffic_Signal,32x32,3
IMG_1100,9,Traffic_Signal,32x32,3
IMG_1101,9,Traffic_Signal,32x32,3
IMG_1102,9,Traffic_Signal,32x32,3
IMG_1103,9,Traffic_Signal,32x32,3
IMG_1104,9,Traffic_Signal,32x32,3
IMG_1105,9,Traffic_Signal,32x32,3
IMG_1106,9,Traffic_Signal,32x32,3
IMG_1107,9,Traffic_Signal,32x32,3
IMG_1108,9,Traffic_Signal,32x32,3
IMG_1109,9,Traffic_Signal,32x32,3
IMG_1110,9,Traffic_Signal,32x32,3
IMG_1111,9,Traffic_Signal,32x32,3
IMG_1112,9,Traffic_Signal,32x32,3
IMG_1113,9,Traffic_Signal,32x32,3
IMG_1114,9,Traffic_Signal,32x32,3
IMG_1115,9,Traffic_Signal,32x32,3
IMG_1116,9,Traffic_Signal,32x32,3
IMG_1117,9,Traffic_Signal,32x32,3
IMG_1118,9,Traffic_Signal,32x32,3
IMG_1119,9,Traffic_Signal,32x32,3
IMG_1120,9,Traffic_Signal,32x32,3
IMG_1121,9,Traffic_Signal,32x32,3
IMG_1122,9,Traffic_Signal,32x32,3
IMG_1123,9,Traffic_Signal,32x32,3
IMG_1124,9,Traffic_Signal,32x32,3
IMG_1125,9,Traffic_Signal,32x32,3
IMG_1126,9,Traffic_Signal,32x32,3
IMG_1127,9,Traffic_Signal,32x32,3
IMG_1128,9,Traffic_Signal,32x32,3
IMG_1129,9,Traffic_Signal,32x32,3
IMG_1130,9,Traffic_Signal,32x32,3
IMG_1131,9,Traffic_Signal,32x32,3
IMG_1132,9,Traffic_Signal,32x32,3
IMG_1133,9,Traffic_Signal,32x32,3
IMG_1134,9,Traffic_Signal,32x32,3
IMG_1135,9,Traffic_Signal,32x32,3
IMG_1136,9,Traffic_Signal,32x32,3
IMG_1137,9,Traffic_Signal,32x32,3
IMG_1138,9,Traffic_Signal,32x32,3
IMG_1139,9,Traffic_Signal,32x32,3
IMG_1140,9,Traffic_Signal,32x32,3
IMG_1141,9,Traffic_Signal,32x32,3
IMG_1142,9,Traffic_Signal,32x32,3
IMG_1143,9,Traffic_Signal,32x32,3
IMG_1144,9,Traffic_Signal,32x32,3
IMG_1145,9,Traffic_Signal,32x32,3
IMG_1146,9,Traffic_Signal,32x32,3
IMG_1147,9,Traffic_Signal,32x32,3
IMG_1148,9,Traffic_Signal,32x32,3
IMG_1149,9,Traffic_Signal,32x32,3
IMG_1150,9,Traffic_Signal,32x32,3
IMG_1151,9,Traffic_Signal,32x32,3
IMG_1152,9,Traffic_Signal,32x32,3
IMG_1153,9,Traffic_Signal,32x32,3
IMG_1154,9,Traffic_Signal,32x32,3
IMG_1155,9,Traffic_Signal,32x32,3
IMG_1156,9,Traffic_Signal,32x32,3
IMG_1157,9,Traffic_Signal,32x32,3
IMG_1158,9,Traffic_Signal,32x32,3
IMG_1159,9,Traffic_Signal,32x32,3
IMG_1160,9,Traffic_Signal,32x32,3
IMG_1161,9,Traffic_Signal,32x32,3
IMG_1162,9,Traffic_Signal,32x32,3
IMG_1163,9,Traffic_Signal,32x32,3
IMG_1164,9,Traffic_Signal,32x32,3
IMG_1165,9,Traffic_Signal,32x32,3
IMG_1166,9,Traffic_Signal,32x32,3
IMG_1167,9,Traffic_Signal,32x32,3
IMG_1168,9,Traffic_Signal,32x32,3
IMG_1169,9,Traffic_Signal,32x32,3
IMG_1170,9,Traffic_Signal,32x32,3
IMG_1171,9,Traffic_Signal,32x32,3
IMG_1172,9,Traffic_Signal,32x32,3
IMG_1173,9,Traffic_Signal,32x32,3
IMG_1174,9,Traffic_Signal,32x32,3
IMG_1175,9,Traffic_Signal,32x32,3
IMG_1176,9,Traffic_Signal,32x32,3
IMG_1177,9,Traffic_Signal,32x32,3
IMG_1178,9,Traffic_Signal,32x32,3
IMG_1179,9,Traffic_Signal,32x32,3
IMG_1180,9,Traffic_Signal,32x32,3
IMG_1181,9,Traffic_Signal,32x32,3
IMG_1182,9,Traffic_Signal,32x32,3
IMG_1183,9,Traffic_Signal,32x32,3
IMG_1184,9,Traffic_Signal,32x32,3
IMG_1185,9,Traffic_Signal,32x32,3
IMG_1186,9,Traffic_Signal,32x32,3
IMG_1187,9,Traffic_Signal,32x32,3
IMG_1188,9,Traffic_Signal,32x32,3
IMG_1189,9,Traffic_Signal,32x32,3
IMG_1190,9,Traffic_Signal,32x32,3
IMG_1191,9,Traffic_Signal,32x32,3
IMG_1192,9,Traffic_Signal,32x32,3
IMG_1193,9,Traffic_Signal,32x32,3
IMG_1194,9,Traffic_Signal,32x32,3
IMG_1195,9,Traffic_Signal,32x32,3
IMG_1196,9,Traffic_Signal,32x32,3
IMG_1197,9,Traffic_Signal,32x32,3
IMG_1198,9,Traffic_Signal,32x32,3
IMG_1199,9,Traffic_Signal,32x32,3
IMG_1200,9,Traffic_Signal,32x32,3
